batch_id,production_date,plant_id,machine_id,glass_type,thickness_mm,furnace_temperature_c,cooling_time_sec,pressure_bar,line_speed_mps,raw_material_quality,operator_shift,operator_experience_years,ambient_humidity_pct,furnace_zone,energy_consumption_kwh,produced_units,scrap_units,rework_units,defect_rate,defect_flag,estimated_scrap_cost_eur,packing_delay_min,downtime_min,shipment_status,co2_emissions_kg
1,2024-04-24,Plant_A,M3,Tempered,7.0,1492.54,60.77,3.52,4.86,0.92,Day,8.7,63.44,Zone_3,737.68,716,5,0,0.0086,0,118.56,4.15,6.13,On-Time,302.45
2,2024-03-30,Plant_C,M4,Float,3.23,1501.89,56.53,2.31,8.5,0.94,Day,6.3,64.85,Zone_1,690.6,664,7,0,0.0115,0,117.66,11.8,2.4,On-Time,283.15
3,2024-01-28,Plant_C,M2,Solar,4.32,1549.7,53.24,3.3,7.01,0.92,Day,3.8,62.28,Zone_3,775.8,540,2,0,0.0081,0,75.06,5.69,0.0,On-Time,318.08
4,2024-01-07,Plant_A,M4,Laminated,11.82,1513.41,83.44,2.4,6.36,0.93,Day,8.0,70.61,Zone_1,818.93,634,3,0,0.0055,0,92.25,14.54,9.49,On-Time,335.76
5,2024-12-10,Plant_A,M1,Solar,5.31,1525.44,56.17,3.46,7.3,0.83,Day,8.9,49.55,Zone_2,697.09,587,3,0,0.0083,0,110.85,7.22,7.96,On-Time,285.81
6,2024-02-14,Plant_C,M4,Float,6.61,1479.85,43.54,2.28,7.73,0.87,Weekend,2.7,65.0,Zone_2,618.56,633,48,9,0.0877,1,729.86,38.28,36.87,Delayed,253.61
7,2024-10-27,Plant_C,M5,Laminated,6.62,1499.21,101.84,2.91,6.45,0.93,Night,5.5,40.23,Zone_3,995.23,780,26,12,0.0494,1,678.69,27.36,30.1,Delayed,408.04
8,2024-08-21,Plant_B,M1,Tempered,6.82,1511.85,74.76,3.21,6.65,0.84,Weekend,6.8,40.93,Zone_2,1286.51,1166,7,0,0.0077,0,162.32,11.15,13.89,On-Time,527.47
9,2025-01-08,Plant_A,M3,Laminated,8.28,1499.25,82.62,2.94,4.06,0.93,Day,5.9,53.34,Zone_2,1355.98,1122,7,0,0.008,0,218.57,0.32,0.0,On-Time,555.95
10,2024-03-14,Plant_C,M2,Tempered,7.76,1536.0,85.21,3.48,7.18,0.88,Day,3.9,72.17,Zone_2,1056.66,846,7,0,0.0094,0,182.16,0.0,8.57,On-Time,433.23
11,2024-08-12,Plant_C,M3,Float,6.38,1478.57,62.58,2.86,7.93,0.85,Day,5.4,46.39,Zone_1,405.22,416,4,0,0.012,0,61.53,16.06,5.12,On-Time,166.14
12,2025-02-14,Plant_B,M1,Tempered,9.6,1533.39,69.97,3.44,7.87,0.92,Weekend,7.2,52.99,Zone_3,1122.18,953,5,0,0.009,0,125.21,30.13,25.19,Delayed,460.09
13,2024-11-18,Plant_A,M4,Solar,3.67,1508.56,63.71,4.0,6.14,0.96,Weekend,5.7,51.33,Zone_3,1048.44,876,5,0,0.0076,0,171.2,18.98,15.9,On-Time,429.86
14,2024-09-28,Plant_A,M2,Laminated,13.25,1454.4,89.03,2.78,5.99,0.89,Night,5.9,58.71,Zone_2,667.59,654,4,0,0.0088,0,129.07,18.77,10.26,On-Time,273.71
15,2025-02-12,Plant_B,M2,Tempered,11.71,1521.05,69.25,3.7,7.33,0.84,Day,5.4,68.03,Zone_1,1156.2,998,7,0,0.0114,0,160.59,19.73,0.0,On-Time,474.04
16,2024-04-22,Plant_A,M2,Solar,3.89,1549.42,56.92,3.53,6.5,0.82,Night,5.8,57.79,Zone_2,1173.59,885,7,0,0.0112,0,250.95,23.0,14.43,Delayed,481.17
17,2025-04-24,Plant_C,M3,Float,6.98,1490.06,56.27,2.89,6.16,0.86,Night,5.0,80.9,Zone_1,536.45,538,5,0,0.0106,0,86.57,20.98,0.0,On-Time,219.94
18,2024-09-30,Plant_C,M3,Float,4.36,1495.95,74.0,2.8,6.45,0.96,Day,4.9,41.36,Zone_1,1009.06,1012,6,0,0.0097,0,100.94,9.26,5.19,On-Time,413.71
19,2024-09-26,Plant_C,M2,Float,3.29,1494.46,51.11,2.92,6.41,0.89,Weekend,9.7,37.3,Zone_2,667.43,686,2,0,0.004,0,29.45,19.48,11.96,On-Time,273.65
20,2025-06-03,Plant_C,M2,Tempered,4.75,1552.38,67.81,3.63,6.22,0.86,Day,6.8,61.14,Zone_1,1004.09,766,5,0,0.0092,0,125.88,21.28,13.03,On-Time,411.68
21,2024-01-01,Plant_C,M3,Solar,4.72,1554.99,81.54,3.6,6.04,0.91,Day,8.8,51.21,Zone_2,641.78,426,1,0,0.004,0,32.99,15.53,3.08,On-Time,263.13
22,2024-11-10,Plant_A,M1,Tempered,10.76,1503.31,80.78,3.26,7.09,0.93,Weekend,6.1,41.36,Zone_1,932.74,921,5,0,0.0068,0,114.6,19.29,10.31,On-Time,382.42
23,2025-05-12,Plant_A,M5,Tempered,8.64,1520.97,63.83,3.81,6.9,0.87,Day,8.2,68.73,Zone_2,1198.29,1097,8,1,0.0104,0,212.95,6.87,7.94,On-Time,491.3
24,2024-06-18,Plant_B,M5,Solar,4.72,1526.0,62.56,4.5,5.58,0.95,Weekend,6.5,61.52,Zone_3,687.2,538,5,0,0.0114,0,189.23,29.54,24.88,Delayed,281.75
25,2024-07-24,Plant_C,M3,Solar,5.06,1551.98,82.19,3.73,5.55,0.85,Weekend,1.8,40.39,Zone_3,1547.56,1056,5,0,0.0064,0,156.12,34.02,10.01,Delayed,634.5
26,2025-06-13,Plant_B,M1,Tempered,10.22,1486.18,88.54,4.0,5.52,0.87,Day,6.5,54.98,Zone_2,960.35,956,118,37,0.152,1,2846.44,13.93,16.76,Delayed,393.74
27,2024-08-23,Plant_C,M2,Float,3.41,1440.58,72.48,3.03,9.11,0.79,Day,7.8,43.64,Zone_3,903.34,1110,132,44,0.1539,1,2172.3,27.15,32.92,Delayed,370.37
28,2024-03-10,Plant_A,M3,Float,7.51,1525.18,52.54,2.29,6.43,0.8,Day,5.3,62.59,Zone_2,484.78,473,37,11,0.1376,1,568.09,13.18,30.37,Delayed,198.76
29,2024-08-07,Plant_C,M2,Solar,3.4,1587.06,85.09,3.04,4.9,0.89,Day,8.8,45.32,Zone_2,1304.37,816,8,0,0.0103,0,302.84,22.48,0.0,Delayed,534.79
30,2024-07-13,Plant_A,M1,Solar,5.53,1527.48,66.93,4.17,5.71,0.91,Day,6.6,49.52,Zone_2,672.17,563,2,0,0.0048,0,72.52,5.99,8.0,On-Time,275.59
31,2024-02-25,Plant_C,M1,Float,3.23,1420.48,73.59,2.5,7.48,0.85,Day,12.1,74.06,Zone_2,795.1,1087,10,0,0.0102,0,166.41,16.89,6.32,On-Time,325.99
32,2024-04-21,Plant_A,M2,Tempered,8.44,1522.53,75.26,3.23,6.18,0.9,Night,6.0,78.61,Zone_1,659.71,596,5,0,0.0113,0,121.01,14.43,13.3,On-Time,270.48
33,2024-10-12,Plant_B,M2,Float,4.64,1462.3,44.88,2.85,6.51,0.91,Day,4.4,39.2,Zone_3,528.79,620,47,13,0.0852,1,733.89,22.59,23.7,Delayed,216.8
34,2024-01-16,Plant_A,M2,Tempered,6.78,1518.12,74.77,3.21,5.91,0.85,Day,3.9,58.29,Zone_2,738.96,677,2,0,0.004,0,51.71,5.32,5.33,On-Time,302.97
35,2025-02-14,Plant_A,M2,Solar,5.24,1518.33,65.34,3.48,5.93,0.83,Day,9.5,73.96,Zone_2,1216.12,1012,3,0,0.0043,0,92.48,12.65,8.83,On-Time,498.61
36,2025-04-10,Plant_B,M4,Solar,5.6,1518.27,55.78,3.07,6.12,0.9,Day,3.7,58.49,Zone_2,1150.62,887,84,22,0.1146,1,2939.12,19.13,20.46,Delayed,471.75
37,2024-02-29,Plant_C,M5,Float,6.73,1474.18,52.78,2.53,7.3,0.93,Night,9.0,57.77,Zone_1,1016.27,1124,47,19,0.0578,1,828.57,41.47,26.04,Delayed,416.67
38,2025-05-03,Plant_C,M5,Tempered,4.04,1536.81,81.75,3.57,7.31,0.89,Day,10.4,73.56,Zone_3,1374.78,1106,3,0,0.0047,0,66.62,13.34,0.0,On-Time,563.66
39,2024-07-09,Plant_A,M5,Float,6.05,1491.05,47.87,1.97,7.67,0.88,Night,4.9,47.94,Zone_1,1018.27,1156,9,1,0.0119,0,153.68,7.7,16.01,On-Time,417.49
40,2024-09-09,Plant_C,M5,Float,5.98,1442.62,55.26,2.3,9.05,0.9,Night,3.5,43.34,Zone_2,834.44,1030,117,23,0.1375,1,2020.27,31.85,23.09,Delayed,342.12
41,2025-06-19,Plant_B,M3,Tempered,9.32,1482.42,87.46,3.54,5.78,0.88,Night,7.7,53.72,Zone_2,848.79,815,73,19,0.119,1,1602.48,16.81,29.12,Delayed,348.0
42,2025-02-09,Plant_A,M3,Solar,3.69,1479.64,63.98,4.24,6.3,0.87,Day,7.6,63.18,Zone_1,986.28,923,87,26,0.157,1,2684.02,15.75,24.98,Delayed,404.37
43,2024-04-12,Plant_A,M5,Tempered,8.56,1527.54,67.66,3.53,7.31,0.9,Day,4.3,65.07,Zone_1,555.55,503,3,0,0.0067,0,76.14,23.89,13.98,Delayed,227.78
44,2024-03-11,Plant_A,M3,Laminated,10.79,1471.09,79.06,2.84,4.71,0.95,Day,7.0,72.43,Zone_3,999.95,904,3,0,0.004,0,79.62,14.95,2.38,On-Time,409.98
45,2024-01-09,Plant_C,M5,Laminated,6.62,1503.2,68.38,2.91,6.54,0.82,Weekend,2.4,60.23,Zone_1,1143.72,884,2,0,0.004,0,63.94,11.44,19.11,On-Time,468.93
46,2024-05-17,Plant_B,M1,Float,4.73,1518.94,59.18,2.29,7.21,0.83,Night,4.5,63.97,Zone_1,973.1,983,74,24,0.1003,1,1087.83,23.44,23.39,Delayed,398.97
47,2024-08-03,Plant_C,M3,Tempered,11.97,1593.61,57.48,3.42,6.76,0.89,Night,4.5,44.47,Zone_2,1250.31,839,98,23,0.1539,1,2393.35,47.97,26.41,Delayed,512.63
48,2024-09-14,Plant_A,M1,Solar,4.44,1565.02,55.71,3.69,5.87,0.92,Night,4.4,45.56,Zone_1,888.64,658,26,11,0.0641,1,838.77,26.77,24.46,Delayed,364.34
49,2024-05-13,Plant_C,M3,Tempered,5.85,1539.17,61.61,3.35,6.5,0.86,Night,4.3,69.52,Zone_3,692.1,533,5,0,0.0103,0,116.55,13.87,9.35,On-Time,283.76
50,2024-01-10,Plant_A,M1,Tempered,4.7,1546.99,86.38,3.69,5.56,0.93,Night,6.7,60.39,Zone_2,1248.22,1068,4,0,0.0053,0,95.05,5.55,15.54,On-Time,511.77
51,2024-05-31,Plant_B,M2,Float,5.76,1452.42,78.04,2.39,8.46,0.94,Day,6.4,59.5,Zone_1,444.42,539,3,0,0.0076,0,50.01,6.71,0.0,On-Time,182.21
52,2024-08-03,Plant_C,M2,Float,5.11,1521.27,73.26,3.04,7.74,0.88,Day,9.5,47.02,Zone_3,863.78,821,5,0,0.0095,0,84.89,6.85,0.61,On-Time,354.15
53,2025-02-20,Plant_C,M2,Tempered,6.01,1534.83,76.21,4.27,7.29,0.95,Weekend,3.7,53.87,Zone_1,1001.9,805,2,0,0.0047,0,50.82,26.76,18.95,Delayed,410.78
54,2024-01-26,Plant_A,M3,Solar,4.83,1527.19,86.35,3.91,4.84,0.82,Night,4.5,53.23,Zone_3,863.73,682,2,0,0.004,0,62.79,11.34,17.9,On-Time,354.13
55,2024-09-30,Plant_A,M1,Solar,3.23,1529.23,76.78,4.37,6.14,0.95,Weekend,3.6,45.79,Zone_2,1241.48,1017,2,0,0.004,0,69.0,26.36,17.98,Delayed,509.01
56,2025-04-16,Plant_B,M3,Tempered,4.69,1559.26,81.79,3.66,6.45,0.96,Day,8.8,68.45,Zone_3,909.53,685,6,0,0.0094,0,130.68,14.76,10.91,On-Time,372.91
57,2024-12-02,Plant_B,M1,Laminated,11.58,1520.83,103.7,3.02,7.18,0.95,Day,6.3,46.18,Zone_3,1274.27,971,7,0,0.0088,0,222.22,29.5,0.87,Delayed,522.45
58,2024-12-05,Plant_A,M1,Laminated,10.24,1451.24,85.76,2.61,6.75,0.99,Day,7.6,50.45,Zone_2,1018.1,1034,66,35,0.1144,1,2058.95,21.83,24.28,Delayed,417.42
59,2025-03-20,Plant_B,M3,Solar,5.99,1570.91,66.47,3.44,5.68,0.94,Night,5.5,57.62,Zone_3,1182.65,783,37,9,0.0656,1,1295.24,37.91,27.73,Delayed,484.89
60,2024-07-13,Plant_B,M1,Solar,3.83,1538.61,56.48,3.36,7.55,0.86,Day,8.3,53.87,Zone_3,1039.33,789,6,0,0.0115,0,206.61,25.9,13.0,Delayed,426.13
61,2024-07-20,Plant_B,M4,Float,4.15,1479.61,49.08,2.37,7.92,0.87,Weekend,4.4,48.48,Zone_2,437.95,452,5,0,0.012,0,72.61,30.58,22.27,Delayed,179.56
62,2024-05-07,Plant_C,M3,Laminated,13.16,1514.07,77.6,3.53,4.67,0.85,Night,4.7,68.52,Zone_2,1106.51,805,2,0,0.004,0,58.53,17.05,16.3,On-Time,453.67
63,2024-10-29,Plant_C,M2,Tempered,4.65,1552.28,57.82,3.0,7.33,0.71,Day,4.6,50.85,Zone_2,1331.41,1016,99,31,0.1145,1,2266.62,30.76,26.61,Delayed,545.88
64,2024-06-27,Plant_C,M5,Laminated,7.26,1506.78,70.74,2.74,6.8,0.9,Day,5.1,56.95,Zone_1,1329.6,1015,6,0,0.0108,0,185.06,8.49,3.78,On-Time,545.14
65,2024-08-03,Plant_B,M5,Laminated,7.29,1520.2,82.84,3.25,4.14,0.93,Day,3.2,48.06,Zone_2,863.46,654,2,0,0.0064,0,52.44,6.58,3.65,On-Time,354.02
66,2025-06-07,Plant_B,M2,Float,5.16,1483.27,48.82,3.02,8.43,0.86,Day,7.6,63.26,Zone_3,755.99,828,5,0,0.0082,0,85.35,13.57,2.65,On-Time,309.96
67,2024-12-09,Plant_A,M2,Laminated,6.2,1531.44,90.75,3.08,5.35,0.84,Day,1.7,53.04,Zone_1,808.61,616,54,11,0.1074,1,1704.78,22.61,22.59,Delayed,331.53
68,2024-02-17,Plant_A,M4,Float,7.82,1469.44,53.85,3.19,6.61,0.96,Day,8.4,66.68,Zone_3,810.72,940,5,0,0.0081,0,73.6,2.85,3.49,On-Time,332.4
69,2025-01-28,Plant_B,M4,Tempered,5.23,1566.78,55.66,2.46,6.68,0.92,Day,5.9,70.85,Zone_3,1202.32,884,64,27,0.1271,1,1487.28,22.2,25.04,Delayed,492.95
70,2024-04-19,Plant_B,M2,Tempered,7.64,1521.05,77.2,2.48,5.73,0.93,Night,5.7,61.53,Zone_3,959.26,828,2,0,0.004,0,46.85,15.13,2.16,On-Time,393.3
71,2024-02-21,Plant_C,M2,Float,6.88,1519.51,45.14,2.63,8.64,0.81,Day,4.1,70.66,Zone_2,565.33,540,1,0,0.0045,0,17.47,21.41,16.87,On-Time,231.79
72,2024-11-20,Plant_B,M5,Solar,5.14,1531.25,81.33,4.11,4.94,0.9,Night,6.9,45.55,Zone_3,1244.74,952,2,0,0.004,0,70.93,31.19,14.9,Delayed,510.34
73,2024-06-11,Plant_C,M4,Solar,4.44,1515.73,68.93,4.1,6.14,0.87,Day,8.8,62.32,Zone_1,620.61,458,3,0,0.0089,0,111.28,2.88,4.46,On-Time,254.45
74,2024-10-10,Plant_C,M4,Tempered,9.82,1526.37,67.8,4.0,5.55,0.89,Day,8.8,52.31,Zone_1,1112.91,893,6,0,0.0085,0,141.76,3.69,0.67,On-Time,456.29
75,2024-08-28,Plant_B,M3,Laminated,9.73,1500.23,94.92,3.34,5.03,0.97,Weekend,7.6,45.4,Zone_1,886.64,690,5,0,0.0107,0,146.92,30.01,13.06,Delayed,363.52
76,2024-08-24,Plant_B,M2,Tempered,6.87,1505.58,69.47,3.52,7.66,0.93,Day,3.8,51.16,Zone_2,1217.5,1105,9,0,0.0117,0,233.79,11.78,0.0,On-Time,499.17
77,2025-04-22,Plant_B,M1,Tempered,7.45,1545.28,81.15,2.87,5.69,0.93,Night,7.5,74.47,Zone_2,1274.73,1042,6,0,0.007,0,160.86,18.07,7.9,On-Time,522.64
78,2024-01-21,Plant_C,M4,Solar,3.37,1522.78,58.48,3.94,4.58,0.89,Day,4.5,54.31,Zone_2,866.93,634,43,12,0.0773,1,1481.64,35.32,19.2,Delayed,355.44
79,2025-02-03,Plant_B,M5,Tempered,7.91,1511.84,56.11,3.55,5.83,0.84,Day,7.9,63.84,Zone_2,874.06,786,4,0,0.0051,0,91.56,11.7,5.38,On-Time,358.36
80,2024-01-30,Plant_B,M3,Solar,5.49,1552.21,56.07,3.89,6.46,0.9,Night,6.5,66.45,Zone_2,890.43,619,2,0,0.0044,0,65.52,19.59,8.99,On-Time,365.08
81,2024-01-28,Plant_B,M5,Float,3.55,1517.91,77.18,2.86,7.53,0.93,Day,5.6,52.21,Zone_2,892.06,891,2,0,0.004,0,31.54,9.52,15.57,On-Time,365.74
82,2025-04-17,Plant_A,M1,Laminated,9.59,1482.94,70.23,2.6,4.54,0.99,Day,8.7,63.4,Zone_1,514.62,478,3,0,0.0079,0,87.42,6.2,0.0,On-Time,210.99
83,2024-12-11,Plant_B,M3,Solar,4.18,1579.74,77.76,3.82,5.79,0.88,Day,9.3,51.6,Zone_1,712.52,455,2,0,0.004,0,65.04,5.38,5.8,On-Time,292.13
84,2024-02-23,Plant_B,M2,Float,4.42,1512.36,62.49,2.37,7.07,0.97,Night,6.5,61.8,Zone_3,768.29,771,36,12,0.0547,1,618.94,24.26,21.51,Delayed,315.0
85,2024-02-01,Plant_A,M2,Float,3.93,1473.84,45.31,2.9,8.62,0.93,Night,0.5,63.29,Zone_1,576.31,684,2,0,0.0051,0,35.14,14.16,17.9,On-Time,236.29
86,2024-04-27,Plant_C,M2,Solar,4.06,1566.44,61.89,3.43,6.79,0.97,Night,3.0,68.08,Zone_2,1332.61,883,41,15,0.0579,1,1261.85,33.45,23.89,Delayed,546.37
87,2024-04-27,Plant_A,M3,Float,6.21,1498.21,50.81,3.44,7.03,0.91,Night,10.5,61.82,Zone_2,760.87,815,5,0,0.007,0,82.62,12.4,17.26,On-Time,311.96
88,2025-01-19,Plant_B,M2,Float,4.69,1494.72,52.07,2.7,8.09,0.81,Night,8.3,50.55,Zone_3,935.48,989,8,0,0.0105,0,131.89,21.79,2.93,On-Time,383.55
89,2024-11-04,Plant_C,M5,Float,6.4,1491.58,49.23,2.02,6.34,0.81,Night,1.9,44.25,Zone_3,526.22,556,2,0,0.004,0,30.21,16.54,14.23,On-Time,215.75
90,2024-12-21,Plant_C,M4,Laminated,10.29,1514.55,94.03,2.76,4.72,0.93,Day,7.8,46.44,Zone_3,1243.8,898,7,0,0.0096,0,194.18,15.65,2.11,On-Time,509.96
91,2025-03-06,Plant_B,M1,Solar,5.36,1550.56,70.25,4.08,5.4,0.86,Weekend,2.2,57.48,Zone_3,1273.5,928,4,0,0.0057,0,149.91,41.17,16.33,Delayed,522.13
92,2025-04-15,Plant_C,M2,Solar,4.49,1551.8,65.7,3.66,6.93,0.89,Day,7.2,63.63,Zone_3,731.56,506,2,0,0.0059,0,69.8,17.44,10.27,On-Time,299.94
93,2024-10-03,Plant_C,M5,Solar,4.44,1570.07,57.01,3.09,7.05,0.85,Day,8.5,37.22,Zone_3,1505.75,994,3,0,0.0051,0,112.81,8.82,7.45,On-Time,617.36
94,2024-11-26,Plant_A,M1,Laminated,13.01,1512.97,60.01,2.93,4.37,0.83,Weekend,7.6,54.68,Zone_1,1051.18,866,3,0,0.004,0,80.62,13.84,10.62,On-Time,430.98
95,2025-01-23,Plant_B,M1,Solar,3.91,1550.65,54.24,3.46,6.34,0.81,Weekend,6.8,63.01,Zone_1,946.34,694,5,0,0.0095,0,172.65,29.64,6.36,Delayed,388.0
96,2024-12-29,Plant_B,M3,Laminated,9.85,1502.06,103.37,2.66,4.6,0.88,Weekend,2.5,57.1,Zone_3,1110.22,863,3,0,0.0042,0,80.4,26.92,13.91,Delayed,455.19
97,2024-01-11,Plant_C,M2,Float,5.74,1523.32,45.73,2.54,7.61,0.86,Day,4.6,56.41,Zone_2,931.18,880,6,0,0.0107,0,103.48,17.24,8.79,On-Time,381.78
98,2024-09-03,Plant_C,M4,Solar,3.23,1557.15,61.11,3.64,6.23,0.88,Day,9.4,37.66,Zone_1,730.69,477,4,0,0.011,0,123.54,13.3,2.37,On-Time,299.58
99,2024-08-14,Plant_B,M2,Laminated,11.97,1535.05,64.74,3.32,4.18,0.77,Night,5.2,47.4,Zone_2,1203.65,863,61,15,0.1159,1,1889.58,27.39,26.7,Delayed,493.5
100,2024-12-18,Plant_B,M5,Laminated,8.12,1524.36,77.19,3.6,4.71,0.9,Day,4.5,56.18,Zone_2,1087.94,812,5,0,0.0073,0,134.14,4.48,5.56,On-Time,446.06
101,2024-09-14,Plant_A,M1,Tempered,7.89,1517.9,77.81,3.72,5.66,0.87,Day,6.9,47.64,Zone_3,1267.54,1185,9,0,0.0115,0,225.09,6.39,7.26,On-Time,519.69
102,2024-07-08,Plant_A,M2,Solar,3.86,1536.69,82.47,3.8,7.04,0.95,Day,4.7,60.61,Zone_3,1063.48,834,4,0,0.008,0,130.46,3.87,12.75,On-Time,436.03
103,2025-06-21,Plant_C,M3,Float,5.7,1485.12,68.04,2.72,6.15,0.88,Night,6.0,54.79,Zone_2,671.35,689,4,0,0.0079,0,67.3,10.71,14.39,On-Time,275.25
104,2024-07-02,Plant_B,M1,Tempered,10.99,1559.37,60.92,3.66,6.58,0.88,Day,4.6,51.18,Zone_1,569.94,458,4,0,0.0097,0,97.78,20.44,0.08,On-Time,233.68
105,2024-05-09,Plant_C,M4,Float,5.62,1502.08,73.64,2.69,5.73,0.92,Weekend,6.6,71.97,Zone_3,496.86,469,5,0,0.0109,0,87.6,26.73,24.36,Delayed,203.71
106,2025-05-05,Plant_B,M3,Tempered,8.74,1499.8,80.74,2.73,4.71,0.81,Weekend,7.6,62.56,Zone_2,1009.85,916,5,0,0.0095,0,120.85,23.16,12.53,Delayed,414.04
107,2025-05-04,Plant_A,M1,Solar,4.8,1523.26,63.6,3.72,6.69,0.93,Day,4.7,69.31,Zone_3,580.83,496,2,0,0.007,0,64.5,4.38,0.94,On-Time,238.14
108,2024-02-24,Plant_A,M2,Laminated,10.79,1501.18,78.96,3.32,5.9,0.89,Day,7.1,72.43,Zone_1,633.76,529,5,0,0.0097,0,135.77,8.19,8.14,On-Time,259.84
109,2025-03-02,Plant_C,M5,Tempered,9.6,1574.11,80.81,4.04,7.63,0.86,Night,6.0,62.13,Zone_2,666.91,486,57,17,0.1461,1,1233.32,35.98,25.6,Delayed,273.43
110,2025-03-29,Plant_B,M5,Solar,3.17,1533.78,66.36,3.57,7.11,0.87,Day,6.5,73.3,Zone_3,1099.42,835,39,6,0.0565,1,1211.68,23.8,16.84,Delayed,450.76
111,2024-04-11,Plant_A,M2,Laminated,13.25,1499.24,78.5,2.67,5.07,0.92,Night,5.0,71.99,Zone_1,1076.37,904,8,0,0.0105,0,216.2,14.67,13.45,On-Time,441.31
112,2024-03-17,Plant_A,M1,Solar,5.18,1517.74,63.11,3.3,7.52,0.87,Day,6.1,70.43,Zone_3,1447.78,1228,4,0,0.004,0,138.66,4.9,7.06,On-Time,593.59
113,2024-02-03,Plant_A,M3,Laminated,6.65,1473.41,67.46,1.99,6.51,0.93,Night,6.8,48.0,Zone_2,1206.78,1086,101,17,0.1129,1,3147.73,26.75,25.43,Delayed,494.78
114,2024-08-27,Plant_B,M5,Tempered,7.98,1549.53,75.16,3.26,7.13,0.91,Day,4.7,41.15,Zone_3,1019.28,815,5,0,0.0071,0,122.22,13.41,11.3,On-Time,417.9
115,2024-06-01,Plant_B,M2,Float,5.49,1497.57,73.24,2.31,7.28,0.9,Day,3.3,66.84,Zone_2,560.99,588,2,0,0.0055,0,32.73,17.44,0.0,On-Time,230.01
116,2024-10-22,Plant_B,M1,Solar,3.5,1509.56,84.3,4.19,5.42,0.99,Night,5.2,42.38,Zone_3,1335.45,1109,117,38,0.1183,1,3859.96,28.67,27.04,Delayed,547.53
117,2024-10-05,Plant_C,M5,Solar,5.97,1526.73,78.11,3.68,5.57,0.84,Day,7.3,38.43,Zone_3,844.46,639,32,15,0.0873,1,1175.25,26.64,22.03,Delayed,346.23
118,2025-03-18,Plant_C,M3,Laminated,10.33,1494.86,81.2,3.53,6.17,0.77,Day,5.2,75.39,Zone_1,1144.76,885,4,0,0.0077,0,115.12,12.4,7.46,On-Time,469.35
119,2024-01-22,Plant_C,M3,Float,7.53,1479.75,65.32,2.83,7.16,0.96,Night,5.9,62.38,Zone_1,670.65,700,2,0,0.0041,0,30.03,22.28,8.21,Delayed,274.97
120,2025-03-28,Plant_B,M2,Solar,5.57,1556.91,62.05,3.52,6.33,0.9,Night,9.1,61.96,Zone_2,929.73,652,4,0,0.0099,0,146.56,20.53,9.81,On-Time,381.19
121,2025-04-26,Plant_B,M4,Laminated,6.47,1517.21,99.34,3.38,3.8,0.87,Day,4.0,58.96,Zone_1,1174.96,865,5,0,0.0079,0,131.84,5.11,4.87,On-Time,481.73
122,2024-12-03,Plant_B,M4,Laminated,11.92,1506.12,98.63,3.26,4.58,0.9,Night,5.5,54.5,Zone_2,1144.41,871,5,0,0.0087,0,156.8,18.98,0.8,On-Time,469.21
123,2024-02-07,Plant_B,M1,Laminated,6.59,1527.4,86.95,2.76,4.52,0.83,Day,3.7,70.34,Zone_1,1215.1,909,3,0,0.004,0,79.52,20.38,6.42,On-Time,498.19
124,2025-02-17,Plant_C,M1,Solar,5.49,1529.6,55.38,3.79,7.42,0.93,Day,7.6,65.7,Zone_1,1034.45,785,4,0,0.0093,0,132.6,12.23,0.0,On-Time,424.12
125,2025-05-25,Plant_C,M4,Float,3.82,1528.51,66.31,2.5,7.63,0.86,Day,5.4,57.45,Zone_3,817.94,734,55,10,0.0967,1,883.47,17.2,15.55,Delayed,335.36
126,2024-10-21,Plant_B,M4,Float,3.23,1481.56,78.92,2.34,6.64,0.82,Day,6.3,33.83,Zone_3,945.4,1008,7,0,0.0078,0,107.82,14.75,7.79,On-Time,387.61
127,2024-09-02,Plant_C,M2,Laminated,9.7,1485.08,77.86,2.98,4.21,0.92,Night,3.5,48.55,Zone_3,1254.18,1019,7,0,0.0076,0,200.32,16.44,8.61,On-Time,514.21
128,2024-08-18,Plant_A,M4,Float,5.11,1495.29,69.13,2.53,7.43,0.96,Night,3.6,46.23,Zone_1,997.75,1074,3,0,0.004,0,47.62,9.84,5.67,On-Time,409.08
129,2024-10-25,Plant_C,M3,Solar,5.25,1561.26,76.07,3.64,6.17,0.94,Night,1.0,44.45,Zone_2,1430.92,949,3,0,0.0045,0,114.04,25.36,18.69,Delayed,586.68
130,2024-05-28,Plant_B,M2,Tempered,10.56,1537.97,71.61,4.12,5.14,0.93,Weekend,4.4,58.67,Zone_2,859.26,704,4,0,0.0104,0,88.04,29.86,12.22,Delayed,352.3
131,2025-02-28,Plant_B,M5,Laminated,10.34,1516.77,70.18,3.5,5.23,0.99,Night,1.8,63.89,Zone_2,654.91,503,3,0,0.0082,0,85.47,28.91,17.2,Delayed,268.51
132,2025-05-16,Plant_A,M4,Solar,3.5,1505.67,84.04,3.62,5.19,0.98,Day,9.6,60.96,Zone_3,655.01,543,3,0,0.0084,0,104.82,10.44,13.33,On-Time,268.55
133,2025-01-21,Plant_B,M3,Tempered,8.48,1531.61,60.02,3.56,4.98,0.8,Weekend,1.6,54.57,Zone_1,791.02,644,3,0,0.0056,0,78.87,24.31,13.44,Delayed,324.32
134,2024-08-27,Plant_B,M1,Laminated,10.82,1477.13,75.32,2.54,5.96,0.9,Night,2.2,53.57,Zone_3,967.85,853,6,0,0.0105,0,176.03,20.94,5.84,On-Time,396.82
135,2025-01-25,Plant_B,M2,Solar,5.03,1557.97,71.61,3.51,5.11,0.91,Weekend,4.0,64.21,Zone_1,748.11,523,4,0,0.0109,0,134.22,23.79,6.62,Delayed,306.73
136,2024-12-05,Plant_A,M4,Float,3.2,1535.18,50.65,2.03,8.45,0.92,Night,5.8,56.09,Zone_2,1117.66,1077,95,43,0.1544,1,1692.24,25.39,21.86,Delayed,458.24
137,2024-05-27,Plant_B,M2,Float,7.75,1470.99,70.68,2.61,7.63,0.89,Day,2.3,78.32,Zone_2,732.09,834,4,0,0.0065,0,71.41,15.88,12.34,On-Time,300.16
138,2025-02-11,Plant_C,M1,Laminated,9.26,1528.46,85.81,3.35,7.21,0.87,Weekend,4.5,62.43,Zone_3,844.18,617,25,14,0.0727,1,774.13,34.28,32.34,Delayed,346.11
139,2024-11-20,Plant_C,M4,Float,7.65,1546.27,66.49,2.77,8.04,0.94,Night,2.9,55.42,Zone_1,658.27,558,70,15,0.1486,1,1043.2,40.84,28.09,Delayed,269.89
140,2024-10-21,Plant_A,M1,Solar,5.26,1545.34,79.58,4.15,7.25,0.87,Weekend,5.3,37.94,Zone_3,1166.89,910,5,0,0.0092,0,174.58,27.82,26.66,Delayed,478.42
141,2024-04-12,Plant_B,M2,Laminated,11.58,1519.59,65.08,3.4,6.48,0.88,Weekend,1.2,70.42,Zone_1,810.54,608,2,0,0.0057,0,56.3,23.29,18.98,Delayed,332.32
142,2024-02-27,Plant_B,M3,Laminated,9.81,1524.98,104.05,2.63,5.58,0.96,Day,3.6,47.81,Zone_1,583.52,416,3,0,0.0104,0,82.79,22.6,0.0,Delayed,239.24
143,2024-07-03,Plant_A,M2,Float,4.52,1488.52,46.56,1.94,8.93,0.88,Night,8.2,57.78,Zone_2,925.85,1049,3,0,0.0059,0,52.06,14.25,9.03,On-Time,379.6
144,2024-09-03,Plant_B,M5,Tempered,4.03,1549.15,66.7,3.07,5.24,0.82,Day,4.7,40.5,Zone_3,1315.86,1051,77,22,0.1049,1,1710.37,28.61,21.11,Delayed,539.5
145,2024-09-18,Plant_C,M1,Solar,3.13,1566.24,82.39,3.74,6.79,0.86,Weekend,3.5,41.25,Zone_3,1545.16,1041,9,0,0.0098,0,328.03,22.39,10.29,Delayed,633.52
146,2024-03-16,Plant_B,M3,Laminated,11.15,1507.93,103.06,2.93,5.29,0.82,Night,0.5,64.25,Zone_2,837.04,635,2,0,0.004,0,61.38,24.37,0.0,Delayed,343.19
147,2025-04-12,Plant_B,M2,Solar,4.11,1552.63,75.32,3.94,6.72,0.92,Weekend,4.4,70.01,Zone_1,1058.78,752,5,0,0.0088,0,163.75,22.26,15.15,Delayed,434.1
148,2025-01-02,Plant_C,M3,Laminated,8.94,1478.64,97.6,3.15,3.96,0.8,Day,4.0,54.14,Zone_3,651.1,524,45,19,0.1338,1,1305.11,27.11,28.47,Delayed,266.95
149,2024-01-09,Plant_C,M1,Solar,3.8,1540.28,82.86,3.57,6.52,0.87,Night,3.3,50.25,Zone_2,1207.56,883,2,0,0.004,0,66.76,19.79,0.0,On-Time,495.1
150,2024-08-23,Plant_C,M3,Tempered,4.01,1558.75,91.05,2.89,7.03,0.91,Night,6.3,31.01,Zone_3,1424.27,1052,88,24,0.095,1,2212.87,32.97,20.76,Delayed,583.95
151,2024-05-20,Plant_C,M1,Float,5.91,1543.78,66.49,2.76,8.3,0.85,Day,7.9,68.13,Zone_2,1024.23,938,97,19,0.1377,1,1529.34,37.03,22.99,Delayed,419.93
152,2025-01-08,Plant_C,M2,Float,6.37,1479.16,76.86,2.12,7.01,0.93,Weekend,4.6,54.87,Zone_2,404.5,436,2,0,0.0075,0,34.16,17.32,3.87,On-Time,165.84
153,2024-06-28,Plant_A,M2,Laminated,8.83,1511.4,94.24,3.17,5.64,0.9,Night,1.9,62.08,Zone_2,1242.93,1005,3,0,0.0049,0,96.69,17.07,8.42,On-Time,509.6
154,2024-09-20,Plant_B,M3,Laminated,7.58,1475.84,79.66,3.28,5.55,0.9,Night,3.3,44.74,Zone_2,768.59,646,4,0,0.0065,0,116.09,11.38,4.66,On-Time,315.12
155,2024-05-24,Plant_A,M4,Laminated,12.25,1503.73,97.59,3.5,5.89,0.95,Day,1.8,59.88,Zone_2,1217.16,983,29,5,0.0427,1,778.83,22.68,32.6,Delayed,499.04
156,2024-05-06,Plant_B,M3,Laminated,8.31,1527.37,104.7,3.03,4.04,0.86,Night,7.7,74.13,Zone_3,1467.34,1061,3,0,0.004,0,86.25,8.05,18.47,On-Time,601.61
157,2024-04-20,Plant_C,M2,Solar,5.54,1560.72,60.23,3.95,7.13,0.9,Day,4.6,65.07,Zone_3,1031.66,695,4,0,0.0069,0,132.96,20.11,1.17,On-Time,422.98
158,2024-08-14,Plant_C,M1,Solar,5.68,1581.04,69.15,3.55,6.31,0.9,Weekend,1.9,42.68,Zone_2,1747.11,1127,3,0,0.004,0,102.12,24.76,18.06,Delayed,716.32
159,2024-04-29,Plant_A,M1,Float,3.48,1496.79,55.4,2.88,9.15,0.76,Day,9.2,65.44,Zone_2,590.51,680,36,12,0.0764,1,556.92,11.3,15.61,On-Time,242.11
160,2024-08-28,Plant_C,M2,Solar,3.69,1576.78,82.54,4.01,5.77,0.83,Day,3.9,49.19,Zone_3,999.2,643,2,0,0.0041,0,72.61,9.75,0.0,On-Time,409.67
161,2025-03-05,Plant_C,M2,Solar,4.63,1542.22,66.92,3.31,6.61,0.79,Night,5.1,64.65,Zone_2,1415.51,1008,5,0,0.0057,0,172.03,15.23,11.2,On-Time,580.36
162,2024-10-13,Plant_A,M3,Tempered,6.95,1540.8,72.08,3.78,7.23,0.96,Day,8.5,39.8,Zone_1,1098.1,921,2,0,0.0043,0,47.8,16.63,10.42,On-Time,450.22
163,2024-04-11,Plant_C,M3,Laminated,10.39,1512.98,82.8,2.35,4.98,0.86,Day,7.2,70.69,Zone_2,1474.19,1081,56,20,0.0649,1,1480.06,29.4,23.0,Delayed,604.42
164,2024-05-05,Plant_B,M1,Tempered,8.04,1546.37,61.63,3.56,7.6,0.78,Night,7.2,62.87,Zone_3,737.06,609,3,0,0.0058,0,79.62,15.13,9.77,On-Time,302.19
165,2024-02-21,Plant_B,M2,Tempered,10.81,1531.6,64.16,3.44,5.36,0.83,Night,3.8,69.2,Zone_1,1131.35,945,6,0,0.0096,0,143.31,23.9,6.78,Delayed,463.85
166,2024-07-31,Plant_C,M2,Tempered,9.48,1527.49,68.84,3.34,7.59,0.95,Day,9.0,41.37,Zone_1,1029.49,846,6,0,0.0101,0,158.58,14.82,8.55,On-Time,422.09
167,2024-01-03,Plant_B,M2,Tempered,4.09,1539.91,58.82,3.38,6.46,0.89,Night,5.6,57.72,Zone_1,772.19,629,2,0,0.004,0,49.0,29.96,15.46,Delayed,316.6
168,2024-01-27,Plant_A,M1,Laminated,11.52,1503.29,67.74,2.69,7.12,0.9,Night,3.2,58.42,Zone_1,1207.55,1022,6,0,0.0088,0,179.95,23.44,18.14,Delayed,495.1
169,2024-01-17,Plant_A,M3,Float,4.56,1491.42,74.91,2.02,8.66,0.9,Day,7.1,68.74,Zone_2,426.07,456,1,0,0.004,0,17.71,12.31,6.42,On-Time,174.69
170,2024-03-06,Plant_B,M4,Laminated,7.76,1527.67,93.27,3.65,4.37,0.89,Day,11.1,61.78,Zone_1,1217.83,870,3,0,0.004,0,86.69,21.64,6.32,On-Time,499.31
171,2024-08-14,Plant_C,M1,Laminated,13.97,1522.8,90.18,2.52,6.44,0.91,Day,4.0,40.15,Zone_1,1082.02,799,31,8,0.0562,1,906.7,33.68,18.38,Delayed,443.63
172,2025-05-05,Plant_B,M4,Float,4.42,1480.57,61.52,3.1,6.42,0.87,Day,9.7,69.45,Zone_2,637.45,671,32,9,0.0545,1,531.79,34.69,18.61,Delayed,261.35
173,2024-03-23,Plant_B,M5,Tempered,5.99,1517.67,71.37,4.05,6.82,0.86,Day,8.4,65.55,Zone_2,729.25,645,3,0,0.0075,0,75.18,21.17,3.04,On-Time,298.99
174,2024-11-28,Plant_B,M5,Laminated,8.08,1504.86,63.17,2.99,4.66,0.93,Day,7.2,51.62,Zone_3,623.4,497,2,0,0.004,0,61.67,12.47,0.0,On-Time,255.59
175,2024-04-27,Plant_C,M5,Tempered,4.61,1539.44,62.99,3.45,7.28,0.91,Day,9.2,58.19,Zone_1,666.43,536,3,0,0.0059,0,73.06,21.33,3.15,On-Time,273.24
176,2025-04-09,Plant_B,M4,Float,6.97,1483.87,59.55,2.91,6.88,0.77,Day,4.2,63.28,Zone_2,926.46,980,2,0,0.0041,0,32.43,20.58,11.85,On-Time,379.85
177,2025-01-18,Plant_A,M4,Float,3.81,1461.39,46.0,2.12,6.33,0.99,Day,7.5,50.7,Zone_1,675.25,798,42,12,0.071,1,707.76,6.5,28.05,On-Time,276.85
178,2024-04-08,Plant_C,M3,Tempered,9.62,1537.01,70.24,2.91,7.09,0.91,Night,9.7,69.4,Zone_3,932.05,728,3,0,0.006,0,78.99,11.86,8.16,On-Time,382.14
179,2024-12-03,Plant_C,M1,Solar,3.61,1490.93,52.65,3.8,7.11,0.88,Day,4.8,61.34,Zone_3,1050.74,910,7,0,0.0094,0,238.55,23.05,12.31,Delayed,430.8
180,2025-03-09,Plant_C,M1,Laminated,12.99,1509.4,72.85,3.0,5.93,0.95,Night,4.9,64.48,Zone_2,783.97,608,2,0,0.004,0,53.05,22.17,10.74,Delayed,321.43
181,2025-06-03,Plant_A,M2,Solar,5.63,1548.67,86.85,2.85,4.86,0.88,Day,7.0,68.33,Zone_1,1067.74,807,49,18,0.1085,1,1722.39,18.34,20.91,Delayed,437.77
182,2025-01-11,Plant_A,M3,Tempered,9.65,1485.04,56.68,2.87,5.66,0.9,Night,6.2,59.34,Zone_3,790.22,789,4,0,0.0087,0,95.4,10.01,11.62,On-Time,323.99
183,2024-01-27,Plant_C,M3,Float,5.74,1449.36,67.74,2.72,8.11,0.84,Day,9.8,53.44,Zone_3,735.47,852,8,0,0.0112,0,131.5,18.92,10.7,On-Time,301.54
184,2024-12-13,Plant_B,M1,Tempered,9.06,1528.97,81.51,2.94,6.0,0.86,Weekend,2.6,46.7,Zone_3,1275.37,1095,10,0,0.0108,0,223.06,37.21,26.46,Delayed,522.9
185,2024-03-12,Plant_A,M1,Float,5.22,1489.45,58.38,2.58,8.26,0.99,Night,6.0,62.41,Zone_1,552.11,652,3,0,0.0072,0,48.07,18.84,14.68,On-Time,226.37
186,2025-04-09,Plant_B,M2,Laminated,13.87,1525.64,93.65,3.36,4.51,0.88,Day,3.2,64.51,Zone_2,1407.46,1037,4,0,0.0052,0,127.31,18.15,0.0,On-Time,577.06
187,2024-03-27,Plant_A,M2,Tempered,11.1,1531.76,91.86,3.29,7.25,0.89,Night,6.2,63.72,Zone_1,543.33,477,4,0,0.012,0,107.47,16.83,13.21,On-Time,222.77
188,2024-10-05,Plant_B,M4,Solar,3.72,1541.86,56.68,3.51,4.42,0.95,Night,3.5,31.18,Zone_2,955.23,679,2,0,0.0058,0,65.82,22.74,12.44,Delayed,391.64
189,2025-06-08,Plant_A,M3,Solar,3.4,1525.5,85.78,3.7,5.52,0.83,Day,3.3,61.28,Zone_3,573.67,450,3,0,0.007,0,112.63,0.0,9.0,On-Time,235.2
190,2025-05-13,Plant_C,M3,Float,7.65,1505.09,50.04,1.8,8.81,0.91,Day,8.4,61.23,Zone_3,623.6,601,29,13,0.0719,1,488.13,19.07,20.01,On-Time,255.68
191,2024-07-28,Plant_B,M2,Tempered,9.58,1502.14,60.78,3.73,6.71,0.83,Night,5.6,46.69,Zone_2,563.12,517,41,7,0.1014,1,984.07,22.5,23.93,Delayed,230.88
192,2024-01-08,Plant_B,M4,Tempered,9.49,1536.35,90.28,3.67,6.91,0.95,Day,7.2,52.9,Zone_3,1179.02,946,5,0,0.0083,0,110.23,8.78,5.56,On-Time,483.4
193,2025-05-27,Plant_C,M3,Float,6.03,1472.13,74.79,2.84,8.49,0.91,Day,4.7,67.83,Zone_3,556.03,591,40,16,0.0878,1,584.79,29.66,27.15,Delayed,227.97
194,2024-01-20,Plant_B,M1,Laminated,8.68,1518.55,102.21,3.22,4.58,0.86,Night,4.4,55.43,Zone_3,962.44,743,3,0,0.004,0,97.16,3.67,18.39,On-Time,394.6
195,2025-03-03,Plant_B,M1,Solar,3.5,1534.95,74.7,3.52,5.56,0.82,Day,3.6,71.49,Zone_2,843.15,651,31,6,0.0655,1,1061.72,27.47,11.44,Delayed,345.69
196,2025-04-16,Plant_C,M3,Float,3.41,1455.51,73.25,2.45,6.05,0.82,Day,1.4,70.83,Zone_1,690.03,781,70,15,0.1455,1,1196.54,21.09,21.04,Delayed,282.91
197,2025-02-14,Plant_C,M1,Solar,5.82,1550.36,68.95,3.57,6.74,0.97,Weekend,6.1,59.28,Zone_3,707.72,509,2,0,0.0067,0,64.14,27.28,11.05,Delayed,290.17
198,2024-12-07,Plant_A,M1,Float,7.76,1482.76,64.01,2.12,8.07,0.85,Night,6.3,37.41,Zone_1,1047.34,1237,4,0,0.0055,0,64.51,12.8,12.4,On-Time,429.41
199,2024-12-23,Plant_B,M2,Tempered,7.25,1535.7,76.33,3.71,6.49,0.95,Day,5.3,51.61,Zone_2,939.47,775,5,0,0.0102,0,131.08,5.93,1.91,On-Time,385.18
200,2024-06-05,Plant_C,M1,Tempered,6.0,1543.52,78.21,3.54,7.45,0.87,Weekend,2.2,56.24,Zone_3,639.24,520,2,0,0.0051,0,51.5,28.64,18.21,Delayed,262.09
201,2025-04-04,Plant_C,M5,Laminated,10.72,1536.02,94.22,3.68,5.6,0.9,Weekend,5.2,76.75,Zone_3,1123.07,787,41,12,0.0835,1,1308.3,45.41,42.46,Delayed,460.46
202,2025-03-26,Plant_A,M4,Solar,4.53,1515.68,53.26,3.7,5.68,0.97,Night,4.3,58.61,Zone_2,693.44,557,3,0,0.0095,0,100.32,8.31,6.11,On-Time,284.31
203,2024-12-26,Plant_C,M1,Laminated,12.41,1548.44,65.65,2.87,6.66,0.92,Day,4.0,58.56,Zone_1,1289.77,882,55,14,0.0769,1,1582.38,24.2,18.52,Delayed,528.81
204,2024-10-20,Plant_A,M1,Solar,3.88,1502.88,53.49,3.32,6.69,0.99,Day,8.9,39.13,Zone_3,1226.58,1098,11,0,0.0115,0,415.87,0.0,0.22,On-Time,502.9
205,2024-02-12,Plant_B,M5,Tempered,4.08,1552.81,78.04,3.79,7.8,0.84,Day,3.7,63.12,Zone_2,807.24,641,6,0,0.0119,0,135.89,16.85,5.55,On-Time,330.97
206,2024-03-04,Plant_B,M1,Laminated,7.32,1528.55,72.28,2.72,5.35,0.93,Weekend,4.6,58.71,Zone_1,896.22,673,6,0,0.0111,0,172.34,16.41,17.81,On-Time,367.45
207,2024-06-25,Plant_A,M2,Solar,4.21,1524.06,76.88,3.93,5.38,0.88,Weekend,3.7,51.21,Zone_3,1116.86,912,6,0,0.0104,0,226.23,13.5,16.09,On-Time,457.91
208,2024-06-11,Plant_B,M3,Laminated,7.1,1528.07,86.26,3.62,4.99,0.87,Day,6.2,53.81,Zone_2,1453.9,1049,7,0,0.0093,0,187.11,8.8,10.89,On-Time,596.1
209,2024-02-23,Plant_C,M3,Float,3.38,1480.91,64.23,2.51,6.55,0.89,Day,7.1,70.74,Zone_3,506.05,521,1,0,0.004,0,17.28,14.72,8.01,On-Time,207.48
210,2024-10-17,Plant_B,M5,Tempered,11.87,1489.03,56.86,3.07,5.1,0.87,Day,10.7,45.91,Zone_3,637.59,622,5,0,0.0092,0,109.37,14.02,3.07,On-Time,261.41
211,2024-12-24,Plant_B,M4,Tempered,8.46,1537.22,68.26,3.29,6.99,0.83,Night,5.4,55.04,Zone_1,1091.92,872,4,0,0.0065,0,97.63,22.39,12.14,Delayed,447.69
212,2025-01-20,Plant_C,M3,Tempered,4.26,1482.26,60.97,3.15,6.51,0.88,Night,5.8,57.33,Zone_3,850.7,794,3,0,0.0052,0,75.07,20.75,11.46,On-Time,348.79
213,2025-06-23,Plant_A,M4,Laminated,7.85,1506.01,62.11,3.16,4.65,0.96,Day,6.2,56.51,Zone_2,736.69,581,3,0,0.0067,0,81.78,2.0,5.01,On-Time,302.04
214,2024-08-07,Plant_B,M4,Tempered,5.25,1504.6,87.54,3.29,6.04,0.89,Day,3.0,49.3,Zone_1,983.26,868,43,12,0.0754,1,938.57,20.23,18.37,On-Time,403.14
215,2024-10-29,Plant_A,M5,Float,6.9,1451.34,75.96,1.8,8.21,0.89,Night,4.2,43.63,Zone_3,865.69,1121,100,25,0.1217,1,1453.82,28.25,14.09,Delayed,354.93
216,2025-01-20,Plant_A,M2,Tempered,6.18,1514.92,81.95,3.56,5.88,0.96,Night,6.1,58.61,Zone_3,1080.36,1000,7,0,0.012,0,158.52,5.76,0.38,On-Time,442.95
217,2024-06-18,Plant_C,M4,Float,3.33,1492.68,60.88,2.96,8.31,0.86,Day,7.2,47.28,Zone_3,962.84,964,6,0,0.0111,0,89.84,28.89,12.29,Delayed,394.76
218,2025-03-30,Plant_C,M3,Solar,3.7,1560.81,85.35,3.56,5.54,0.78,Day,9.4,68.43,Zone_1,1020.75,674,4,0,0.01,0,139.34,22.95,0.18,Delayed,418.51
219,2025-04-25,Plant_A,M3,Solar,3.02,1531.27,72.38,3.43,6.35,0.91,Day,4.1,59.96,Zone_2,640.47,495,2,0,0.005,0,74.23,0.73,0.0,On-Time,262.59
220,2025-05-29,Plant_C,M4,Tempered,4.67,1551.9,56.9,3.11,5.87,0.78,Night,3.3,66.13,Zone_3,1134.8,844,76,14,0.1106,1,1786.49,28.93,22.25,Delayed,465.27
221,2024-09-13,Plant_A,M4,Laminated,9.27,1488.42,61.56,3.16,4.84,0.86,Night,6.1,34.63,Zone_1,1122.19,950,4,0,0.006,0,126.73,8.88,12.83,On-Time,460.1
222,2025-06-12,Plant_A,M3,Float,6.95,1480.15,46.01,2.17,6.01,0.93,Night,9.4,60.76,Zone_2,902.98,1027,10,0,0.0118,0,154.19,17.63,17.32,On-Time,370.22
223,2025-06-09,Plant_A,M4,Float,5.34,1448.09,58.24,3.27,6.64,0.97,Weekend,5.3,65.48,Zone_1,615.41,758,4,0,0.01,0,61.16,14.22,17.98,On-Time,252.32
224,2024-12-23,Plant_A,M4,Float,7.33,1467.03,67.71,2.94,7.39,0.99,Day,8.5,43.11,Zone_2,931.43,1094,3,0,0.0043,0,50.18,9.6,5.03,On-Time,381.89
225,2024-03-24,Plant_B,M2,Float,6.26,1507.75,50.07,2.12,6.49,0.86,Day,7.3,58.33,Zone_1,487.7,496,2,0,0.0072,0,32.66,23.38,0.0,Delayed,199.96
226,2024-12-09,Plant_A,M2,Float,3.87,1499.16,78.68,2.12,6.27,0.92,Day,8.6,50.48,Zone_2,1015.56,1114,3,0,0.004,0,44.71,12.14,4.96,On-Time,416.38
227,2024-05-22,Plant_C,M4,Solar,5.14,1555.04,77.12,2.99,6.51,0.91,Night,7.1,65.38,Zone_1,889.82,589,24,12,0.0691,1,813.81,30.44,20.19,Delayed,364.83
228,2024-08-08,Plant_A,M5,Solar,3.13,1543.91,82.14,3.81,5.07,0.92,Day,6.0,46.56,Zone_2,1364.47,1054,5,0,0.0088,0,157.42,14.0,11.29,On-Time,559.43
229,2024-05-04,Plant_A,M2,Solar,3.0,1509.84,61.16,4.22,4.72,0.97,Night,5.1,66.34,Zone_3,775.37,664,4,0,0.008,0,136.76,3.3,7.76,On-Time,317.9
230,2024-04-23,Plant_B,M5,Float,3.69,1489.56,45.33,2.72,6.38,0.89,Night,7.0,65.45,Zone_3,509.54,558,3,0,0.0066,0,49.88,14.39,6.25,On-Time,208.91
231,2024-05-27,Plant_B,M4,Float,3.64,1529.11,68.62,2.87,7.85,0.89,Night,7.2,66.74,Zone_1,1082.9,1008,8,0,0.0091,0,121.75,21.61,19.67,On-Time,443.99
232,2024-07-10,Plant_C,M1,Laminated,7.81,1544.26,72.7,4.12,5.22,0.93,Day,4.8,58.99,Zone_3,1346.85,931,73,29,0.1247,1,2022.81,32.0,31.83,Delayed,552.21
233,2025-06-03,Plant_C,M1,Solar,3.92,1568.4,81.16,3.79,6.54,0.84,Weekend,7.8,58.01,Zone_1,1770.4,1183,8,1,0.0099,0,300.1,31.07,24.36,Delayed,725.86
234,2025-01-17,Plant_B,M1,Laminated,13.8,1499.67,103.49,3.43,6.22,0.9,Night,5.9,52.88,Zone_2,823.8,677,5,0,0.0101,0,145.39,17.44,17.4,On-Time,337.76
235,2024-04-16,Plant_C,M3,Tempered,4.61,1515.48,59.22,3.4,7.29,0.87,Day,8.8,76.61,Zone_3,790.9,658,3,0,0.0088,0,79.92,19.04,7.04,On-Time,324.27
236,2024-06-28,Plant_C,M4,Solar,3.45,1603.78,72.94,3.49,5.32,0.84,Night,4.0,48.85,Zone_1,1732.66,1019,97,31,0.1284,1,3218.87,42.39,26.28,Delayed,710.39
237,2025-04-13,Plant_A,M3,Tempered,10.42,1499.04,75.94,3.43,7.2,0.83,Day,4.7,67.29,Zone_1,658.58,623,3,0,0.0063,0,72.76,0.0,4.03,On-Time,270.02
238,2024-11-19,Plant_B,M5,Solar,3.6,1566.61,84.97,3.45,5.66,0.84,Weekend,3.5,39.56,Zone_3,1512.51,1038,74,27,0.0942,1,2815.51,23.69,13.05,Delayed,620.13
239,2024-02-07,Plant_C,M2,Laminated,6.08,1528.63,75.38,3.59,6.58,0.78,Day,8.4,61.13,Zone_1,856.93,608,2,0,0.004,0,57.85,9.27,0.0,On-Time,351.34
240,2024-12-05,Plant_B,M1,Laminated,6.39,1520.37,86.46,3.26,5.39,0.9,Day,9.5,52.24,Zone_2,608.38,474,2,0,0.007,0,57.5,12.71,5.33,On-Time,249.44
241,2025-01-30,Plant_B,M2,Solar,3.04,1535.0,81.51,3.69,6.8,0.86,Night,6.8,62.36,Zone_2,729.58,547,2,0,0.0045,0,67.15,16.77,7.77,On-Time,299.13
242,2025-06-15,Plant_B,M1,Solar,4.54,1491.72,82.21,3.57,5.36,0.85,Day,6.5,59.4,Zone_3,900.95,804,6,0,0.012,0,224.12,17.05,9.65,On-Time,369.39
243,2024-07-03,Plant_C,M3,Laminated,10.2,1473.85,86.51,2.89,5.17,0.92,Day,6.3,59.15,Zone_2,1003.33,830,5,0,0.0062,0,132.95,2.41,11.87,On-Time,411.37
244,2024-11-09,Plant_B,M5,Solar,3.01,1569.38,66.79,4.23,6.0,0.87,Day,6.4,38.93,Zone_2,1107.69,756,65,11,0.0976,1,2013.78,22.04,12.29,Delayed,454.15
245,2024-02-13,Plant_C,M3,Solar,4.85,1558.89,56.05,3.19,5.32,0.86,Day,9.7,72.73,Zone_1,846.83,560,30,10,0.062,1,1009.93,17.34,16.99,On-Time,347.2
246,2025-02-19,Plant_B,M5,Tempered,11.83,1542.01,67.37,3.2,7.05,0.98,Weekend,1.0,67.47,Zone_1,836.22,685,3,0,0.0046,0,75.5,36.29,10.7,Delayed,342.85
247,2025-03-24,Plant_A,M2,Float,6.09,1462.32,66.05,2.64,8.47,0.94,Day,10.1,61.63,Zone_3,788.41,972,3,0,0.0049,0,46.98,1.35,0.0,On-Time,323.25
248,2025-01-27,Plant_C,M1,Tempered,8.75,1511.03,72.45,3.5,6.86,0.81,Night,5.5,68.06,Zone_2,930.01,827,5,0,0.0093,0,121.55,16.5,3.2,On-Time,381.3
249,2024-03-19,Plant_C,M2,Laminated,7.04,1476.08,101.04,2.87,4.25,0.83,Day,7.7,62.85,Zone_3,921.68,772,55,23,0.1267,1,1655.05,25.69,14.65,Delayed,377.89
250,2024-04-26,Plant_A,M2,Solar,4.65,1542.75,84.28,2.75,5.19,0.96,Day,6.9,74.26,Zone_3,617.22,475,39,8,0.1082,1,1265.41,13.79,15.01,Delayed,253.06
251,2024-09-23,Plant_C,M4,Tempered,6.45,1583.74,70.78,3.91,6.2,0.88,Weekend,2.0,37.91,Zone_2,1126.16,767,75,25,0.1259,1,1843.58,45.57,27.36,Delayed,461.73
252,2025-05-17,Plant_A,M1,Tempered,9.3,1527.55,91.89,3.48,7.36,0.94,Weekend,4.0,62.51,Zone_2,1288.29,1168,7,0,0.0111,0,184.9,6.68,3.12,On-Time,528.2
253,2025-03-31,Plant_A,M3,Laminated,6.32,1541.26,101.93,3.15,5.62,0.83,Night,1.7,65.33,Zone_3,855.58,619,70,20,0.1405,1,1966.42,16.57,25.13,Delayed,350.79
254,2024-11-03,Plant_A,M2,Laminated,9.42,1525.39,70.45,3.39,5.24,0.87,Day,5.1,44.85,Zone_1,1025.36,795,5,0,0.0102,0,150.97,1.57,8.42,On-Time,420.4
255,2024-05-22,Plant_A,M4,Float,3.13,1480.4,52.16,2.64,8.02,0.92,Day,4.8,80.7,Zone_3,537.67,590,5,0,0.0107,0,88.63,2.25,8.67,On-Time,220.44
256,2024-05-12,Plant_C,M1,Float,6.41,1497.16,66.54,1.81,8.13,0.86,Day,4.9,67.02,Zone_3,506.65,542,2,0,0.007,0,34.31,19.12,3.64,On-Time,207.73
257,2025-06-22,Plant_B,M4,Float,7.02,1491.75,45.11,2.66,7.54,0.96,Day,9.4,61.88,Zone_2,400.26,395,2,0,0.0073,0,32.66,10.47,8.03,On-Time,164.11
258,2025-04-05,Plant_B,M5,Laminated,7.51,1513.0,87.19,3.79,5.45,0.91,Day,7.3,64.41,Zone_3,702.25,545,3,0,0.0072,0,80.97,5.65,3.4,On-Time,287.92
259,2024-07-05,Plant_A,M4,Float,6.06,1453.25,44.69,2.14,6.7,0.89,Night,5.9,59.77,Zone_3,641.81,778,64,27,0.1084,1,934.25,27.48,24.47,Delayed,263.14
260,2024-06-17,Plant_A,M3,Tempered,6.05,1488.69,61.2,3.44,5.97,0.88,Day,6.2,54.35,Zone_3,809.16,798,5,0,0.009,0,113.17,7.37,14.4,On-Time,331.76
261,2024-03-21,Plant_B,M2,Laminated,12.56,1489.1,80.61,3.79,4.81,0.89,Day,10.1,73.18,Zone_2,909.95,751,2,0,0.0053,0,63.2,28.96,1.22,Delayed,373.08
262,2024-04-05,Plant_C,M2,Tempered,4.84,1552.3,65.41,4.5,7.24,0.92,Day,8.5,70.2,Zone_3,695.88,531,3,0,0.0094,0,76.06,13.81,6.77,On-Time,285.31
263,2024-12-11,Plant_C,M1,Float,4.17,1503.23,46.11,2.66,7.23,0.84,Day,8.6,46.6,Zone_3,554.32,580,3,0,0.007,0,48.3,15.53,7.66,On-Time,227.27
264,2024-09-28,Plant_C,M2,Solar,5.96,1532.11,71.38,4.01,7.22,0.83,Night,7.7,45.99,Zone_1,765.96,563,4,0,0.0111,0,135.21,20.16,2.97,On-Time,314.04
265,2024-10-23,Plant_C,M3,Solar,3.18,1536.41,67.79,3.23,6.9,0.91,Day,8.2,50.38,Zone_3,807.47,571,1,0,0.004,0,36.46,9.72,0.48,On-Time,331.06
266,2025-04-09,Plant_A,M1,Tempered,4.98,1497.39,57.61,3.52,7.93,0.93,Day,5.5,63.06,Zone_2,666.05,678,4,0,0.0073,0,90.88,0.0,1.24,On-Time,273.08
267,2024-12-14,Plant_C,M2,Laminated,6.92,1517.2,60.65,3.58,6.37,0.88,Weekend,5.3,57.8,Zone_2,1222.2,897,6,0,0.0098,0,173.72,28.24,8.4,Delayed,501.1
268,2024-12-19,Plant_B,M2,Laminated,12.64,1488.77,89.85,3.77,4.42,0.96,Day,5.5,48.82,Zone_1,1165.55,963,5,0,0.0055,0,136.21,10.43,3.7,On-Time,477.88
269,2025-04-22,Plant_A,M3,Solar,4.18,1521.2,87.33,3.8,5.44,0.88,Day,9.1,60.12,Zone_1,1223.47,992,5,0,0.0071,0,187.56,14.5,9.24,On-Time,501.62
270,2025-01-28,Plant_C,M4,Tempered,10.56,1578.58,89.27,3.66,6.21,0.91,Weekend,6.8,51.61,Zone_1,727.79,495,2,0,0.0048,0,50.55,40.1,21.1,Delayed,298.39
271,2024-11-16,Plant_A,M2,Solar,4.09,1519.28,68.89,3.9,6.73,0.89,Weekend,6.6,39.41,Zone_2,636.5,528,3,0,0.0095,0,96.45,8.5,15.29,On-Time,260.96
272,2024-11-11,Plant_B,M1,Float,5.72,1503.45,57.1,2.43,7.28,0.86,Weekend,7.2,46.33,Zone_3,507.07,548,2,0,0.0049,0,32.56,30.17,14.84,Delayed,207.9
273,2024-09-03,Plant_A,M5,Laminated,7.56,1472.86,94.19,2.54,5.1,0.96,Day,7.0,34.16,Zone_2,1110.17,1027,3,0,0.004,0,94.17,0.0,10.37,On-Time,455.17
274,2025-04-26,Plant_B,M5,Float,3.95,1493.33,53.37,2.91,7.51,0.95,Night,2.7,69.88,Zone_2,687.95,741,6,0,0.0101,0,102.13,18.05,7.6,On-Time,282.06
275,2024-09-27,Plant_C,M3,Solar,4.34,1579.56,68.71,3.01,6.03,0.99,Day,5.9,39.97,Zone_2,1186.68,745,62,14,0.1158,1,2117.53,31.66,19.48,Delayed,486.54
276,2024-07-18,Plant_B,M5,Laminated,13.18,1551.82,71.35,3.19,5.41,0.88,Day,5.8,56.9,Zone_3,1179.7,814,7,0,0.0096,0,220.91,15.6,17.45,On-Time,483.68
277,2024-10-13,Plant_C,M5,Float,5.09,1505.85,61.6,2.53,7.72,0.9,Day,8.9,36.2,Zone_1,931.15,935,7,0,0.0107,0,121.68,14.29,6.58,On-Time,381.77
278,2024-12-13,Plant_C,M3,Tempered,5.45,1510.42,81.14,3.3,6.17,0.82,Day,7.6,55.03,Zone_3,1202.45,1026,6,0,0.009,0,146.31,16.99,8.0,On-Time,493.0
279,2024-02-11,Plant_A,M1,Tempered,6.07,1508.92,74.7,3.13,6.89,0.85,Night,5.6,72.35,Zone_2,636.09,624,3,0,0.0082,0,70.0,16.18,5.99,On-Time,260.8
280,2024-06-01,Plant_C,M5,Tempered,7.9,1502.11,60.05,3.15,7.04,0.85,Day,8.2,57.99,Zone_3,773.67,699,47,17,0.104,1,1244.16,27.79,23.3,Delayed,317.2
281,2025-02-06,Plant_C,M3,Laminated,10.02,1543.03,61.65,2.77,5.22,0.91,Day,6.0,62.91,Zone_3,980.39,654,2,0,0.004,0,55.79,9.36,0.0,On-Time,401.96
282,2024-11-02,Plant_B,M1,Laminated,9.66,1543.96,93.76,3.05,5.7,0.93,Day,5.3,45.06,Zone_1,652.93,474,1,0,0.0041,0,31.48,7.88,5.53,On-Time,267.7
283,2024-11-11,Plant_C,M1,Solar,3.79,1538.61,68.17,3.67,6.53,0.79,Day,8.2,41.22,Zone_3,1077.58,794,3,0,0.004,0,98.2,24.07,15.59,Delayed,441.81
284,2024-08-21,Plant_C,M1,Solar,4.89,1524.67,79.28,2.62,5.73,0.91,Day,6.0,44.79,Zone_3,664.37,519,2,0,0.0079,0,68.91,8.14,0.0,On-Time,272.39
285,2025-01-24,Plant_A,M2,Float,3.51,1484.95,70.25,2.69,7.75,0.93,Night,6.5,57.73,Zone_3,532.45,610,4,0,0.0082,0,70.26,20.42,12.97,On-Time,218.3
286,2024-01-20,Plant_B,M3,Solar,4.87,1535.28,59.26,3.41,6.73,0.93,Day,9.0,53.9,Zone_3,1309.57,966,4,0,0.0049,0,129.96,12.95,5.92,On-Time,536.92
287,2025-05-28,Plant_C,M4,Float,5.21,1488.27,78.18,2.78,6.67,0.85,Night,7.0,46.94,Zone_3,673.44,674,4,0,0.0105,0,70.81,29.49,4.41,Delayed,276.11
288,2024-11-28,Plant_C,M4,Solar,3.83,1577.16,79.55,3.31,6.58,0.91,Day,5.2,47.4,Zone_1,1542.05,972,3,0,0.0052,0,97.16,1.03,0.0,On-Time,632.24
289,2024-12-16,Plant_C,M3,Laminated,11.03,1538.65,93.34,3.25,5.41,0.82,Night,6.7,50.11,Zone_1,987.5,667,4,0,0.007,0,116.5,19.3,10.13,On-Time,404.88
290,2024-10-12,Plant_C,M3,Tempered,5.34,1511.52,57.12,2.76,6.3,0.96,Weekend,7.0,52.47,Zone_2,726.7,611,3,0,0.0053,0,76.69,36.06,14.23,Delayed,297.95
291,2024-07-31,Plant_C,M4,Laminated,8.49,1542.5,81.01,3.12,4.76,0.97,Day,7.2,52.64,Zone_3,1291.03,860,5,0,0.0065,0,148.04,13.25,1.41,On-Time,529.32
292,2024-10-07,Plant_B,M1,Solar,4.25,1538.5,81.75,3.82,6.47,0.8,Weekend,5.0,48.98,Zone_2,1175.17,890,5,0,0.0085,0,183.69,17.79,12.82,On-Time,481.82
293,2024-05-29,Plant_B,M1,Laminated,6.06,1467.44,62.36,2.91,5.68,0.85,Weekend,2.0,63.08,Zone_1,710.98,654,53,11,0.1315,1,1588.18,27.84,27.41,Delayed,291.5
294,2025-03-28,Plant_C,M3,Solar,4.29,1546.48,71.28,4.06,5.68,0.92,Day,5.9,66.13,Zone_3,1360.21,942,6,1,0.0115,0,223.56,10.82,6.4,On-Time,557.69
295,2024-10-05,Plant_A,M1,Tempered,6.1,1472.81,90.23,3.28,7.67,0.94,Day,10.1,39.66,Zone_3,1002.86,1101,3,0,0.0044,0,66.18,0.0,0.86,On-Time,411.17
296,2024-08-19,Plant_C,M2,Float,4.52,1514.55,76.56,1.89,6.14,0.88,Day,7.7,56.36,Zone_2,1007.49,976,4,0,0.0049,0,58.97,13.88,8.68,On-Time,413.07
297,2024-04-12,Plant_C,M2,Float,3.28,1485.61,53.23,2.49,6.4,0.84,Weekend,5.6,69.6,Zone_1,680.75,719,3,0,0.0065,0,51.58,36.29,13.49,Delayed,279.11
298,2025-05-02,Plant_B,M2,Laminated,10.61,1534.61,70.72,2.89,4.72,0.8,Day,6.6,48.79,Zone_3,626.84,450,38,8,0.0994,1,1151.81,26.0,24.67,Delayed,257.0
299,2024-04-01,Plant_C,M5,Tempered,7.11,1528.36,76.5,3.17,7.02,0.89,Night,2.7,72.82,Zone_3,722.11,600,6,0,0.0111,0,151.39,8.49,12.75,On-Time,296.07
300,2024-02-08,Plant_A,M4,Tempered,6.19,1514.09,68.08,3.2,5.4,0.81,Weekend,4.6,59.5,Zone_1,1187.2,1074,8,0,0.01,0,172.91,26.41,11.32,Delayed,486.75
301,2025-02-10,Plant_B,M2,Laminated,12.8,1509.25,60.35,2.19,5.49,0.97,Weekend,2.8,61.44,Zone_1,1089.1,843,43,7,0.0581,1,1292.46,26.77,24.6,Delayed,446.53
302,2024-04-19,Plant_B,M3,Solar,4.63,1535.59,60.6,3.44,5.03,0.97,Weekend,3.2,63.82,Zone_3,1257.38,926,9,0,0.0108,0,323.64,15.48,3.08,On-Time,515.53
303,2024-05-17,Plant_C,M4,Laminated,8.87,1506.5,64.12,2.48,5.79,0.85,Day,5.0,59.82,Zone_1,999.21,735,45,19,0.0934,1,1383.23,14.51,17.21,Delayed,409.68
304,2025-04-14,Plant_C,M3,Tempered,9.54,1560.85,88.86,4.01,5.13,0.9,Day,9.9,66.49,Zone_2,1263.41,926,6,0,0.0077,0,143.69,21.54,16.64,On-Time,518.0
305,2024-07-16,Plant_A,M5,Solar,3.08,1490.21,85.47,3.53,5.06,0.89,Night,5.1,63.23,Zone_3,1132.55,1049,10,0,0.0113,0,366.44,12.06,12.36,On-Time,464.35
306,2025-02-14,Plant_C,M1,Tempered,10.14,1543.76,85.87,3.09,6.93,0.85,Weekend,9.4,60.94,Zone_2,790.55,638,2,0,0.004,0,47.76,17.39,7.74,On-Time,324.13
307,2024-09-11,Plant_A,M3,Solar,6.0,1523.82,73.06,3.62,5.7,0.99,Day,7.2,45.17,Zone_2,662.42,525,5,0,0.0108,0,167.4,1.93,3.56,On-Time,271.59
308,2024-11-05,Plant_C,M5,Float,7.71,1521.69,68.99,2.74,6.53,0.83,Day,8.6,36.07,Zone_2,452.42,439,3,0,0.0101,0,46.87,4.38,3.22,On-Time,185.49
309,2024-03-04,Plant_C,M1,Solar,3.06,1556.0,83.66,3.47,6.36,0.8,Day,7.1,71.15,Zone_2,1595.61,1107,3,0,0.004,0,93.04,27.25,3.76,Delayed,654.2
310,2024-11-14,Plant_C,M1,Laminated,9.42,1534.09,88.85,3.08,5.26,0.84,Day,6.6,45.34,Zone_1,1236.43,881,4,0,0.0062,0,112.46,19.46,0.05,On-Time,506.94
311,2024-05-16,Plant_B,M2,Solar,3.38,1536.92,73.52,3.74,6.91,0.88,Night,6.9,59.36,Zone_3,1160.71,865,6,0,0.0096,0,213.74,3.17,6.59,On-Time,475.89
312,2025-04-27,Plant_C,M2,Tempered,6.67,1552.84,55.92,2.89,6.95,0.99,Night,5.5,69.51,Zone_3,931.91,710,5,0,0.0092,0,118.59,23.35,9.55,Delayed,382.08
313,2024-03-24,Plant_C,M4,Laminated,13.58,1495.76,83.65,3.0,4.09,0.79,Day,7.3,58.11,Zone_3,811.33,613,50,15,0.0941,1,1402.55,22.38,25.91,Delayed,332.65
314,2025-06-01,Plant_A,M5,Tempered,10.07,1501.76,73.97,3.47,5.93,0.96,Day,2.9,68.05,Zone_3,1024.49,1000,7,0,0.0089,0,162.29,8.43,9.88,On-Time,420.04
315,2024-07-29,Plant_C,M5,Solar,3.06,1539.53,86.34,3.67,5.28,0.91,Day,8.0,52.18,Zone_3,1246.15,902,3,0,0.004,0,108.71,9.2,1.96,On-Time,510.92
316,2024-02-26,Plant_B,M2,Solar,3.76,1547.78,64.63,4.05,6.82,0.93,Day,6.5,64.85,Zone_1,596.65,430,3,0,0.0109,0,96.81,4.27,8.93,On-Time,244.63
317,2024-11-11,Plant_C,M1,Solar,4.64,1528.34,70.75,3.92,6.23,0.92,Day,2.5,59.68,Zone_1,1065.11,811,2,0,0.0043,0,71.01,21.59,3.07,On-Time,436.7
318,2024-03-15,Plant_A,M4,Laminated,10.3,1522.96,88.29,3.53,4.51,0.91,Night,3.6,68.5,Zone_3,657.47,490,2,0,0.0068,0,60.95,12.32,10.91,On-Time,269.56
319,2024-03-11,Plant_B,M1,Laminated,7.81,1491.14,98.57,2.82,6.79,0.86,Day,0.5,61.91,Zone_1,562.93,482,3,0,0.0115,0,79.59,16.2,0.68,On-Time,230.8
320,2025-03-06,Plant_B,M4,Solar,3.8,1549.12,77.96,3.97,4.98,0.96,Weekend,1.7,68.36,Zone_2,676.44,464,3,0,0.0089,0,110.19,25.43,12.53,Delayed,277.34
321,2024-05-16,Plant_C,M3,Float,8.0,1481.9,67.19,2.28,8.72,0.88,Day,8.4,61.81,Zone_3,924.03,966,7,0,0.0117,0,120.91,11.01,4.29,On-Time,378.85
322,2024-05-10,Plant_C,M2,Float,4.89,1491.41,79.29,2.35,8.05,0.82,Night,4.1,63.04,Zone_2,586.07,608,2,0,0.0041,0,31.94,24.35,18.37,Delayed,240.29
323,2025-03-10,Plant_C,M4,Tempered,9.67,1520.07,68.36,3.61,6.26,0.87,Day,5.2,67.92,Zone_2,536.47,426,24,7,0.0835,1,633.74,31.8,14.14,Delayed,219.95
324,2024-07-12,Plant_C,M1,Float,3.77,1490.36,66.46,2.63,7.38,0.78,Night,3.4,54.95,Zone_2,1053.05,1122,4,0,0.0045,0,68.33,28.55,9.41,Delayed,431.75
325,2024-01-17,Plant_A,M2,Float,3.72,1451.23,61.68,3.46,6.14,0.99,Day,5.2,68.75,Zone_1,656.71,841,55,17,0.1062,1,903.94,17.73,15.56,Delayed,269.25
326,2024-02-19,Plant_A,M1,Solar,4.79,1515.63,77.24,3.72,5.12,0.92,Day,7.7,47.45,Zone_3,1109.92,953,5,0,0.0056,0,156.05,19.04,10.77,On-Time,455.07
327,2024-02-27,Plant_A,M5,Laminated,7.74,1512.16,80.84,2.9,5.52,0.92,Day,7.8,65.32,Zone_3,690.39,565,2,0,0.004,0,54.3,10.46,1.85,On-Time,283.06
328,2024-11-24,Plant_A,M3,Tempered,7.25,1521.35,70.5,3.55,6.12,0.85,Weekend,6.9,41.91,Zone_3,1192.25,1063,5,0,0.0058,0,133.68,4.6,12.93,On-Time,488.82
329,2024-11-03,Plant_B,M1,Tempered,4.04,1511.73,73.84,3.33,5.26,0.82,Night,3.8,45.11,Zone_2,687.84,634,5,0,0.0106,0,126.54,15.28,6.2,On-Time,282.01
330,2024-02-18,Plant_B,M4,Laminated,8.4,1504.98,104.11,3.5,5.53,0.91,Night,2.9,66.22,Zone_2,710.81,534,28,6,0.0587,1,891.14,42.45,24.45,Delayed,291.43
331,2025-01-20,Plant_A,M5,Solar,5.72,1540.78,59.23,3.91,6.81,0.89,Day,8.2,60.15,Zone_1,1514.0,1180,4,0,0.0055,0,130.11,30.17,7.4,Delayed,620.74
332,2024-05-27,Plant_B,M1,Solar,5.1,1507.03,86.32,4.1,7.41,0.93,Weekend,6.1,57.4,Zone_3,1341.89,1124,89,37,0.1312,1,3131.56,35.25,28.81,Delayed,550.17
333,2025-02-01,Plant_A,M3,Tempered,5.26,1517.49,57.7,3.61,6.42,0.95,Day,5.1,43.21,Zone_1,669.24,596,2,0,0.0042,0,52.21,0.97,5.01,On-Time,274.39
334,2025-01-14,Plant_A,M5,Tempered,10.85,1529.86,59.77,3.26,7.02,0.92,Day,4.7,65.21,Zone_2,900.48,804,3,0,0.0051,0,71.57,6.76,0.03,On-Time,369.2
335,2024-02-10,Plant_A,M2,Tempered,5.29,1539.65,58.91,3.7,6.34,0.94,Day,6.5,49.51,Zone_2,971.75,833,4,0,0.0061,0,98.82,2.66,6.48,On-Time,398.42
336,2024-01-16,Plant_A,M2,Float,7.67,1485.76,76.52,2.68,7.97,0.99,Night,7.5,59.85,Zone_2,809.44,925,4,0,0.0071,0,65.37,1.23,13.92,On-Time,331.87
337,2024-07-28,Plant_B,M2,Laminated,8.85,1522.15,76.98,3.08,4.82,0.88,Night,1.3,44.64,Zone_2,1387.66,1033,6,0,0.009,0,192.79,14.22,17.01,On-Time,568.94
338,2025-01-02,Plant_B,M3,Laminated,13.34,1487.54,96.82,4.0,5.8,0.91,Day,5.5,47.61,Zone_2,1232.67,1006,68,16,0.1067,1,2093.57,18.49,21.32,Delayed,505.39
339,2025-04-25,Plant_B,M2,Laminated,8.57,1510.7,80.41,3.43,4.19,0.9,Day,10.3,65.62,Zone_1,856.49,660,7,0,0.012,0,189.46,10.65,0.0,On-Time,351.16
340,2024-08-14,Plant_C,M2,Float,4.42,1526.72,62.51,2.35,6.36,0.91,Day,6.2,52.99,Zone_3,1014.79,950,9,0,0.0118,0,130.47,15.91,3.91,On-Time,416.06
341,2025-03-03,Plant_B,M2,Tempered,7.23,1509.6,81.82,3.6,6.34,0.84,Day,7.9,65.89,Zone_2,891.01,798,3,0,0.0057,0,71.25,0.15,5.54,On-Time,365.31
342,2024-09-08,Plant_B,M5,Laminated,13.89,1514.23,62.45,2.9,6.53,0.99,Day,9.5,35.43,Zone_2,866.27,668,3,0,0.006,0,85.76,9.99,0.01,On-Time,355.17
343,2025-05-17,Plant_B,M2,Laminated,7.93,1506.11,64.16,2.96,4.37,0.89,Day,8.6,69.37,Zone_3,594.93,465,2,0,0.0053,0,53.77,7.49,5.97,On-Time,243.92
344,2024-07-07,Plant_C,M1,Float,5.0,1523.6,72.52,2.35,6.98,0.81,Night,1.6,55.83,Zone_1,1197.08,1154,6,0,0.0067,0,96.82,6.38,11.29,On-Time,490.8
345,2024-02-19,Plant_A,M4,Tempered,4.03,1463.86,90.97,3.41,4.98,0.86,Night,0.8,74.49,Zone_1,815.96,871,101,34,0.1438,1,2606.85,26.91,18.17,Delayed,334.54
346,2024-06-03,Plant_A,M2,Solar,5.16,1528.35,58.26,3.37,5.55,0.91,Day,6.0,73.8,Zone_3,839.45,676,6,0,0.0091,0,192.15,0.0,17.63,On-Time,344.17
347,2025-05-09,Plant_C,M4,Float,5.31,1488.52,76.18,2.93,8.38,0.94,Day,9.2,72.76,Zone_3,629.99,628,4,0,0.0089,0,69.24,17.33,3.69,On-Time,258.3
348,2024-01-18,Plant_C,M3,Laminated,10.5,1534.38,69.34,3.47,5.48,0.87,Day,8.8,58.65,Zone_3,1146.34,786,7,0,0.0097,0,214.06,8.75,12.06,On-Time,470.0
349,2024-07-02,Plant_A,M1,Tempered,6.97,1518.05,61.05,3.33,6.89,0.89,Day,6.5,62.05,Zone_3,830.56,784,6,0,0.011,0,135.76,0.0,0.0,On-Time,340.53
350,2024-12-28,Plant_B,M4,Float,5.81,1478.68,68.03,2.51,7.72,0.86,Day,6.0,44.98,Zone_2,696.8,741,3,0,0.0058,0,47.65,5.02,0.0,On-Time,285.69
351,2024-09-06,Plant_C,M2,Laminated,6.76,1511.96,94.31,2.72,6.65,0.84,Night,5.5,49.82,Zone_1,689.3,514,4,0,0.0108,0,115.8,19.02,13.49,On-Time,282.61
352,2024-02-02,Plant_A,M4,Solar,4.34,1507.68,82.55,3.45,6.52,0.99,Day,8.0,66.72,Zone_2,1271.38,1071,59,18,0.0656,1,2207.98,19.75,23.05,On-Time,521.27
353,2024-01-10,Plant_C,M2,Float,4.05,1502.11,62.14,2.94,6.21,0.87,Day,3.0,62.73,Zone_2,540.57,543,2,0,0.0054,0,33.26,23.83,13.84,Delayed,221.63
354,2024-12-05,Plant_C,M1,Float,3.7,1540.09,74.26,1.91,7.92,0.87,Day,8.3,58.03,Zone_3,618.57,581,4,0,0.0109,0,64.81,5.15,0.0,On-Time,253.61
355,2025-05-01,Plant_B,M1,Float,7.7,1487.95,74.55,2.44,7.76,0.87,Night,1.8,70.79,Zone_2,787.51,877,6,0,0.0102,0,98.79,11.93,8.64,On-Time,322.88
356,2024-02-03,Plant_A,M3,Float,3.51,1461.17,71.81,3.16,7.33,0.94,Weekend,3.1,61.81,Zone_3,784.36,946,59,11,0.084,1,905.44,23.49,28.51,Delayed,321.59
357,2025-02-11,Plant_A,M3,Tempered,4.17,1538.04,90.85,4.28,6.03,0.91,Night,3.2,52.68,Zone_3,1186.76,1005,5,0,0.0084,0,133.92,7.88,15.43,On-Time,486.57
358,2025-02-02,Plant_C,M5,Laminated,11.53,1558.71,98.34,3.05,5.15,0.84,Day,8.1,70.43,Zone_3,1436.96,944,92,18,0.1327,1,2748.97,26.31,13.56,Delayed,589.15
359,2024-03-21,Plant_C,M3,Float,5.41,1496.12,78.12,2.07,7.01,0.96,Day,5.2,58.3,Zone_1,549.99,542,2,0,0.0065,0,32.49,11.1,0.0,On-Time,225.5
360,2024-12-14,Plant_C,M5,Solar,5.89,1554.2,82.28,3.72,4.83,0.82,Weekend,6.9,41.22,Zone_2,1524.8,1054,31,11,0.0353,1,1002.61,48.91,28.24,Delayed,625.17
361,2024-10-06,Plant_B,M4,Tempered,10.76,1521.22,62.84,3.19,6.67,0.87,Day,8.8,43.22,Zone_2,1041.93,873,2,0,0.004,0,50.75,10.58,1.66,On-Time,427.19
362,2025-01-24,Plant_A,M5,Laminated,10.99,1498.26,75.14,3.27,5.62,0.85,Night,6.5,65.37,Zone_3,1103.37,938,5,0,0.0077,0,142.18,22.33,15.77,Delayed,452.38
363,2024-10-01,Plant_A,M4,Tempered,4.42,1500.15,61.8,2.97,6.09,0.89,Night,2.6,45.3,Zone_2,957.02,901,4,0,0.0061,0,99.85,9.94,3.46,On-Time,392.38
364,2024-04-03,Plant_A,M3,Solar,5.92,1544.67,70.11,3.63,6.13,0.77,Day,6.7,75.55,Zone_2,1375.45,1037,53,16,0.0779,1,1729.76,25.25,22.61,Delayed,563.93
365,2024-03-30,Plant_A,M4,Solar,3.35,1535.81,72.94,3.64,5.64,0.82,Night,7.5,68.63,Zone_3,817.14,619,3,0,0.0053,0,93.75,16.62,7.2,On-Time,335.03
366,2024-01-27,Plant_A,M3,Float,6.03,1480.59,62.16,2.44,7.83,0.83,Night,8.8,57.03,Zone_2,614.93,691,5,0,0.0089,0,85.08,9.41,9.76,On-Time,252.12
367,2024-01-13,Plant_B,M4,Solar,4.31,1548.48,85.47,4.2,6.62,0.89,Night,3.1,49.23,Zone_3,1082.6,757,6,0,0.0098,0,202.03,21.79,9.2,On-Time,443.87
368,2024-09-05,Plant_C,M5,Tempered,11.19,1543.82,86.78,3.65,5.2,0.86,Night,6.6,39.88,Zone_1,603.69,480,2,0,0.0053,0,47.87,11.05,14.67,On-Time,247.51
369,2024-11-04,Plant_B,M4,Tempered,6.77,1541.15,83.0,3.51,5.44,0.86,Day,7.5,42.14,Zone_2,828.47,648,4,0,0.0109,0,97.45,25.19,17.64,Delayed,339.67
370,2024-11-02,Plant_B,M1,Laminated,13.0,1518.74,60.79,3.3,5.88,0.77,Day,8.1,50.32,Zone_1,1119.91,861,3,0,0.004,0,89.05,18.45,12.16,On-Time,459.16
371,2025-05-22,Plant_C,M5,Tempered,9.93,1510.23,84.93,3.92,5.79,0.96,Day,7.5,54.37,Zone_1,623.47,550,5,0,0.0104,0,110.6,18.51,10.18,On-Time,255.62
372,2025-02-09,Plant_B,M5,Solar,3.7,1562.87,82.85,3.91,5.81,0.88,Night,2.9,58.71,Zone_2,1158.09,805,3,0,0.004,0,99.37,18.48,6.17,On-Time,474.82
373,2025-03-16,Plant_C,M5,Tempered,4.72,1503.78,89.54,3.32,5.94,0.89,Day,3.9,74.0,Zone_3,1227.92,1098,9,0,0.0096,0,219.03,16.25,2.52,On-Time,503.45
374,2024-07-24,Plant_B,M3,Tempered,8.7,1521.74,88.86,3.24,5.98,0.9,Weekend,3.4,45.98,Zone_2,681.8,570,3,0,0.0079,0,69.35,24.64,5.23,Delayed,279.54
375,2025-05-17,Plant_C,M2,Laminated,10.09,1544.49,67.06,3.26,4.12,0.92,Day,2.8,62.85,Zone_2,1057.2,717,4,0,0.0075,0,118.45,18.44,8.45,On-Time,433.45
376,2024-07-23,Plant_C,M5,Tempered,10.61,1518.76,66.73,2.79,6.29,0.85,Night,4.2,45.95,Zone_3,1307.74,1113,81,31,0.0989,1,1826.44,44.11,26.51,Delayed,536.17
377,2025-04-17,Plant_C,M2,Solar,3.3,1553.45,81.07,3.54,5.99,0.88,Night,3.3,68.41,Zone_3,948.76,653,37,12,0.0689,1,1398.5,32.86,18.6,Delayed,388.99
378,2025-02-22,Plant_C,M4,Tempered,6.32,1529.69,66.96,3.8,7.05,0.82,Night,1.3,67.14,Zone_1,872.94,688,42,10,0.1015,1,1006.74,24.91,22.87,Delayed,357.91
379,2024-06-06,Plant_C,M4,Solar,4.8,1574.03,61.91,3.14,6.53,0.85,Day,6.9,60.7,Zone_3,683.83,424,28,6,0.1015,1,1010.29,15.72,17.04,Delayed,280.37
380,2025-02-14,Plant_C,M5,Solar,4.01,1523.4,69.22,3.33,5.2,0.97,Night,4.5,64.49,Zone_2,1091.86,833,8,0,0.0115,0,275.32,17.02,5.12,On-Time,447.66
381,2024-03-28,Plant_A,M2,Laminated,9.68,1493.24,100.33,2.19,6.38,0.84,Day,5.6,60.09,Zone_3,1104.87,946,57,25,0.0876,1,1625.75,24.64,21.25,Delayed,453.0
382,2025-02-13,Plant_B,M4,Float,6.78,1499.03,45.76,3.37,8.01,0.88,Day,6.9,76.02,Zone_2,872.3,879,58,14,0.086,1,861.49,18.65,19.07,Delayed,357.64
383,2025-06-15,Plant_C,M5,Tempered,11.58,1493.46,83.35,3.3,6.38,0.93,Day,5.2,60.98,Zone_2,559.28,523,1,0,0.004,0,26.74,10.74,8.72,On-Time,229.3
384,2025-05-27,Plant_A,M3,Float,6.95,1484.02,45.54,2.52,7.26,0.93,Day,8.3,52.55,Zone_2,897.29,1008,5,0,0.0078,0,74.23,11.77,0.0,On-Time,367.89
385,2024-03-28,Plant_A,M2,Laminated,12.74,1527.96,81.19,2.64,4.65,0.88,Day,6.8,75.23,Zone_2,1399.56,1077,3,0,0.0045,0,88.04,2.13,8.33,On-Time,573.82
386,2025-06-17,Plant_B,M3,Solar,5.16,1514.24,69.01,3.27,6.66,0.94,Day,5.7,54.85,Zone_3,684.35,533,2,0,0.004,0,66.37,15.25,9.83,On-Time,280.58
387,2024-11-22,Plant_A,M3,Float,6.11,1488.1,55.32,2.84,6.99,0.87,Night,3.3,51.61,Zone_1,550.64,602,23,5,0.0679,1,391.11,28.65,23.58,Delayed,225.76
388,2024-12-17,Plant_C,M1,Tempered,6.48,1546.5,69.87,3.69,5.41,0.92,Weekend,8.0,48.47,Zone_3,1076.78,855,5,0,0.007,0,125.52,13.27,24.19,On-Time,441.48
389,2024-06-27,Plant_C,M2,Laminated,12.27,1553.09,66.78,2.65,6.74,0.95,Night,3.2,62.11,Zone_2,1256.11,832,62,21,0.1161,1,1838.1,41.43,24.31,Delayed,515.01
390,2025-02-18,Plant_C,M2,Tempered,7.23,1529.74,65.5,3.39,6.14,0.84,Night,9.4,58.13,Zone_2,885.95,723,6,0,0.0113,0,131.45,19.09,14.87,On-Time,363.24
391,2024-07-21,Plant_B,M5,Solar,5.76,1548.28,52.32,4.09,5.4,0.84,Day,1.4,54.53,Zone_3,604.23,442,25,9,0.0779,1,822.9,23.36,16.52,Delayed,247.73
392,2024-10-12,Plant_C,M1,Float,4.6,1506.93,52.47,2.98,9.62,0.87,Night,0.5,44.41,Zone_3,715.16,733,72,17,0.1134,1,1266.94,25.22,25.46,Delayed,293.22
393,2024-11-29,Plant_A,M4,Float,7.02,1481.04,63.73,2.44,8.29,0.91,Day,4.2,47.01,Zone_2,580.94,639,4,0,0.0099,0,70.44,3.38,9.19,On-Time,238.19
394,2024-11-16,Plant_C,M4,Solar,4.66,1584.84,52.18,3.76,6.55,0.92,Night,6.4,43.77,Zone_2,1202.59,738,3,0,0.0054,0,101.74,25.15,6.3,Delayed,493.06
395,2025-04-13,Plant_C,M2,Laminated,10.94,1509.53,103.31,3.19,6.62,0.92,Weekend,3.6,50.74,Zone_3,909.13,683,3,0,0.0056,0,86.69,33.77,13.99,Delayed,372.74
396,2024-05-17,Plant_B,M1,Tempered,8.89,1510.04,82.98,3.52,6.02,0.94,Day,5.3,59.43,Zone_1,661.55,614,4,0,0.0089,0,96.65,5.67,3.58,On-Time,271.24
397,2024-05-24,Plant_C,M4,Solar,4.43,1521.28,57.22,3.66,4.98,0.92,Night,6.6,63.72,Zone_3,1410.57,1051,9,0,0.0099,0,310.3,17.46,5.29,On-Time,578.33
398,2024-07-09,Plant_B,M5,Tempered,4.9,1518.59,69.18,2.83,7.24,0.83,Night,4.4,53.51,Zone_2,1125.71,988,41,10,0.0712,1,1096.32,29.94,25.16,Delayed,461.54
399,2024-07-10,Plant_B,M4,Float,5.19,1501.95,51.7,2.62,8.15,0.99,Weekend,8.1,57.46,Zone_1,969.56,972,3,0,0.004,0,52.37,23.97,28.11,Delayed,397.52
400,2024-07-18,Plant_B,M5,Solar,4.99,1572.16,84.6,3.6,5.05,0.8,Day,7.1,51.91,Zone_2,940.7,638,2,0,0.0045,0,74.72,14.33,4.69,On-Time,385.69
401,2025-03-30,Plant_B,M2,Float,4.6,1477.2,43.67,2.63,8.32,0.81,Night,4.0,71.4,Zone_1,564.24,630,3,0,0.0059,0,47.91,14.4,10.58,On-Time,231.34
402,2024-10-08,Plant_A,M5,Laminated,13.17,1501.61,79.42,2.89,6.32,0.91,Day,8.8,43.81,Zone_2,595.83,505,2,0,0.0056,0,53.55,7.71,3.7,On-Time,244.29
403,2025-05-22,Plant_C,M5,Float,5.46,1496.0,55.84,2.13,8.16,0.87,Night,2.5,66.77,Zone_2,866.8,897,8,0,0.0112,0,123.74,25.53,11.18,Delayed,355.39
404,2025-01-10,Plant_C,M1,Solar,4.09,1552.36,67.94,3.58,7.53,0.89,Night,1.2,68.56,Zone_2,1594.08,1118,59,13,0.0679,1,2049.75,28.95,26.0,Delayed,653.57
405,2024-09-10,Plant_B,M1,Solar,3.57,1572.37,64.59,3.71,6.12,0.97,Day,8.8,44.56,Zone_1,1638.97,1116,3,0,0.004,0,95.75,8.85,7.34,On-Time,671.98
406,2024-04-30,Plant_A,M2,Laminated,11.73,1475.1,72.13,3.39,5.95,0.85,Weekend,3.8,62.06,Zone_3,1256.39,1143,6,0,0.0082,0,160.41,30.31,20.62,Delayed,515.12
407,2024-06-18,Plant_C,M2,Tempered,8.83,1483.42,76.79,3.66,5.15,0.82,Night,4.2,57.98,Zone_1,646.12,615,74,11,0.1398,1,1629.69,31.26,32.81,Delayed,264.91
408,2024-10-14,Plant_C,M5,Tempered,5.47,1567.42,82.34,4.18,7.29,0.82,Day,8.9,36.24,Zone_3,1390.39,1024,77,31,0.1196,1,1844.81,38.0,11.26,Delayed,570.06
409,2024-09-30,Plant_C,M1,Tempered,6.03,1535.69,75.11,3.9,6.11,0.84,Weekend,6.2,36.56,Zone_2,1400.03,1142,6,0,0.0072,0,150.69,19.36,20.49,On-Time,574.01
410,2024-10-10,Plant_C,M2,Tempered,6.29,1506.75,62.78,3.33,4.96,0.87,Day,7.0,37.7,Zone_3,712.79,626,6,0,0.0112,0,153.7,19.49,9.44,On-Time,292.24
411,2024-09-10,Plant_C,M4,Solar,3.5,1540.56,84.13,3.88,5.46,0.88,Day,11.0,41.09,Zone_3,1195.17,834,3,0,0.0066,0,112.31,10.54,0.0,On-Time,490.02
412,2025-02-28,Plant_B,M4,Float,4.84,1460.22,73.79,2.02,7.55,0.81,Night,7.2,66.27,Zone_1,807.47,918,77,29,0.1398,1,1130.77,31.44,25.16,Delayed,331.06
413,2024-10-11,Plant_C,M3,Solar,5.15,1561.5,81.27,3.57,6.85,0.9,Weekend,6.6,39.04,Zone_2,1531.59,1016,2,0,0.004,0,69.32,19.56,17.88,On-Time,627.95
414,2024-04-05,Plant_C,M4,Laminated,12.66,1531.17,78.67,3.13,4.67,0.91,Weekend,5.2,75.04,Zone_3,1280.88,881,6,0,0.0079,0,181.78,21.81,21.11,On-Time,525.16
415,2025-03-15,Plant_A,M4,Laminated,13.67,1475.93,98.07,3.46,4.94,0.87,Day,3.3,65.98,Zone_2,948.26,833,67,16,0.0979,1,1830.72,6.04,10.0,Delayed,388.79
416,2024-05-13,Plant_C,M4,Laminated,6.49,1520.01,67.51,3.11,3.92,0.84,Weekend,6.6,67.82,Zone_1,986.35,696,30,8,0.0509,1,886.85,32.45,32.98,Delayed,404.4
417,2025-04-15,Plant_A,M1,Tempered,5.86,1544.66,56.06,3.51,7.09,0.84,Day,4.4,57.9,Zone_1,1267.96,1092,5,0,0.0055,0,126.66,10.88,6.81,On-Time,519.86
418,2025-03-14,Plant_A,M2,Laminated,8.38,1466.04,101.96,2.93,5.47,0.98,Day,8.2,75.86,Zone_2,487.71,458,28,7,0.0785,1,744.05,32.57,20.99,Delayed,199.96
419,2025-01-04,Plant_B,M1,Laminated,7.54,1521.97,100.26,3.39,4.68,0.94,Night,2.1,57.74,Zone_3,1357.89,1030,10,1,0.0112,0,312.41,21.83,13.52,On-Time,556.73
420,2025-02-09,Plant_C,M3,Tempered,8.82,1551.09,86.1,3.27,6.0,0.89,Day,5.7,59.47,Zone_1,603.76,447,3,0,0.0076,0,76.69,16.06,11.43,On-Time,247.54
421,2024-01-02,Plant_A,M4,Float,5.44,1441.02,79.38,2.97,7.6,0.9,Day,5.9,52.13,Zone_1,769.46,982,10,0,0.011,0,170.61,0.82,0.0,On-Time,315.48
422,2025-03-31,Plant_A,M1,Laminated,11.12,1496.0,90.84,2.7,6.68,0.98,Night,5.4,64.87,Zone_2,1033.2,898,6,0,0.009,0,186.38,11.17,11.66,On-Time,423.61
423,2025-05-04,Plant_A,M2,Solar,4.5,1500.41,75.14,3.37,6.46,0.89,Day,8.4,68.04,Zone_1,1258.81,1114,87,37,0.1074,1,2835.89,17.52,8.88,Delayed,516.11
424,2025-01-11,Plant_B,M2,Solar,5.79,1550.53,72.0,3.24,6.58,0.8,Night,4.8,59.89,Zone_1,1225.63,876,6,0,0.0081,0,189.29,26.07,12.25,Delayed,502.51
425,2024-05-26,Plant_A,M5,Float,5.31,1496.89,45.8,2.22,6.28,0.99,Night,6.0,58.87,Zone_1,954.29,1065,8,0,0.0099,0,121.88,11.32,10.43,On-Time,391.26
426,2024-08-06,Plant_C,M2,Solar,4.34,1555.81,71.95,3.68,7.07,0.87,Night,2.9,47.79,Zone_2,760.83,520,1,0,0.0043,0,37.44,17.31,12.4,On-Time,311.94
427,2024-03-29,Plant_A,M2,Float,4.04,1464.07,64.94,2.69,6.62,0.87,Night,7.1,82.02,Zone_2,795.5,975,3,0,0.004,0,52.59,15.03,18.9,On-Time,326.15
428,2025-03-15,Plant_B,M2,Tempered,8.16,1572.33,90.57,3.67,6.62,0.88,Day,6.6,68.3,Zone_1,824.05,612,59,22,0.1316,1,1379.93,32.92,22.61,Delayed,337.86
429,2024-10-18,Plant_C,M1,Laminated,9.76,1507.43,101.57,3.39,5.01,0.92,Day,9.5,40.26,Zone_3,777.74,607,2,0,0.0071,0,63.99,11.98,0.0,On-Time,318.87
430,2025-02-05,Plant_B,M1,Tempered,4.2,1560.21,63.11,4.24,6.48,0.95,Day,8.4,59.62,Zone_1,1227.59,962,73,15,0.0845,1,1675.84,29.66,24.35,Delayed,503.31
431,2024-03-13,Plant_C,M1,Laminated,6.17,1513.51,70.35,2.75,5.88,0.89,Weekend,6.7,59.86,Zone_1,1587.84,1197,8,0,0.0094,0,229.48,13.29,1.81,On-Time,651.01
432,2025-03-06,Plant_B,M5,Tempered,5.0,1576.73,62.68,3.54,7.56,0.88,Night,7.5,57.98,Zone_1,1300.84,962,87,25,0.1078,1,1933.62,40.65,24.86,Delayed,533.34
433,2024-03-10,Plant_A,M3,Tempered,4.11,1540.83,84.24,2.99,5.52,0.77,Day,6.2,58.55,Zone_1,1115.76,936,3,0,0.0048,0,70.47,0.0,2.69,On-Time,457.46
434,2025-02-11,Plant_C,M3,Solar,3.03,1600.42,75.54,4.41,5.46,0.86,Day,6.8,63.22,Zone_2,733.89,431,45,17,0.1458,1,1539.18,28.15,23.36,Delayed,300.89
435,2024-06-05,Plant_B,M1,Laminated,10.57,1498.9,63.38,3.4,6.46,0.94,Day,6.4,60.24,Zone_1,1246.96,1017,8,0,0.011,0,211.05,9.42,10.98,On-Time,511.25
436,2024-06-08,Plant_C,M3,Solar,5.98,1556.41,66.21,3.56,5.71,0.87,Night,6.9,56.12,Zone_3,628.28,415,3,0,0.0085,0,94.23,23.54,24.08,Delayed,257.59
437,2024-03-08,Plant_B,M4,Tempered,7.49,1505.83,78.44,2.97,4.84,0.85,Day,7.0,68.56,Zone_1,952.98,837,5,0,0.0084,0,123.45,4.76,6.16,On-Time,390.72
438,2024-04-28,Plant_B,M5,Float,4.8,1441.97,66.36,2.45,8.96,0.87,Day,4.1,68.61,Zone_3,728.94,930,7,0,0.0101,0,121.16,19.03,12.07,On-Time,298.87
439,2024-06-28,Plant_A,M1,Tempered,11.31,1534.53,76.7,3.11,5.97,0.95,Night,8.3,54.35,Zone_1,857.22,768,6,0,0.0112,0,152.78,15.39,11.68,On-Time,351.46
440,2024-12-21,Plant_C,M5,Laminated,11.67,1503.93,90.97,2.87,4.75,0.95,Day,5.8,51.55,Zone_1,1155.53,891,5,0,0.0089,0,148.36,20.89,7.21,On-Time,473.77
441,2024-10-02,Plant_C,M1,Float,7.81,1466.67,53.11,2.88,8.77,0.84,Day,8.9,40.76,Zone_2,650.28,758,3,0,0.0053,0,49.92,23.2,4.89,Delayed,266.61
442,2024-03-06,Plant_B,M5,Float,4.11,1515.23,59.98,2.87,8.09,0.94,Day,6.3,74.19,Zone_3,570.73,578,3,0,0.0083,0,43.83,17.09,9.69,On-Time,234.0
443,2025-05-26,Plant_C,M2,Laminated,10.89,1544.33,99.35,2.9,6.51,0.84,Day,8.4,63.52,Zone_1,1034.62,702,5,0,0.0118,0,133.71,26.85,3.41,Delayed,424.19
444,2024-04-28,Plant_A,M5,Float,6.54,1498.41,57.11,2.84,7.22,0.9,Day,3.0,79.09,Zone_1,578.5,647,3,0,0.0069,0,45.41,4.66,10.04,On-Time,237.18
445,2025-04-28,Plant_B,M4,Tempered,5.93,1539.71,57.56,3.14,5.44,0.91,Day,2.7,68.13,Zone_1,561.26,433,2,0,0.0074,0,50.41,10.24,4.45,On-Time,230.12
446,2025-03-05,Plant_A,M3,Tempered,9.29,1513.22,76.68,3.82,7.38,0.96,Day,6.7,78.94,Zone_3,849.46,772,3,0,0.0065,0,72.64,8.07,0.0,On-Time,348.28
447,2024-03-20,Plant_C,M3,Float,6.71,1496.95,53.6,3.2,8.74,0.83,Day,10.3,73.59,Zone_1,816.98,813,3,0,0.0045,0,50.12,15.33,0.73,On-Time,334.96
448,2025-06-12,Plant_A,M4,Float,4.42,1493.23,65.13,2.33,8.47,0.98,Weekend,2.5,58.37,Zone_2,640.7,682,4,0,0.0092,0,58.11,3.51,3.45,On-Time,262.69
449,2024-11-14,Plant_B,M1,Solar,4.65,1529.97,63.0,3.83,7.08,0.82,Day,5.0,39.48,Zone_1,1453.0,1126,11,0,0.0115,0,369.7,20.89,1.11,On-Time,595.73
450,2024-11-07,Plant_C,M5,Tempered,10.27,1523.17,68.92,2.41,5.99,0.89,Day,5.8,36.65,Zone_3,1237.42,1039,6,0,0.0089,0,160.72,18.32,10.01,On-Time,507.34
451,2024-07-19,Plant_C,M5,Tempered,5.58,1528.16,55.07,3.67,5.59,0.81,Day,6.8,43.5,Zone_2,921.64,764,28,8,0.0616,1,690.9,25.56,27.47,Delayed,377.87
452,2024-12-20,Plant_C,M1,Laminated,11.51,1557.06,60.13,3.35,7.14,0.87,Day,4.5,50.64,Zone_3,1525.44,1016,76,19,0.1232,1,2229.22,30.6,7.57,Delayed,625.43
453,2024-11-10,Plant_A,M2,Tempered,8.5,1492.01,82.14,3.01,7.38,0.9,Day,8.2,32.76,Zone_1,717.36,717,5,0,0.0099,0,116.56,0.0,7.68,On-Time,294.12
454,2024-05-25,Plant_C,M3,Float,3.56,1461.65,76.55,2.46,6.18,0.94,Day,3.7,60.57,Zone_1,728.72,809,5,0,0.009,0,76.43,15.53,12.39,On-Time,298.78
455,2025-06-16,Plant_B,M3,Solar,5.94,1571.91,55.08,3.89,4.96,0.83,Weekend,7.9,67.74,Zone_1,888.13,583,4,0,0.0103,0,127.29,29.25,15.89,Delayed,364.13
456,2025-06-01,Plant_A,M4,Float,3.17,1483.85,48.81,2.21,6.34,0.94,Night,6.0,65.68,Zone_1,466.67,502,5,0,0.0117,0,86.81,10.43,14.46,On-Time,191.33
457,2024-05-13,Plant_A,M3,Laminated,10.94,1492.11,97.28,3.13,6.08,0.95,Weekend,2.6,61.46,Zone_2,1018.42,858,7,0,0.0101,0,224.94,22.46,19.68,Delayed,417.55
458,2024-11-30,Plant_B,M4,Laminated,13.44,1495.55,67.73,3.02,3.96,0.92,Day,2.0,42.99,Zone_1,1026.06,805,3,0,0.0041,0,90.16,13.91,15.98,On-Time,420.68
459,2024-04-21,Plant_A,M1,Tempered,10.42,1548.2,72.11,3.27,8.03,0.76,Day,4.1,70.67,Zone_2,1172.57,1001,116,40,0.1421,1,2901.64,16.35,19.79,Delayed,480.75
460,2025-01-01,Plant_A,M4,Laminated,12.64,1466.61,74.28,3.18,4.55,0.88,Day,6.6,57.47,Zone_1,978.6,889,42,14,0.0608,1,1327.44,21.08,21.49,On-Time,401.23
461,2024-11-07,Plant_C,M5,Float,5.24,1496.12,68.19,2.32,8.06,0.78,Day,11.7,38.5,Zone_2,647.11,672,2,0,0.0044,0,34.64,14.62,1.87,On-Time,265.32
462,2024-09-11,Plant_B,M4,Float,5.81,1517.8,53.08,2.99,7.04,0.8,Night,7.0,47.73,Zone_2,737.45,699,5,0,0.0075,0,75.68,28.17,0.0,Delayed,302.35
463,2024-06-27,Plant_A,M4,Solar,3.01,1531.34,65.68,3.08,5.44,0.86,Night,4.5,64.87,Zone_3,717.06,548,27,10,0.0634,1,880.39,26.89,33.39,Delayed,293.99
464,2025-04-18,Plant_A,M2,Float,6.49,1417.49,49.29,2.56,7.14,0.95,Day,9.2,68.1,Zone_1,719.82,1045,77,32,0.1199,1,1140.64,23.73,26.64,Delayed,295.13
465,2025-02-14,Plant_B,M1,Laminated,12.29,1494.51,91.27,3.23,5.66,0.83,Weekend,8.2,63.43,Zone_1,809.88,677,39,13,0.0776,1,1257.78,26.78,33.45,Delayed,332.05
466,2024-03-07,Plant_A,M4,Tempered,4.76,1537.72,74.34,3.85,6.64,0.89,Day,4.1,60.9,Zone_2,541.49,441,33,6,0.0928,1,744.38,17.27,10.56,Delayed,222.01
467,2025-04-17,Plant_A,M2,Solar,5.43,1527.9,85.79,3.28,5.17,0.85,Night,5.3,63.15,Zone_2,681.99,550,3,0,0.0055,0,98.26,16.73,15.65,On-Time,279.62
468,2025-01-26,Plant_C,M4,Tempered,5.48,1565.87,80.46,3.76,5.41,0.88,Day,8.3,59.65,Zone_1,1326.36,952,57,21,0.1012,1,1349.08,41.86,21.72,Delayed,543.81
469,2025-04-01,Plant_A,M1,Tempered,8.98,1485.25,76.35,2.75,5.64,0.88,Night,3.0,74.23,Zone_2,977.33,1026,95,31,0.1348,1,2246.68,34.08,22.01,Delayed,400.71
470,2025-05-05,Plant_A,M1,Laminated,6.77,1474.01,78.25,3.78,6.37,0.92,Day,5.0,69.56,Zone_2,878.44,825,70,25,0.1082,1,2044.86,17.49,17.28,Delayed,360.16
471,2025-06-22,Plant_A,M5,Float,4.57,1449.06,49.55,2.52,7.05,0.97,Weekend,2.0,51.34,Zone_3,838.57,1095,9,0,0.0099,0,157.27,0.0,2.35,On-Time,343.81
472,2025-05-11,Plant_B,M5,Laminated,12.1,1556.41,98.13,3.16,4.15,0.93,Day,6.1,66.86,Zone_1,870.5,595,40,7,0.0984,1,1254.1,28.34,29.91,Delayed,356.9
473,2024-08-12,Plant_A,M3,Float,7.4,1527.67,45.02,2.52,7.31,0.89,Night,2.5,41.45,Zone_2,766.01,754,88,27,0.1301,1,1298.86,32.66,38.33,Delayed,314.06
474,2024-08-26,Plant_A,M1,Tempered,10.76,1522.15,78.55,3.42,7.71,0.88,Night,7.3,41.48,Zone_2,808.6,754,4,0,0.0091,0,103.49,5.56,1.27,On-Time,331.53
475,2024-02-27,Plant_A,M5,Solar,5.4,1579.49,73.75,3.36,6.87,0.83,Day,5.3,67.5,Zone_1,798.54,559,66,18,0.1558,1,2493.89,27.34,27.28,Delayed,327.4
476,2024-11-21,Plant_C,M3,Float,5.5,1493.73,60.2,2.23,8.52,0.91,Night,4.5,49.68,Zone_2,685.96,686,2,0,0.004,0,30.05,29.07,21.6,Delayed,281.24
477,2024-05-25,Plant_C,M2,Solar,3.76,1549.84,59.71,3.27,4.85,0.84,Night,3.9,64.4,Zone_1,1338.11,931,9,1,0.0111,0,321.62,27.83,9.46,Delayed,548.63
478,2024-04-02,Plant_A,M2,Tempered,7.33,1487.4,77.43,3.8,6.39,0.85,Day,1.4,75.49,Zone_2,548.33,557,41,15,0.1023,1,1042.24,18.44,15.42,Delayed,224.82
479,2024-07-25,Plant_A,M3,Tempered,10.45,1538.43,70.78,2.93,7.14,0.91,Weekend,7.5,53.89,Zone_2,869.65,731,39,12,0.0854,1,925.55,36.32,30.45,Delayed,356.56
480,2024-05-31,Plant_C,M2,Float,4.07,1467.36,48.69,2.26,8.39,0.86,Night,1.2,62.64,Zone_2,504.49,565,1,0,0.004,0,15.92,31.39,2.14,Delayed,206.84
481,2025-01-17,Plant_C,M4,Float,3.27,1519.24,47.68,3.94,6.0,0.82,Day,7.5,54.5,Zone_2,926.52,857,62,24,0.1065,1,917.58,27.47,29.42,Delayed,379.87
482,2024-06-10,Plant_C,M4,Solar,5.42,1531.41,73.25,3.38,4.54,0.92,Night,5.0,59.29,Zone_1,1020.94,730,4,0,0.0067,0,126.68,28.55,6.88,Delayed,418.59
483,2024-12-31,Plant_A,M5,Tempered,10.86,1540.51,75.96,2.91,6.3,0.99,Day,6.4,56.77,Zone_3,849.63,735,6,0,0.0117,0,130.33,0.0,0.0,On-Time,348.35
484,2024-05-10,Plant_A,M1,Solar,4.5,1502.97,79.52,3.68,6.3,0.86,Weekend,3.9,74.63,Zone_3,541.7,497,29,7,0.1018,1,1070.86,20.79,25.42,Delayed,222.1
485,2024-11-21,Plant_C,M2,Float,4.73,1525.6,64.27,2.96,7.21,0.79,Weekend,6.8,44.71,Zone_1,681.53,640,67,19,0.1238,1,966.75,35.63,29.08,Delayed,279.43
486,2024-03-20,Plant_A,M3,Laminated,12.24,1469.67,73.16,3.51,6.11,0.88,Day,9.1,70.95,Zone_1,622.96,559,3,0,0.0109,0,86.7,11.27,7.17,On-Time,255.41
487,2024-12-09,Plant_B,M1,Laminated,6.36,1509.71,61.3,3.41,6.41,0.84,Day,6.4,61.87,Zone_3,618.0,497,12,3,0.0313,1,340.01,35.04,31.63,Delayed,253.38
488,2024-09-19,Plant_A,M1,Float,7.59,1485.61,42.17,2.28,9.48,0.85,Day,3.2,44.69,Zone_3,749.08,885,9,0,0.0114,0,142.25,2.14,5.34,On-Time,307.12
489,2024-06-19,Plant_B,M4,Solar,3.55,1518.16,82.56,3.56,5.08,0.89,Day,12.1,45.48,Zone_2,1303.03,1008,3,0,0.006,0,107.22,15.0,12.47,On-Time,534.24
490,2025-05-05,Plant_C,M2,Tempered,4.89,1531.95,62.24,2.97,4.98,0.87,Day,7.0,66.3,Zone_1,549.01,445,3,0,0.0081,0,67.29,20.28,12.82,On-Time,225.09
491,2024-11-22,Plant_B,M1,Float,5.97,1465.55,46.69,2.72,9.66,0.82,Day,5.3,50.1,Zone_2,643.21,775,67,15,0.1005,1,1056.79,10.7,17.67,Delayed,263.72
492,2024-03-17,Plant_C,M1,Laminated,12.91,1512.61,98.88,3.27,6.68,0.8,Night,6.0,56.16,Zone_3,1438.3,1089,3,0,0.004,0,81.98,19.79,17.84,On-Time,589.7
493,2024-02-01,Plant_B,M2,Solar,4.92,1552.48,79.91,3.75,6.74,0.82,Day,6.8,70.52,Zone_1,1418.58,1008,5,0,0.0084,0,165.3,0.91,15.63,On-Time,581.62
494,2024-07-13,Plant_B,M5,Laminated,11.76,1480.81,93.97,3.55,5.99,0.93,Night,9.3,55.58,Zone_2,941.14,807,4,0,0.0083,0,111.96,3.47,9.15,On-Time,385.87
495,2024-02-20,Plant_B,M5,Solar,4.54,1545.17,78.1,4.03,5.86,0.82,Day,9.1,69.05,Zone_2,1019.67,748,34,8,0.0525,1,1063.32,28.08,23.86,Delayed,418.06
496,2024-03-30,Plant_B,M5,Solar,5.31,1574.9,62.53,4.33,6.5,0.88,Day,6.9,62.35,Zone_1,718.3,485,39,8,0.119,1,1199.74,14.85,22.21,Delayed,294.5
497,2024-10-25,Plant_A,M4,Float,5.6,1506.39,68.69,1.89,7.51,0.82,Day,2.7,53.92,Zone_2,442.59,443,49,17,0.1221,1,850.44,16.23,15.93,Delayed,181.46
498,2024-09-28,Plant_A,M5,Solar,5.99,1509.37,85.9,3.18,6.57,0.94,Day,2.8,47.25,Zone_2,971.64,842,4,0,0.0072,0,135.05,11.08,7.86,On-Time,398.37
499,2025-04-01,Plant_A,M3,Solar,4.55,1560.06,80.23,3.42,6.38,0.87,Day,8.0,65.69,Zone_1,1129.99,811,6,0,0.0097,0,219.61,11.72,12.06,On-Time,463.3
500,2024-03-04,Plant_A,M1,Float,3.21,1468.57,45.88,2.56,8.43,0.95,Night,4.6,67.11,Zone_3,519.94,658,4,0,0.0082,0,61.7,15.28,6.8,On-Time,213.18
501,2024-08-20,Plant_C,M1,Solar,3.43,1537.52,77.83,3.94,7.51,0.99,Night,8.6,33.18,Zone_2,700.17,524,3,0,0.0066,0,101.41,10.42,7.42,On-Time,287.07
502,2025-05-01,Plant_C,M2,Solar,5.64,1563.82,76.81,4.32,7.09,0.89,Day,2.9,72.98,Zone_2,1649.11,1101,8,0,0.01,0,281.74,0.51,4.72,On-Time,676.14
503,2024-02-05,Plant_C,M5,Tempered,7.24,1575.27,70.21,3.43,5.97,0.8,Day,2.8,74.71,Zone_2,941.49,681,75,18,0.1431,1,1746.03,29.91,13.17,Delayed,386.01
504,2024-06-20,Plant_A,M2,Tempered,5.92,1495.96,89.53,3.45,5.85,0.91,Day,3.2,58.99,Zone_1,811.41,800,3,0,0.0054,0,67.97,4.24,4.87,On-Time,332.68
505,2025-03-21,Plant_A,M2,Laminated,7.85,1503.42,60.26,3.62,5.31,0.86,Day,6.0,74.9,Zone_3,951.94,789,6,0,0.0119,0,188.88,2.63,21.15,On-Time,390.3
506,2024-03-09,Plant_A,M4,Solar,4.44,1541.64,71.36,3.52,4.73,0.78,Night,5.2,67.27,Zone_2,1047.84,786,2,0,0.004,0,74.8,24.18,13.32,Delayed,429.61
507,2024-01-13,Plant_C,M5,Solar,5.83,1546.76,52.84,3.45,5.59,0.92,Day,6.7,58.98,Zone_1,1416.79,1002,5,0,0.0056,0,169.77,24.3,27.33,Delayed,580.88
508,2024-04-12,Plant_A,M5,Float,4.28,1459.95,44.12,2.87,8.64,0.93,Night,2.5,62.73,Zone_3,559.7,708,3,0,0.006,0,52.86,26.95,10.58,Delayed,229.48
509,2025-02-24,Plant_B,M4,Solar,4.47,1513.45,63.08,3.61,4.47,0.82,Night,6.3,71.72,Zone_2,654.04,502,49,9,0.1092,1,1658.71,28.27,29.97,Delayed,268.16
510,2024-10-09,Plant_B,M2,Solar,3.99,1555.96,80.31,3.45,6.14,0.89,Day,7.0,46.27,Zone_2,1161.75,817,5,0,0.009,0,173.24,3.16,0.0,On-Time,476.32
511,2024-02-20,Plant_C,M4,Laminated,6.19,1513.68,102.43,2.81,5.72,0.92,Weekend,8.0,62.82,Zone_1,718.88,511,3,0,0.0076,0,95.57,27.83,17.71,Delayed,294.74
512,2024-11-06,Plant_B,M3,Solar,5.63,1538.03,69.82,3.52,6.58,0.97,Weekend,4.9,42.11,Zone_3,1083.76,790,6,0,0.0109,0,208.51,19.09,21.85,On-Time,444.34
513,2024-08-21,Plant_A,M3,Solar,5.71,1526.22,80.29,4.65,6.83,0.85,Night,3.2,44.79,Zone_2,557.7,436,32,10,0.0834,1,1173.0,17.68,21.3,On-Time,228.66
514,2025-03-02,Plant_C,M1,Tempered,9.57,1529.59,81.51,3.98,6.35,0.91,Day,3.8,78.17,Zone_2,1126.33,940,8,0,0.0106,0,208.97,22.2,8.25,Delayed,461.8
515,2025-06-12,Plant_B,M1,Tempered,4.9,1549.61,62.46,3.27,5.42,0.92,Day,7.5,60.56,Zone_3,573.76,474,2,0,0.0068,0,51.71,22.76,25.66,Delayed,235.24
516,2024-05-18,Plant_C,M5,Float,6.96,1527.96,49.29,2.75,6.33,0.92,Day,4.2,69.75,Zone_1,510.93,486,2,0,0.0046,0,34.99,14.93,2.97,On-Time,209.48
517,2024-09-12,Plant_A,M4,Float,7.06,1449.94,44.68,3.08,7.35,0.89,Weekend,5.4,34.18,Zone_3,849.33,1054,79,14,0.1034,1,1293.3,35.62,21.19,Delayed,348.23
518,2025-01-12,Plant_B,M5,Solar,3.9,1536.82,60.36,3.26,6.12,0.89,Night,1.7,60.43,Zone_1,1330.09,999,3,0,0.004,0,103.64,20.09,1.92,On-Time,545.34
519,2024-09-04,Plant_B,M4,Solar,4.55,1546.01,72.99,4.0,5.32,0.93,Day,5.4,50.68,Zone_2,1149.26,811,3,0,0.0047,0,108.08,2.65,0.0,On-Time,471.2
520,2024-12-24,Plant_B,M2,Laminated,7.84,1497.43,81.42,2.59,4.21,0.83,Night,2.3,66.33,Zone_3,714.54,574,31,14,0.0924,1,1004.94,36.92,21.75,Delayed,292.96
521,2024-01-29,Plant_B,M1,Tempered,4.61,1517.07,71.52,4.15,6.57,0.93,Weekend,2.6,55.42,Zone_1,776.9,701,3,0,0.0062,0,79.34,24.5,12.65,Delayed,318.53
522,2024-08-18,Plant_C,M2,Laminated,12.52,1504.71,65.05,2.98,4.91,0.94,Night,5.8,46.87,Zone_3,1193.29,910,32,11,0.049,1,869.77,29.83,31.3,Delayed,489.25
523,2024-01-10,Plant_B,M2,Tempered,10.66,1572.07,62.76,4.01,5.11,0.99,Night,3.3,57.44,Zone_1,967.44,719,47,20,0.1154,1,1219.32,25.3,22.41,Delayed,396.65
524,2024-11-08,Plant_C,M3,Solar,3.66,1565.54,61.94,3.22,5.04,0.88,Weekend,1.1,39.58,Zone_2,1520.77,997,6,1,0.011,0,221.51,29.63,12.88,Delayed,623.52
525,2024-08-11,Plant_B,M3,Solar,4.26,1588.59,79.88,3.36,4.59,0.83,Night,5.6,38.77,Zone_1,1036.64,652,48,10,0.1229,1,1510.33,32.75,28.66,Delayed,425.02
526,2025-01-18,Plant_C,M5,Laminated,13.57,1534.49,89.04,3.61,6.5,0.88,Day,4.3,63.4,Zone_1,1495.13,1050,8,0,0.0105,0,209.35,24.56,13.59,Delayed,613.0
527,2024-12-10,Plant_B,M3,Laminated,9.51,1510.18,74.01,3.57,6.31,0.87,Day,5.4,44.22,Zone_3,1000.8,757,6,0,0.0095,0,177.56,4.31,1.65,On-Time,410.33
528,2024-11-01,Plant_A,M2,Tempered,5.16,1505.72,70.04,3.59,5.91,0.91,Weekend,8.0,46.22,Zone_3,735.9,702,3,0,0.0044,0,77.28,24.22,14.26,Delayed,301.72
529,2024-11-23,Plant_C,M2,Float,4.14,1447.76,73.46,2.54,6.19,0.85,Night,3.8,46.65,Zone_2,682.22,817,108,33,0.1551,1,1627.6,36.59,25.69,Delayed,279.71
530,2025-03-04,Plant_B,M4,Float,5.21,1487.16,70.18,2.34,6.8,0.94,Night,1.1,59.98,Zone_3,481.93,489,3,0,0.0092,0,52.9,16.17,16.15,On-Time,197.59
531,2024-12-17,Plant_C,M2,Solar,4.81,1562.69,58.95,3.93,6.4,0.88,Weekend,2.8,50.38,Zone_3,697.2,467,3,0,0.0078,0,97.39,20.68,9.19,On-Time,285.85
532,2024-11-03,Plant_A,M5,Tempered,5.8,1576.88,89.96,3.72,5.51,0.97,Day,7.6,34.56,Zone_2,1287.65,1001,86,19,0.146,1,2035.92,10.85,29.62,Delayed,527.94
533,2024-09-21,Plant_C,M5,Tempered,8.62,1580.57,79.03,3.46,6.17,0.83,Weekend,4.3,57.78,Zone_2,1203.11,856,64,21,0.133,1,1534.66,48.34,29.31,Delayed,493.28
534,2024-08-15,Plant_B,M2,Laminated,8.28,1491.76,97.6,2.53,6.84,0.79,Day,3.9,44.37,Zone_2,520.68,426,30,10,0.1195,1,879.92,19.65,16.41,Delayed,213.48
535,2024-10-28,Plant_B,M1,Solar,5.02,1544.1,86.77,4.04,7.51,0.89,Day,9.0,41.27,Zone_3,1528.18,1132,4,0,0.005,0,127.48,4.5,1.79,On-Time,626.55
536,2024-03-13,Plant_B,M2,Float,6.59,1486.27,69.14,3.19,8.37,0.87,Weekend,6.0,65.96,Zone_2,458.98,498,3,0,0.0097,0,50.45,34.39,17.71,Delayed,188.18
537,2025-02-27,Plant_A,M2,Tempered,4.15,1539.7,55.35,2.86,4.99,0.93,Weekend,6.7,71.28,Zone_2,750.22,643,4,0,0.009,0,93.61,25.8,16.59,Delayed,307.59
538,2025-04-13,Plant_A,M3,Tempered,10.24,1522.84,64.16,3.42,4.92,0.92,Night,3.5,73.03,Zone_2,951.8,841,6,0,0.011,0,140.33,10.38,14.3,On-Time,390.24
539,2024-06-30,Plant_B,M1,Float,3.88,1520.97,59.66,2.46,8.22,0.81,Day,9.4,64.57,Zone_1,550.95,564,1,0,0.004,0,14.4,12.13,4.34,On-Time,225.89
540,2024-06-21,Plant_C,M2,Solar,3.24,1560.38,53.37,4.26,5.94,0.91,Night,5.7,55.96,Zone_1,1377.65,929,44,10,0.0764,1,1606.3,49.29,28.85,Delayed,564.84
541,2025-03-20,Plant_C,M4,Solar,5.22,1527.96,81.82,3.73,4.97,0.92,Day,10.1,54.76,Zone_2,862.36,620,4,0,0.0088,0,151.72,15.45,7.19,On-Time,353.57
542,2024-02-08,Plant_C,M2,Laminated,13.06,1475.42,76.4,3.63,4.11,0.92,Weekend,2.7,67.64,Zone_2,1265.03,1062,4,0,0.004,0,126.32,31.83,18.89,Delayed,518.66
543,2024-07-14,Plant_A,M1,Tempered,11.93,1539.88,59.27,3.01,6.41,0.89,Day,8.7,52.65,Zone_2,622.89,555,5,0,0.0111,0,116.87,14.68,5.7,On-Time,255.38
544,2024-04-15,Plant_B,M5,Laminated,7.24,1474.04,85.18,2.62,6.04,0.82,Day,9.1,63.36,Zone_1,578.49,511,38,13,0.1153,1,1169.85,25.07,28.49,Delayed,237.18
545,2024-10-24,Plant_B,M5,Laminated,10.6,1516.45,103.4,3.58,4.75,0.85,Day,9.6,38.16,Zone_3,1307.98,998,5,0,0.0057,0,153.77,19.33,9.59,On-Time,536.27
546,2024-12-16,Plant_B,M3,Tempered,4.8,1552.18,85.74,3.84,4.82,0.89,Day,6.0,53.04,Zone_2,765.76,586,46,13,0.0913,1,998.05,29.09,8.86,Delayed,313.96
547,2024-08-17,Plant_C,M2,Tempered,5.02,1532.99,60.54,4.02,5.65,0.87,Night,5.9,43.87,Zone_3,794.57,642,5,0,0.0108,0,119.75,20.47,5.65,On-Time,325.77
548,2024-05-06,Plant_B,M1,Solar,6.0,1529.69,69.02,3.58,6.8,0.91,Weekend,6.0,59.61,Zone_2,635.96,504,2,0,0.0042,0,69.13,25.31,18.47,Delayed,260.74
549,2024-02-19,Plant_C,M1,Float,4.77,1491.11,54.1,3.13,8.82,0.91,Night,6.1,68.03,Zone_1,858.11,917,42,9,0.0606,1,688.75,23.72,18.71,Delayed,351.83
550,2024-04-28,Plant_B,M4,Solar,5.49,1544.63,82.35,3.72,5.49,0.81,Day,3.1,60.93,Zone_2,1117.07,791,4,0,0.0058,0,131.18,14.41,0.0,On-Time,458.0
551,2024-06-05,Plant_A,M1,Laminated,6.27,1492.43,74.63,3.6,5.74,0.9,Day,6.9,59.73,Zone_1,917.38,809,3,0,0.0064,0,94.87,22.84,2.85,Delayed,376.13
552,2024-10-03,Plant_C,M5,Tempered,4.26,1564.61,83.1,3.66,7.5,0.9,Day,6.9,42.26,Zone_1,1137.99,846,4,0,0.0068,0,102.22,18.22,6.56,On-Time,466.58
553,2024-04-30,Plant_B,M1,Float,7.68,1487.36,43.3,2.61,8.76,0.92,Day,2.9,62.42,Zone_3,1002.42,1111,11,0,0.0114,0,191.96,9.14,12.35,On-Time,410.99
554,2024-09-26,Plant_C,M2,Laminated,10.15,1537.01,81.12,2.54,4.41,0.87,Night,4.7,46.8,Zone_2,736.33,510,39,13,0.1093,1,1210.78,20.83,8.8,Delayed,301.9
555,2025-05-23,Plant_A,M4,Laminated,10.21,1472.22,61.7,2.78,5.35,0.88,Day,5.6,71.06,Zone_1,776.57,686,6,0,0.0097,0,161.54,2.09,4.49,On-Time,318.39
556,2024-04-23,Plant_C,M4,Tempered,8.19,1561.19,64.59,4.11,6.98,0.93,Weekend,6.5,65.36,Zone_3,673.81,479,37,10,0.1217,1,964.67,30.51,25.59,Delayed,276.26
557,2024-04-13,Plant_B,M2,Solar,5.48,1573.45,77.95,3.03,5.31,0.9,Weekend,4.9,75.27,Zone_2,1148.59,768,75,24,0.1244,1,2454.8,29.72,42.12,Delayed,470.92
558,2024-02-21,Plant_A,M2,Float,3.12,1446.84,67.42,2.86,8.41,0.96,Weekend,7.8,66.36,Zone_2,390.6,508,3,0,0.0084,0,48.06,9.95,17.66,On-Time,160.15
559,2024-11-16,Plant_B,M1,Float,3.2,1510.11,63.03,3.33,6.58,0.93,Weekend,4.7,55.93,Zone_1,1042.26,1078,97,33,0.1058,1,1559.83,32.47,20.09,Delayed,427.33
560,2024-05-21,Plant_C,M2,Laminated,9.96,1584.66,71.59,2.8,5.13,0.83,Day,6.1,71.46,Zone_2,1493.34,911,5,0,0.0073,0,141.49,7.58,4.68,On-Time,612.27
561,2024-10-01,Plant_C,M1,Laminated,9.99,1544.63,66.3,2.03,5.87,0.84,Night,3.5,53.56,Zone_1,1742.1,1198,105,24,0.1191,1,2839.33,39.27,23.1,Delayed,714.26
562,2025-02-13,Plant_B,M3,Solar,3.29,1543.16,58.75,3.61,4.56,0.99,Night,5.3,63.45,Zone_2,816.24,582,5,0,0.0119,0,160.92,31.34,15.26,Delayed,334.66
563,2024-06-19,Plant_A,M2,Float,7.26,1488.24,69.47,2.57,8.09,0.9,Weekend,8.7,64.69,Zone_1,681.66,773,2,0,0.0041,0,31.02,27.96,17.29,Delayed,279.48
564,2025-05-09,Plant_C,M4,Tempered,8.34,1542.95,81.83,3.17,7.13,0.97,Night,5.7,61.77,Zone_2,673.99,505,2,0,0.0064,0,53.43,34.83,6.97,Delayed,276.34
565,2024-05-13,Plant_B,M4,Float,3.42,1469.8,42.64,1.91,6.74,0.89,Weekend,0.9,72.06,Zone_2,504.8,543,39,19,0.1223,1,688.74,38.79,26.8,Delayed,206.97
566,2024-09-24,Plant_C,M3,Float,6.97,1502.01,50.95,2.82,8.51,0.85,Night,3.5,36.51,Zone_3,447.95,430,3,0,0.009,0,47.4,17.68,10.78,On-Time,183.66
567,2024-08-17,Plant_C,M3,Float,4.55,1449.32,58.43,2.25,8.76,0.99,Day,5.7,42.82,Zone_3,657.28,759,83,32,0.1541,1,1474.36,29.89,15.16,Delayed,269.48
568,2024-12-20,Plant_C,M4,Tempered,9.34,1540.81,87.68,3.22,6.09,0.93,Night,3.7,54.16,Zone_3,806.77,613,2,0,0.004,0,53.74,22.64,9.78,Delayed,330.78
569,2024-02-25,Plant_A,M2,Solar,3.78,1540.3,60.48,3.8,7.01,0.92,Weekend,4.3,54.81,Zone_1,727.34,564,2,0,0.004,0,67.52,22.0,10.18,On-Time,298.21
570,2025-05-18,Plant_B,M2,Laminated,12.29,1498.05,84.78,3.45,4.91,0.81,Weekend,7.5,62.5,Zone_1,1308.43,1049,7,0,0.0101,0,188.35,22.14,19.56,Delayed,536.46
571,2025-01-22,Plant_B,M2,Float,5.83,1500.59,76.39,2.31,7.45,0.93,Day,6.5,49.2,Zone_3,472.7,491,2,0,0.0048,0,33.18,7.76,0.0,On-Time,193.81
572,2025-05-25,Plant_B,M3,Float,6.26,1478.23,70.18,2.77,7.64,0.81,Weekend,2.4,50.76,Zone_3,918.58,1000,6,0,0.0084,0,96.22,29.36,14.04,Delayed,376.62
573,2024-04-15,Plant_B,M4,Float,7.99,1461.78,61.5,2.59,8.02,0.92,Night,6.2,61.51,Zone_1,791.99,895,3,0,0.004,0,45.8,7.7,14.89,On-Time,324.72
574,2024-11-07,Plant_C,M5,Tempered,7.98,1534.12,90.11,3.92,7.39,0.83,Night,1.1,56.04,Zone_2,1182.24,960,3,0,0.0045,0,74.15,15.88,8.16,On-Time,484.72
575,2025-01-07,Plant_A,M2,Solar,4.83,1538.86,80.27,3.52,5.3,0.93,Day,6.2,59.81,Zone_3,786.99,613,2,0,0.0044,0,72.36,0.0,5.04,On-Time,322.67
576,2025-01-07,Plant_C,M4,Float,4.03,1475.65,70.38,2.1,8.11,0.81,Day,4.5,64.03,Zone_3,788.68,827,64,25,0.1155,1,1140.77,32.24,23.51,Delayed,323.36
577,2024-12-15,Plant_B,M3,Laminated,8.13,1494.46,90.47,3.68,5.23,0.81,Night,4.2,50.78,Zone_1,1297.39,1036,5,0,0.0068,0,152.7,16.33,11.09,On-Time,531.93
578,2025-05-19,Plant_A,M4,Float,7.71,1475.03,65.68,2.36,8.1,0.86,Day,7.9,69.1,Zone_1,699.03,791,2,0,0.004,0,34.22,1.38,11.02,On-Time,286.6
579,2025-02-06,Plant_A,M4,Tempered,5.96,1484.51,64.12,3.8,4.58,0.88,Night,3.9,55.99,Zone_1,685.74,673,5,0,0.0097,0,109.74,17.06,7.17,On-Time,281.15
580,2024-02-17,Plant_C,M5,Float,5.66,1510.62,66.3,2.74,6.39,0.92,Night,3.5,67.66,Zone_2,611.58,609,2,0,0.006,0,35.43,24.49,8.75,Delayed,250.75
581,2025-05-31,Plant_A,M4,Float,6.0,1479.55,74.86,2.55,6.97,0.94,Night,5.7,62.24,Zone_1,696.77,777,5,0,0.0116,0,73.59,4.51,0.0,On-Time,285.68
582,2025-03-19,Plant_C,M4,Tempered,8.5,1515.78,77.66,3.38,6.52,0.89,Night,5.2,70.97,Zone_1,527.23,424,2,0,0.0075,0,44.54,34.97,0.41,Delayed,216.16
583,2024-05-11,Plant_A,M4,Laminated,11.2,1492.84,91.95,2.85,3.85,0.82,Day,8.2,65.13,Zone_2,564.22,458,4,0,0.0093,0,120.48,12.4,6.9,On-Time,231.33
584,2024-09-11,Plant_B,M4,Laminated,12.76,1489.65,100.77,2.59,6.2,0.9,Weekend,4.4,43.2,Zone_2,566.52,442,2,0,0.0078,0,53.98,23.73,14.44,Delayed,232.27
585,2024-05-21,Plant_B,M5,Laminated,12.21,1483.14,71.43,3.77,6.6,0.91,Night,8.8,58.62,Zone_3,1161.27,986,5,0,0.0081,0,159.96,8.01,3.51,On-Time,476.12
586,2024-08-10,Plant_A,M2,Laminated,9.34,1520.5,100.09,2.63,4.81,0.92,Night,6.3,44.05,Zone_3,607.65,478,21,7,0.0733,1,669.05,17.93,29.96,On-Time,249.14
587,2024-07-01,Plant_C,M5,Laminated,13.7,1538.84,83.63,3.27,4.72,0.99,Night,7.4,49.92,Zone_2,1011.71,704,4,0,0.0063,0,111.18,29.33,15.87,Delayed,414.8
588,2025-03-03,Plant_C,M5,Laminated,10.57,1515.66,102.53,3.47,4.74,0.9,Weekend,5.2,68.36,Zone_2,1084.47,807,4,0,0.0084,0,125.65,21.41,19.68,On-Time,444.63
589,2025-06-19,Plant_A,M1,Solar,5.14,1532.09,77.64,4.37,6.11,0.85,Day,8.3,56.92,Zone_3,913.79,747,24,7,0.0569,1,861.01,30.25,17.6,Delayed,374.65
590,2024-09-30,Plant_A,M3,Laminated,10.54,1499.65,60.67,3.31,4.89,0.9,Day,4.6,45.31,Zone_1,847.41,694,5,0,0.0119,0,158.52,4.46,9.87,On-Time,347.44
591,2024-10-29,Plant_A,M5,Float,3.36,1473.14,56.02,2.56,8.75,0.97,Day,4.5,45.23,Zone_2,815.51,982,9,1,0.0115,0,136.92,0.88,10.67,On-Time,334.36
592,2024-08-17,Plant_C,M5,Solar,4.53,1557.43,66.21,3.96,5.7,0.82,Day,6.1,37.13,Zone_3,1224.93,840,4,0,0.0084,0,145.83,23.09,5.65,Delayed,502.22
593,2024-02-18,Plant_B,M4,Solar,3.44,1489.41,74.01,3.63,4.48,0.88,Weekend,5.1,62.44,Zone_3,639.81,534,57,17,0.1403,1,2019.86,36.73,22.17,Delayed,262.32
594,2024-02-25,Plant_A,M3,Tempered,5.46,1499.88,81.27,3.86,4.84,0.99,Night,3.2,69.79,Zone_2,548.36,514,3,0,0.0083,0,75.86,29.43,6.87,Delayed,224.83
595,2025-01-11,Plant_C,M5,Tempered,7.47,1523.66,55.21,3.16,5.81,0.92,Night,6.3,62.56,Zone_1,1087.83,913,4,0,0.0062,0,104.62,20.96,13.05,On-Time,446.01
596,2024-06-30,Plant_C,M1,Tempered,8.07,1493.36,81.17,2.99,7.22,0.91,Weekend,2.5,61.05,Zone_3,554.96,533,62,21,0.1532,1,1593.42,26.53,30.21,Delayed,227.53
597,2025-01-21,Plant_A,M4,Laminated,8.57,1468.4,71.46,2.81,6.32,0.86,Night,5.7,65.38,Zone_1,1140.33,1034,80,13,0.0874,1,2101.08,40.36,25.36,Delayed,467.54
598,2024-09-18,Plant_A,M3,Solar,5.77,1531.79,60.24,4.15,4.81,0.84,Night,3.2,45.43,Zone_1,900.14,701,33,13,0.0655,1,1081.77,28.45,31.57,Delayed,369.06
599,2024-11-26,Plant_C,M1,Laminated,7.03,1522.87,100.01,3.51,7.16,0.88,Day,5.0,56.48,Zone_3,1001.87,741,3,0,0.0055,0,89.9,13.59,7.5,On-Time,410.77
600,2024-03-15,Plant_C,M3,Tempered,11.6,1520.4,73.74,3.28,4.94,0.89,Weekend,8.4,63.91,Zone_3,757.89,620,43,14,0.0847,1,1020.77,36.64,32.04,Delayed,310.73
601,2025-06-01,Plant_A,M4,Solar,5.89,1527.28,72.01,3.39,5.33,0.93,Day,3.5,65.82,Zone_1,627.72,483,3,0,0.0096,0,102.61,12.26,11.17,On-Time,257.37
602,2024-12-05,Plant_B,M3,Laminated,10.25,1509.84,65.94,2.37,6.54,0.92,Day,8.8,58.23,Zone_3,871.64,658,4,0,0.0085,0,110.27,12.5,12.88,On-Time,357.37
603,2024-01-10,Plant_A,M3,Solar,3.02,1505.07,84.04,3.92,6.61,0.99,Day,6.3,62.93,Zone_3,1306.48,1120,6,0,0.0091,0,225.03,3.8,0.54,On-Time,535.66
604,2024-09-06,Plant_A,M3,Solar,5.42,1513.36,53.15,3.38,5.23,0.83,Weekend,8.7,49.46,Zone_1,1195.9,995,3,0,0.004,0,99.42,7.39,7.33,On-Time,490.32
605,2024-10-16,Plant_A,M5,Laminated,11.44,1508.2,70.05,2.87,4.35,0.99,Day,4.8,49.37,Zone_3,1246.47,1026,5,0,0.0066,0,136.04,11.38,4.86,On-Time,511.05
606,2024-02-14,Plant_B,M2,Laminated,13.3,1516.76,66.32,2.92,5.19,0.83,Day,5.8,71.02,Zone_1,1119.61,847,6,0,0.0092,0,164.79,3.14,0.0,On-Time,459.04
607,2024-01-08,Plant_C,M1,Tempered,4.3,1562.22,77.74,3.88,7.75,0.93,Night,4.7,60.51,Zone_1,1585.8,1195,5,0,0.0053,0,116.31,15.07,12.58,On-Time,650.18
608,2025-03-10,Plant_A,M2,Solar,3.16,1533.27,83.57,3.88,6.42,0.92,Night,0.5,68.42,Zone_1,1223.63,970,9,0,0.0109,0,339.56,18.25,10.04,On-Time,501.69
609,2024-06-06,Plant_A,M4,Laminated,11.62,1432.7,85.49,2.67,4.2,0.97,Day,6.2,65.41,Zone_1,627.86,637,74,14,0.1585,1,2376.33,16.33,16.64,Delayed,257.42
610,2024-09-14,Plant_C,M1,Tempered,7.69,1534.79,83.59,2.65,5.69,0.92,Weekend,6.6,49.08,Zone_2,1216.95,998,8,0,0.0119,0,176.56,33.67,19.77,Delayed,498.95
611,2025-02-18,Plant_B,M3,Float,7.31,1493.6,62.23,1.8,6.67,0.88,Day,8.1,64.3,Zone_1,772.25,798,2,0,0.004,0,32.36,3.4,4.8,On-Time,316.62
612,2024-03-05,Plant_C,M5,Float,4.9,1469.29,71.24,1.63,6.51,0.92,Night,7.1,71.95,Zone_1,513.89,583,46,18,0.1203,1,822.59,41.29,28.28,Delayed,210.69
613,2025-05-29,Plant_A,M3,Laminated,8.18,1504.35,76.3,3.28,5.93,0.92,Night,4.3,51.05,Zone_2,980.77,794,4,0,0.0077,0,108.8,17.66,10.42,On-Time,402.12
614,2025-03-24,Plant_B,M4,Float,7.08,1505.5,78.1,2.54,6.03,0.88,Day,7.5,66.06,Zone_3,765.54,753,5,0,0.0088,0,87.24,11.7,0.0,On-Time,313.87
615,2025-02-04,Plant_C,M3,Tempered,9.94,1515.97,64.47,2.59,6.52,0.94,Day,5.2,56.2,Zone_3,627.83,518,3,0,0.0061,0,70.63,13.3,6.38,On-Time,257.41
616,2024-01-12,Plant_C,M5,Tempered,7.33,1525.69,89.89,3.74,5.46,0.94,Day,9.1,52.77,Zone_1,771.73,646,3,0,0.006,0,66.16,4.68,5.57,On-Time,316.41
617,2025-02-07,Plant_C,M5,Float,7.22,1501.23,68.35,2.64,9.09,0.99,Day,9.1,63.14,Zone_3,669.16,684,3,0,0.0059,0,46.64,21.09,0.0,On-Time,274.36
618,2024-12-18,Plant_A,M4,Tempered,5.9,1535.26,80.37,3.43,6.54,0.89,Day,8.7,53.34,Zone_1,738.03,615,4,0,0.0081,0,99.51,0.0,6.72,On-Time,302.59
619,2024-09-15,Plant_A,M1,Tempered,10.56,1516.49,64.47,3.33,5.55,0.95,Night,3.7,40.77,Zone_3,706.85,674,4,0,0.009,0,102.55,8.89,10.1,On-Time,289.81
620,2025-04-17,Plant_C,M5,Float,7.58,1461.73,68.7,1.91,9.09,0.86,Day,2.9,70.35,Zone_1,864.53,998,87,27,0.1198,1,1338.38,35.14,19.37,Delayed,354.46
621,2024-07-21,Plant_C,M5,Solar,3.69,1548.3,67.33,3.73,5.22,0.87,Weekend,8.2,42.75,Zone_2,1289.0,908,7,0,0.0084,0,233.36,32.49,14.94,Delayed,528.49
622,2024-08-28,Plant_A,M3,Float,7.15,1467.58,73.2,2.57,7.48,0.85,Weekend,3.1,36.02,Zone_2,440.99,510,2,0,0.0048,0,29.78,16.97,8.14,On-Time,180.81
623,2024-12-02,Plant_C,M3,Tempered,6.4,1553.15,85.22,2.82,6.79,0.84,Night,3.0,47.64,Zone_2,1114.33,833,4,0,0.0085,0,96.43,21.2,12.49,On-Time,456.88
624,2025-03-14,Plant_A,M1,Laminated,7.79,1487.26,73.8,3.34,6.84,0.87,Day,2.8,62.48,Zone_1,1164.95,1039,6,0,0.0088,0,184.8,9.19,14.44,On-Time,477.63
625,2025-03-22,Plant_B,M3,Tempered,6.38,1542.08,79.58,3.68,5.06,0.95,Night,6.2,73.32,Zone_2,592.09,463,2,0,0.004,0,52.56,19.73,9.81,On-Time,242.76
626,2025-04-18,Plant_B,M3,Laminated,11.84,1516.23,74.07,2.64,4.41,0.88,Day,8.8,60.49,Zone_1,1231.53,918,7,0,0.0108,0,200.24,11.04,7.54,On-Time,504.93
627,2024-03-24,Plant_B,M2,Tempered,4.03,1545.68,84.57,2.81,5.28,0.92,Day,9.8,65.55,Zone_3,824.21,660,29,7,0.0552,1,692.71,22.08,24.42,Delayed,337.93
628,2024-03-18,Plant_A,M5,Float,7.59,1512.96,59.74,2.47,6.88,0.89,Night,1.8,71.18,Zone_3,1030.41,1096,77,28,0.1059,1,1205.36,27.15,27.07,Delayed,422.47
629,2024-08-05,Plant_A,M5,Laminated,10.91,1542.32,65.7,2.78,6.23,0.89,Night,1.1,54.72,Zone_3,811.82,607,59,17,0.1282,1,1696.76,23.0,19.33,Delayed,332.85
630,2024-06-01,Plant_B,M4,Tempered,4.58,1526.98,66.3,3.07,7.02,0.96,Weekend,3.4,72.49,Zone_3,1074.53,885,3,0,0.0053,0,74.14,17.99,15.02,On-Time,440.56
631,2024-10-24,Plant_A,M4,Float,6.42,1458.86,54.54,1.8,8.0,0.95,Day,7.1,32.11,Zone_3,393.97,454,20,10,0.0677,1,337.66,36.25,25.05,Delayed,161.53
632,2024-09-01,Plant_C,M2,Tempered,7.34,1524.16,85.58,3.94,5.66,0.89,Day,2.6,55.05,Zone_1,757.52,629,3,0,0.0068,0,66.09,17.92,3.82,On-Time,310.58
633,2024-05-29,Plant_C,M4,Laminated,11.02,1544.51,61.45,2.65,4.15,0.83,Day,8.0,72.41,Zone_2,1147.71,758,84,24,0.1342,1,2333.37,20.87,18.77,Delayed,470.56
634,2024-09-27,Plant_B,M2,Float,3.36,1512.64,67.67,2.64,6.88,0.92,Night,5.0,47.7,Zone_3,600.37,602,4,0,0.0102,0,59.17,22.58,10.93,Delayed,246.15
635,2025-01-04,Plant_B,M4,Solar,4.38,1547.58,83.67,2.93,5.21,0.94,Weekend,0.5,54.74,Zone_1,719.19,497,3,0,0.0086,0,107.19,27.63,18.55,Delayed,294.87
636,2024-11-27,Plant_A,M5,Laminated,6.14,1530.71,64.98,3.26,6.54,0.99,Night,6.0,54.38,Zone_2,1461.04,1123,6,0,0.0076,0,173.85,23.32,10.5,Delayed,599.03
637,2024-06-27,Plant_B,M4,Laminated,9.39,1526.0,84.67,3.11,6.34,0.92,Night,3.0,59.21,Zone_1,1289.49,927,4,0,0.0077,0,112.96,14.26,0.0,On-Time,528.69
638,2025-01-20,Plant_A,M5,Solar,4.01,1552.76,58.77,3.05,7.02,0.91,Day,9.5,54.43,Zone_2,961.11,725,4,0,0.01,0,146.67,11.59,7.47,On-Time,394.06
639,2025-05-08,Plant_C,M1,Tempered,4.87,1546.77,81.46,3.29,7.12,0.83,Day,10.4,63.66,Zone_1,1077.65,855,4,0,0.0059,0,89.59,19.64,1.18,On-Time,441.84
640,2024-10-14,Plant_A,M2,Tempered,9.61,1523.14,59.78,3.34,5.81,0.92,Day,5.9,44.1,Zone_3,786.29,709,2,0,0.0045,0,45.38,8.98,4.7,On-Time,322.38
641,2024-05-01,Plant_C,M2,Solar,5.91,1546.23,85.04,3.67,5.05,0.79,Night,5.7,65.69,Zone_3,1603.62,1128,43,9,0.0585,1,1323.03,30.14,27.66,Delayed,657.48
642,2025-05-05,Plant_B,M2,Tempered,10.85,1553.86,85.93,3.69,5.25,0.89,Night,7.7,65.46,Zone_2,1296.69,1014,48,11,0.0561,1,1081.15,31.17,20.55,Delayed,531.64
643,2024-02-14,Plant_A,M5,Tempered,11.12,1528.82,91.95,3.45,6.02,0.95,Day,5.5,67.83,Zone_3,1250.89,1117,8,0,0.0082,0,211.05,2.4,3.53,On-Time,512.86
644,2024-05-30,Plant_A,M2,Laminated,6.3,1481.57,87.76,2.71,5.61,0.88,Weekend,3.8,61.8,Zone_3,604.56,538,2,0,0.0055,0,57.9,18.77,11.78,On-Time,247.87
645,2024-01-20,Plant_C,M3,Float,6.67,1485.02,74.86,2.28,8.48,0.88,Day,6.3,59.7,Zone_3,1042.55,1082,5,0,0.0075,0,88.71,8.97,8.3,On-Time,427.45
646,2025-05-08,Plant_A,M2,Solar,5.99,1559.26,82.83,3.06,4.99,0.87,Night,8.5,62.87,Zone_3,1441.93,1056,3,0,0.0042,0,108.87,10.25,14.01,On-Time,591.19
647,2024-07-05,Plant_C,M5,Laminated,6.48,1527.91,85.28,2.92,4.88,0.88,Day,4.1,63.87,Zone_3,632.76,457,3,0,0.0102,0,89.62,16.68,15.26,On-Time,259.43
648,2025-04-09,Plant_C,M5,Float,4.55,1530.87,64.16,2.44,9.07,0.86,Day,8.3,63.08,Zone_2,868.41,813,48,17,0.0843,1,857.93,21.43,15.44,On-Time,356.05
649,2024-01-17,Plant_A,M5,Solar,3.92,1532.86,82.89,3.3,6.48,0.94,Night,0.9,64.72,Zone_3,871.88,700,36,10,0.068,1,1103.12,32.48,31.59,Delayed,357.47
650,2025-05-02,Plant_C,M5,Float,7.96,1494.24,75.14,2.09,6.88,0.82,Weekend,4.6,59.12,Zone_3,766.86,799,3,0,0.0055,0,44.89,45.49,19.34,Delayed,314.41
651,2024-04-30,Plant_A,M4,Tempered,9.72,1539.77,71.06,3.09,6.05,0.88,Weekend,6.2,73.4,Zone_3,633.33,517,1,0,0.004,0,22.88,19.06,12.12,On-Time,259.67
652,2025-03-17,Plant_C,M4,Laminated,7.95,1511.87,95.41,3.21,5.03,0.91,Weekend,5.6,73.72,Zone_3,1078.41,782,2,0,0.0046,0,64.73,31.84,15.99,Delayed,442.15
653,2024-08-22,Plant_B,M4,Laminated,6.5,1524.4,99.63,2.97,5.82,0.84,Night,5.2,31.82,Zone_3,650.7,459,2,0,0.0055,0,59.66,31.5,9.9,Delayed,266.79
654,2024-04-10,Plant_B,M2,Laminated,13.91,1540.3,92.7,3.28,6.08,0.87,Day,10.4,53.04,Zone_1,996.62,704,7,0,0.0114,0,204.61,16.73,11.85,On-Time,408.61
655,2024-03-26,Plant_B,M5,Solar,3.65,1531.02,60.78,3.83,5.51,0.79,Day,9.2,65.55,Zone_1,757.83,583,3,0,0.0075,0,93.26,13.15,1.66,On-Time,310.71
656,2024-01-08,Plant_C,M5,Float,7.87,1479.49,68.67,3.26,8.52,0.87,Day,9.8,55.48,Zone_2,591.82,648,6,0,0.0107,0,88.82,15.19,0.21,On-Time,242.65
657,2024-11-19,Plant_B,M3,Float,3.24,1457.15,69.91,2.75,7.9,0.84,Day,5.3,48.27,Zone_3,775.97,902,2,0,0.004,0,32.78,6.24,10.66,On-Time,318.15
658,2024-09-24,Plant_C,M4,Laminated,6.62,1508.91,68.35,2.68,5.91,0.84,Night,4.4,36.7,Zone_3,930.75,678,2,0,0.0047,0,53.46,16.46,4.38,On-Time,381.61
659,2024-07-27,Plant_B,M5,Solar,3.98,1534.01,55.17,4.05,6.55,0.87,Day,6.2,48.83,Zone_3,601.62,460,2,0,0.0048,0,62.62,8.1,11.18,On-Time,246.66
660,2024-09-16,Plant_B,M5,Laminated,8.57,1544.94,67.12,2.56,6.6,0.93,Night,4.6,31.81,Zone_2,972.38,685,2,0,0.0044,0,64.55,2.41,2.66,On-Time,398.68
661,2024-05-01,Plant_C,M2,Solar,5.17,1543.52,53.23,3.68,6.44,0.91,Night,6.6,63.74,Zone_1,1360.56,965,7,1,0.0109,0,218.39,14.99,17.64,On-Time,557.83
662,2025-06-04,Plant_B,M3,Float,4.21,1494.54,77.26,3.18,7.14,0.88,Day,8.9,65.44,Zone_3,448.25,453,14,7,0.0536,1,243.73,14.99,28.6,On-Time,183.78
663,2024-04-03,Plant_A,M4,Solar,5.92,1514.93,78.97,3.66,5.71,0.82,Day,5.4,55.22,Zone_2,1150.37,943,3,0,0.005,0,96.49,14.0,10.12,On-Time,471.65
664,2024-03-22,Plant_C,M1,Solar,3.59,1536.33,80.52,4.5,5.03,0.95,Weekend,6.4,65.58,Zone_2,811.91,607,4,0,0.0095,0,122.92,19.57,5.64,On-Time,332.88
665,2025-06-17,Plant_B,M5,Float,5.87,1477.01,46.76,2.36,6.77,0.89,Weekend,4.7,65.88,Zone_1,944.15,1066,4,0,0.0052,0,63.81,33.53,19.41,Delayed,387.1
666,2025-03-25,Plant_A,M2,Laminated,11.37,1498.79,84.92,2.93,5.07,0.94,Day,5.3,58.31,Zone_3,589.73,496,2,0,0.0055,0,54.58,15.19,8.1,On-Time,241.79
667,2024-08-25,Plant_C,M2,Float,3.89,1505.19,67.06,2.82,7.37,0.85,Day,8.6,47.1,Zone_3,566.61,564,34,11,0.069,1,596.78,30.96,21.06,Delayed,232.31
668,2024-06-10,Plant_A,M3,Solar,3.71,1557.15,67.28,3.41,6.56,0.89,Day,8.0,57.45,Zone_2,1462.52,1063,5,0,0.0059,0,163.19,6.75,19.68,On-Time,599.63
669,2024-07-24,Plant_C,M1,Float,4.37,1523.87,65.1,2.33,6.81,0.9,Weekend,7.2,50.43,Zone_3,1223.43,1178,4,0,0.0049,0,63.56,35.47,19.31,Delayed,501.61
670,2024-12-22,Plant_B,M3,Tempered,11.39,1516.35,74.22,2.99,6.85,0.9,Night,7.4,56.74,Zone_1,782.38,668,2,0,0.0051,0,49.04,23.77,13.45,Delayed,320.78
671,2025-02-17,Plant_C,M1,Laminated,8.9,1536.29,61.77,2.98,7.31,0.94,Day,9.0,65.18,Zone_3,1523.9,1075,68,18,0.0742,1,2131.89,39.69,12.62,Delayed,624.8
672,2024-03-15,Plant_C,M3,Laminated,13.39,1541.14,62.66,3.28,6.41,0.85,Weekend,3.1,67.07,Zone_3,1431.07,966,6,0,0.0091,0,159.22,23.09,16.17,Delayed,586.74
673,2024-09-13,Plant_C,M4,Solar,3.04,1554.01,64.67,4.04,4.92,0.89,Night,10.1,37.36,Zone_1,1399.48,941,3,0,0.004,0,102.27,16.35,5.18,On-Time,573.79
674,2025-04-14,Plant_C,M4,Float,3.5,1472.26,59.69,2.02,7.03,0.91,Day,5.5,60.29,Zone_2,494.58,512,29,13,0.0796,1,451.67,30.17,21.89,Delayed,202.78
675,2024-08-13,Plant_C,M2,Laminated,13.94,1541.72,94.93,3.36,5.61,0.9,Day,9.4,49.79,Zone_2,955.41,653,3,0,0.0057,0,92.47,3.49,3.73,On-Time,391.72
676,2024-01-10,Plant_C,M3,Tempered,7.57,1550.02,76.08,3.84,5.16,0.88,Day,6.7,60.56,Zone_2,1032.89,778,5,0,0.0074,0,128.2,8.39,0.0,On-Time,423.48
677,2024-12-16,Plant_A,M5,Tempered,10.11,1506.74,55.42,3.31,6.18,0.92,Day,6.4,41.85,Zone_2,713.67,688,5,0,0.0093,0,115.63,0.0,0.0,On-Time,292.6
678,2024-10-02,Plant_A,M2,Solar,4.41,1512.22,76.1,3.02,4.74,0.92,Night,5.0,39.92,Zone_1,1032.45,877,3,0,0.0049,0,94.95,14.34,13.73,On-Time,423.3
679,2024-09-28,Plant_A,M2,Tempered,8.7,1530.09,84.0,3.17,5.22,0.92,Night,4.9,37.5,Zone_3,584.75,516,3,0,0.0067,0,78.2,14.87,10.7,On-Time,239.75
680,2024-04-19,Plant_A,M1,Solar,5.84,1511.61,52.2,3.83,5.11,0.92,Night,1.5,67.3,Zone_3,535.38,477,4,0,0.0103,0,132.49,15.65,20.14,On-Time,219.51
681,2025-05-08,Plant_B,M5,Laminated,11.06,1513.88,66.87,2.89,6.52,0.82,Day,4.5,55.63,Zone_3,1042.24,803,3,0,0.0045,0,90.26,18.39,8.47,On-Time,427.32
682,2025-05-17,Plant_A,M5,Laminated,6.12,1489.0,71.69,3.18,5.71,0.89,Day,6.4,64.68,Zone_3,1049.72,920,4,0,0.0053,0,125.52,11.44,11.02,On-Time,430.39
683,2025-06-22,Plant_B,M4,Float,4.8,1466.59,62.35,2.72,6.36,0.9,Day,10.2,47.73,Zone_2,399.43,427,1,0,0.0047,0,14.83,13.07,1.57,On-Time,163.77
684,2024-06-27,Plant_B,M1,Solar,4.7,1528.64,66.43,3.13,5.45,0.94,Day,9.0,66.78,Zone_1,1282.02,1000,47,17,0.0597,1,1532.19,22.73,33.83,Delayed,525.63
685,2024-08-03,Plant_B,M5,Float,6.23,1494.46,51.58,2.97,9.13,0.79,Day,6.0,44.53,Zone_3,456.9,494,2,0,0.0042,0,32.86,12.52,0.0,On-Time,187.33
686,2024-07-10,Plant_C,M3,Tempered,10.61,1534.94,72.06,3.2,6.87,0.99,Day,3.9,54.62,Zone_3,1368.34,1083,4,0,0.005,0,102.5,9.56,0.97,On-Time,561.02
687,2024-07-07,Plant_B,M4,Tempered,11.92,1515.11,64.06,3.77,5.14,0.9,Day,4.1,62.93,Zone_2,542.67,451,2,0,0.0056,0,47.15,5.73,0.0,On-Time,222.49
688,2025-02-14,Plant_B,M4,Tempered,6.18,1522.2,57.4,3.59,6.53,0.87,Night,1.9,67.64,Zone_3,695.09,572,2,0,0.006,0,52.07,23.85,20.34,Delayed,284.99
689,2024-04-12,Plant_C,M3,Tempered,10.45,1510.55,91.35,3.97,6.53,0.86,Night,6.6,76.49,Zone_2,586.11,491,44,13,0.1051,1,1058.32,39.46,23.14,Delayed,240.31
690,2024-06-02,Plant_B,M1,Tempered,11.17,1539.98,85.65,3.32,8.15,0.83,Day,4.9,63.08,Zone_1,957.33,800,4,0,0.0081,0,104.34,2.8,7.0,On-Time,392.51
691,2025-06-13,Plant_C,M3,Solar,3.15,1557.04,74.2,3.99,6.04,0.85,Day,2.8,55.28,Zone_3,1578.04,1061,8,0,0.0088,0,284.44,9.24,3.53,On-Time,647.0
692,2024-02-18,Plant_B,M1,Tempered,8.9,1574.19,78.58,3.53,7.85,0.96,Day,7.5,69.54,Zone_2,1140.2,861,7,0,0.0101,0,156.04,11.2,9.26,On-Time,467.48
693,2024-04-08,Plant_B,M3,Laminated,11.28,1503.46,73.99,4.26,5.3,0.87,Day,4.2,68.84,Zone_3,1354.84,1052,102,32,0.1114,1,2833.72,28.02,16.91,Delayed,555.48
694,2024-09-20,Plant_B,M1,Solar,3.63,1557.82,74.99,3.84,6.01,0.85,Day,6.2,52.66,Zone_3,665.59,483,2,0,0.0055,0,67.95,11.71,13.05,On-Time,272.89
695,2024-07-22,Plant_C,M5,Tempered,8.83,1529.99,56.29,3.61,5.7,0.9,Weekend,4.2,46.41,Zone_2,550.43,457,2,0,0.0044,0,45.74,17.63,10.21,On-Time,225.68
696,2025-06-06,Plant_B,M4,Float,4.79,1494.24,70.05,2.91,7.1,0.98,Day,7.2,64.74,Zone_2,593.87,597,3,0,0.0067,0,53.67,19.7,12.68,On-Time,243.49
697,2024-05-28,Plant_A,M3,Solar,4.04,1504.2,59.35,3.58,6.21,0.9,Night,6.5,58.68,Zone_3,702.51,596,6,0,0.0115,0,194.7,19.55,11.06,On-Time,288.03
698,2024-03-14,Plant_A,M2,Laminated,9.21,1511.18,79.58,3.24,5.61,0.9,Day,6.7,58.37,Zone_2,1446.02,1170,4,0,0.004,0,111.91,4.22,13.18,On-Time,592.87
699,2024-09-30,Plant_C,M4,Laminated,12.11,1498.35,92.8,3.41,5.79,0.81,Weekend,3.8,46.94,Zone_2,585.22,432,3,0,0.0086,0,97.2,29.16,8.34,Delayed,239.94
700,2025-06-17,Plant_B,M4,Tempered,8.48,1515.66,64.27,3.54,4.93,0.81,Day,4.8,55.06,Zone_1,1140.29,975,49,24,0.0833,1,1176.63,22.27,23.03,Delayed,467.52
701,2024-08-28,Plant_C,M3,Float,4.64,1490.3,67.15,2.48,7.5,0.89,Day,6.0,42.46,Zone_2,441.73,439,2,0,0.0085,0,33.97,11.55,6.05,On-Time,181.11
702,2024-03-06,Plant_B,M5,Float,3.6,1475.94,50.29,2.18,7.39,0.98,Day,7.8,76.52,Zone_2,447.6,513,5,0,0.0113,0,75.28,29.82,3.69,Delayed,183.52
703,2024-03-26,Plant_A,M3,Tempered,11.16,1509.4,82.75,3.32,5.19,0.9,Day,6.3,66.72,Zone_2,1166.01,1080,8,0,0.0095,0,194.51,18.22,13.25,On-Time,478.06
704,2024-09-10,Plant_C,M3,Solar,4.09,1529.69,71.54,4.1,5.57,0.84,Night,2.4,44.88,Zone_1,943.41,684,42,13,0.0909,1,1575.62,29.96,17.54,Delayed,386.8
705,2024-06-23,Plant_A,M1,Laminated,12.1,1541.11,100.38,3.02,4.73,0.92,Weekend,1.2,56.49,Zone_2,1588.79,1196,8,0,0.0077,0,218.73,35.07,12.68,Delayed,651.4
706,2025-04-23,Plant_C,M3,Solar,5.25,1533.11,65.49,3.15,5.11,0.83,Day,0.8,72.15,Zone_3,875.74,627,47,17,0.1277,1,1473.56,39.24,23.79,Delayed,359.05
707,2025-04-12,Plant_C,M5,Solar,4.19,1553.99,58.43,3.7,7.27,0.82,Night,3.7,78.51,Zone_3,1618.43,1119,5,0,0.0056,0,182.66,16.93,5.84,On-Time,663.56
708,2024-12-21,Plant_B,M5,Tempered,8.8,1535.47,70.69,3.14,6.55,0.92,Night,2.5,52.69,Zone_2,598.11,502,2,0,0.0052,0,53.3,29.54,12.31,Delayed,245.23
709,2025-02-26,Plant_B,M2,Laminated,7.23,1570.73,82.14,2.51,6.37,0.85,Day,7.3,57.99,Zone_3,1204.92,784,6,0,0.0102,0,193.34,2.86,2.05,On-Time,494.02
710,2024-05-19,Plant_B,M3,Solar,4.56,1555.71,80.04,2.76,5.34,0.91,Night,2.1,71.14,Zone_3,697.78,477,2,0,0.008,0,74.77,33.48,26.61,Delayed,286.09
711,2025-05-03,Plant_B,M1,Solar,4.87,1520.2,70.06,3.3,7.31,0.88,Night,4.2,67.02,Zone_3,976.95,788,66,14,0.1139,1,2072.39,33.06,24.68,Delayed,400.55
712,2024-01-08,Plant_C,M3,Tempered,7.95,1569.0,85.09,4.11,6.86,0.89,Day,8.6,42.13,Zone_3,1485.56,1067,112,36,0.1337,1,2566.16,30.57,22.73,Delayed,609.08
713,2024-09-12,Plant_A,M4,Solar,4.84,1527.41,56.51,3.69,5.14,0.96,Day,6.9,44.17,Zone_1,969.66,759,4,0,0.0063,0,143.51,9.54,11.57,On-Time,397.56
714,2024-09-02,Plant_C,M5,Laminated,12.38,1494.22,64.97,3.34,6.51,0.91,Day,10.3,45.92,Zone_3,634.29,508,4,0,0.0106,0,129.24,14.11,16.11,On-Time,260.06
715,2024-10-02,Plant_B,M2,Float,7.47,1480.47,44.31,2.8,6.85,0.97,Day,5.4,34.02,Zone_2,617.21,682,2,0,0.004,0,29.93,20.94,14.38,On-Time,253.06
716,2025-04-11,Plant_C,M4,Laminated,11.06,1514.81,101.45,3.02,4.26,0.88,Night,3.2,72.36,Zone_2,979.62,702,3,0,0.0072,0,80.41,20.41,6.18,On-Time,401.64
717,2024-01-20,Plant_A,M1,Float,4.92,1480.51,74.97,2.74,7.67,0.92,Day,3.7,67.41,Zone_1,646.39,780,2,0,0.004,0,34.51,0.0,8.35,On-Time,265.02
718,2024-05-08,Plant_C,M4,Float,6.73,1541.61,51.2,2.95,6.93,0.91,Day,5.8,67.35,Zone_1,613.89,525,41,11,0.1186,1,695.23,35.76,15.8,Delayed,251.69
719,2024-08-10,Plant_B,M4,Laminated,9.65,1553.6,103.91,3.9,4.78,0.91,Night,4.0,49.2,Zone_2,643.89,418,4,0,0.0113,0,122.39,11.28,8.9,On-Time,263.99
720,2025-04-19,Plant_C,M1,Laminated,9.08,1527.21,78.8,2.52,4.82,0.9,Day,4.8,66.36,Zone_1,1250.87,909,46,19,0.0731,1,1479.57,19.18,21.09,On-Time,512.86
721,2025-02-05,Plant_A,M5,Solar,4.88,1541.36,82.22,4.1,7.17,0.87,Day,5.3,73.92,Zone_2,821.94,643,5,0,0.0104,0,163.26,18.36,9.24,On-Time,337.0
722,2024-01-13,Plant_A,M2,Solar,3.76,1523.92,79.19,3.79,5.24,0.86,Night,0.6,61.08,Zone_2,613.26,501,4,0,0.0094,0,138.13,8.57,7.94,On-Time,251.44
723,2024-02-04,Plant_A,M4,Float,3.46,1520.59,61.84,2.01,6.64,0.94,Night,4.9,65.94,Zone_1,778.91,772,61,13,0.1351,1,1029.42,18.57,26.47,Delayed,319.35
724,2024-11-15,Plant_B,M2,Float,4.01,1468.66,65.31,2.8,7.38,0.85,Night,4.3,47.89,Zone_3,818.86,940,3,0,0.0044,0,44.08,5.25,7.49,On-Time,335.73
725,2024-09-16,Plant_B,M3,Tempered,4.82,1580.23,64.77,2.56,6.47,0.84,Day,8.8,37.91,Zone_1,905.79,644,5,0,0.0102,0,122.83,7.92,6.76,On-Time,371.37
726,2024-08-11,Plant_A,M2,Solar,4.98,1541.48,80.45,3.99,5.43,0.99,Day,3.5,49.73,Zone_1,1342.21,1037,5,0,0.0062,0,155.51,10.46,4.76,On-Time,550.31
727,2024-05-02,Plant_B,M2,Float,5.11,1493.84,58.38,2.59,7.06,0.83,Weekend,1.2,68.91,Zone_3,761.29,807,5,0,0.0076,0,83.05,24.76,19.13,Delayed,312.13
728,2025-05-01,Plant_C,M5,Tempered,10.72,1537.3,79.98,3.39,5.43,0.88,Day,5.4,72.97,Zone_1,1059.59,853,5,0,0.0093,0,123.06,7.75,0.0,On-Time,434.43
729,2025-05-26,Plant_A,M5,Laminated,8.0,1515.53,87.14,2.93,4.54,0.87,Weekend,6.3,74.25,Zone_3,752.71,609,50,9,0.0925,1,1520.08,39.62,34.33,Delayed,308.61
730,2024-12-30,Plant_C,M2,Float,4.68,1503.49,60.38,2.14,8.35,0.78,Day,4.9,49.29,Zone_1,508.8,509,27,4,0.0602,1,407.3,24.6,19.49,Delayed,208.61
731,2024-12-21,Plant_B,M2,Float,3.92,1469.25,68.02,2.28,6.69,0.91,Night,4.9,64.65,Zone_2,848.38,972,3,0,0.0046,0,50.5,6.16,13.51,On-Time,347.84
732,2024-09-13,Plant_A,M4,Solar,4.26,1539.04,54.33,3.9,5.85,0.93,Night,1.4,32.9,Zone_3,1101.32,834,4,0,0.0078,0,125.18,21.14,5.84,On-Time,451.54
733,2024-07-13,Plant_C,M2,Laminated,10.13,1521.11,97.59,2.54,5.84,0.91,Day,11.2,40.59,Zone_2,1502.65,1090,6,0,0.0097,0,161.43,8.51,5.11,On-Time,616.09
734,2024-06-13,Plant_A,M5,Tempered,7.5,1536.76,65.38,3.83,6.89,0.9,Day,7.8,63.47,Zone_2,827.3,724,3,0,0.0057,0,72.88,0.0,2.62,On-Time,339.19
735,2025-04-09,Plant_A,M5,Solar,5.59,1563.9,82.83,3.5,5.54,0.83,Night,2.1,74.47,Zone_1,1155.36,842,65,22,0.1253,1,2115.82,28.75,30.63,Delayed,473.7
736,2025-01-07,Plant_C,M2,Laminated,12.94,1494.13,77.16,2.77,5.1,0.81,Night,2.5,50.01,Zone_3,1207.06,952,7,0,0.0103,0,208.03,35.69,6.32,Delayed,494.89
737,2025-01-31,Plant_A,M5,Solar,5.7,1531.82,79.51,3.81,4.95,0.93,Night,3.2,51.81,Zone_1,1160.29,932,9,0,0.0109,0,300.04,22.4,18.58,Delayed,475.72
738,2024-11-26,Plant_B,M3,Float,5.02,1506.43,69.51,2.63,7.5,0.86,Day,9.3,44.18,Zone_3,432.36,421,3,0,0.0085,0,51.31,20.09,16.74,On-Time,177.27
739,2024-05-12,Plant_A,M1,Tempered,11.16,1526.61,78.58,3.35,7.57,0.86,Day,7.9,65.77,Zone_1,825.92,759,8,0,0.0116,0,209.54,14.34,9.0,On-Time,338.63
740,2025-02-01,Plant_C,M4,Laminated,12.38,1543.15,71.81,2.85,4.67,0.89,Day,2.4,64.58,Zone_1,748.33,489,2,0,0.0074,0,54.84,13.4,14.99,On-Time,306.82
741,2024-03-13,Plant_A,M2,Solar,4.13,1555.23,68.4,3.87,6.73,0.91,Weekend,1.1,63.62,Zone_1,1446.49,1072,3,0,0.004,0,108.69,9.12,11.09,On-Time,593.06
742,2024-03-03,Plant_B,M5,Solar,4.97,1564.16,82.36,4.64,5.34,0.83,Night,4.4,57.63,Zone_3,764.84,532,38,18,0.115,1,1388.33,31.15,17.09,Delayed,313.58
743,2024-09-29,Plant_C,M1,Float,3.17,1476.27,50.18,2.67,7.39,0.88,Night,1.2,41.51,Zone_1,457.59,525,4,0,0.0092,0,69.07,21.51,19.12,On-Time,187.61
744,2025-06-15,Plant_A,M1,Tempered,11.42,1494.46,73.71,3.71,5.28,0.95,Night,9.2,61.82,Zone_1,522.91,543,2,0,0.006,0,53.0,27.46,1.31,Delayed,214.39
745,2024-09-11,Plant_C,M2,Solar,3.77,1536.71,60.76,3.1,5.02,0.89,Night,7.3,43.82,Zone_3,1167.83,846,2,0,0.004,0,75.7,18.13,4.76,On-Time,478.81
746,2025-04-14,Plant_C,M4,Float,7.92,1503.63,56.84,2.5,6.79,0.89,Day,7.8,69.72,Zone_1,478.01,448,3,0,0.008,0,51.77,1.61,9.13,On-Time,195.98
747,2025-05-31,Plant_B,M2,Solar,3.65,1534.73,58.8,4.18,6.63,0.89,Weekend,2.8,60.61,Zone_2,720.96,541,3,0,0.008,0,113.19,11.76,12.53,On-Time,295.59
748,2024-11-28,Plant_B,M4,Solar,5.55,1545.02,71.36,3.98,6.22,0.88,Night,0.5,48.35,Zone_2,1099.1,777,6,0,0.011,0,201.79,20.36,10.58,On-Time,450.63
749,2024-08-07,Plant_B,M5,Laminated,13.24,1531.4,76.17,3.71,4.29,0.94,Day,10.7,50.99,Zone_2,911.97,668,3,0,0.0064,0,95.31,0.9,15.21,On-Time,373.91
750,2025-02-10,Plant_A,M1,Laminated,8.61,1496.28,93.6,2.68,4.65,0.89,Night,4.7,63.32,Zone_3,699.19,614,5,0,0.0107,0,149.94,22.73,14.87,Delayed,286.67
751,2024-11-05,Plant_A,M3,Tempered,4.39,1512.06,75.71,3.79,4.76,0.99,Day,9.3,38.24,Zone_2,1147.12,1053,37,13,0.0491,1,918.93,29.84,32.06,Delayed,470.32
752,2024-10-09,Plant_C,M5,Tempered,9.75,1543.72,80.23,4.24,6.24,0.98,Day,9.5,41.73,Zone_2,1435.57,1131,5,0,0.0064,0,108.41,10.11,2.36,On-Time,588.58
753,2024-05-21,Plant_B,M3,Tempered,5.68,1593.18,64.41,3.92,4.9,0.93,Day,8.3,57.61,Zone_2,812.57,557,57,27,0.156,1,1385.38,26.82,21.19,Delayed,333.15
754,2025-02-13,Plant_C,M2,Float,6.95,1503.34,79.39,2.12,7.01,0.88,Night,8.0,66.5,Zone_2,1121.06,1122,8,0,0.0115,0,129.26,30.09,17.0,Delayed,459.63
755,2024-04-07,Plant_C,M3,Float,5.37,1500.25,51.38,2.23,8.75,0.86,Night,7.7,70.37,Zone_3,1038.75,1029,4,0,0.0058,0,70.26,21.48,11.78,On-Time,425.89
756,2024-02-27,Plant_B,M3,Solar,3.31,1518.45,70.38,3.57,5.53,0.93,Day,4.5,61.21,Zone_1,799.98,617,3,0,0.0059,0,112.21,14.5,1.02,On-Time,327.99
757,2024-08-20,Plant_C,M5,Float,7.14,1488.61,66.96,2.52,8.2,0.87,Night,3.4,39.88,Zone_3,503.19,537,2,0,0.0055,0,31.11,13.31,12.92,On-Time,206.31
758,2024-11-08,Plant_C,M1,Laminated,12.56,1513.71,60.61,2.59,5.78,0.88,Night,8.0,45.92,Zone_1,789.33,604,3,0,0.0065,0,83.34,14.48,5.89,On-Time,323.63
759,2024-08-14,Plant_A,M1,Solar,4.01,1537.1,59.47,3.46,7.47,0.88,Weekend,3.0,52.01,Zone_3,1471.41,1172,5,0,0.005,0,162.38,27.29,19.19,Delayed,603.28
760,2024-04-02,Plant_A,M4,Laminated,8.02,1525.95,99.44,3.35,6.07,0.91,Night,5.8,67.82,Zone_1,731.49,543,36,11,0.1015,1,1148.26,24.58,14.47,Delayed,299.91
761,2024-03-25,Plant_B,M5,Float,5.32,1515.87,53.86,2.51,8.71,0.88,Night,4.4,77.4,Zone_2,1093.19,1096,55,19,0.0796,1,818.5,21.61,10.72,On-Time,448.21
762,2025-05-28,Plant_B,M2,Tempered,9.5,1539.71,85.77,3.44,6.22,0.86,Day,7.3,51.46,Zone_1,1192.57,972,3,0,0.004,0,71.32,14.97,2.34,On-Time,488.95
763,2024-07-19,Plant_C,M5,Tempered,8.81,1527.38,65.47,3.2,6.41,0.95,Day,6.6,52.72,Zone_2,532.55,446,4,0,0.011,0,99.45,19.3,2.13,On-Time,218.35
764,2024-11-27,Plant_C,M5,Float,5.3,1481.75,66.44,2.99,8.91,0.85,Day,6.2,35.08,Zone_2,1019.88,1101,4,0,0.0055,0,68.67,20.17,18.62,On-Time,418.15
765,2024-12-22,Plant_A,M3,Laminated,11.69,1493.82,61.74,2.66,3.97,0.83,Night,3.9,60.08,Zone_1,1029.83,863,5,0,0.008,0,156.45,9.29,8.87,On-Time,422.23
766,2024-06-22,Plant_B,M5,Solar,4.86,1545.28,65.57,4.17,7.11,0.92,Night,3.8,58.33,Zone_2,1459.29,1067,38,9,0.0439,1,1223.35,31.85,28.73,Delayed,598.31
767,2024-08-27,Plant_A,M3,Tempered,4.83,1544.26,78.16,3.1,5.84,0.91,Night,4.6,48.16,Zone_1,655.08,537,32,7,0.0786,1,816.71,20.64,33.18,Delayed,268.58
768,2024-02-25,Plant_A,M5,Tempered,4.18,1514.5,62.02,3.53,7.4,0.88,Weekend,5.4,67.79,Zone_2,965.32,904,35,10,0.0573,1,900.78,26.79,14.44,Delayed,395.78
769,2024-04-23,Plant_B,M4,Solar,5.92,1513.99,60.02,4.51,5.92,0.95,Day,9.0,74.33,Zone_1,691.3,531,3,0,0.0101,0,110.71,10.36,4.61,On-Time,283.43
770,2024-08-04,Plant_A,M5,Laminated,8.07,1483.05,64.63,2.96,4.34,0.85,Night,5.6,53.38,Zone_3,735.36,660,2,0,0.004,0,58.62,13.09,13.98,On-Time,301.5
771,2024-05-24,Plant_C,M1,Solar,3.81,1521.52,54.68,3.86,5.02,0.89,Night,5.3,56.45,Zone_3,1505.22,1164,7,0,0.0082,0,244.31,21.84,22.02,On-Time,617.14
772,2024-09-18,Plant_A,M1,Laminated,7.41,1519.27,82.23,3.98,5.87,0.9,Day,3.8,40.78,Zone_3,1226.37,988,80,29,0.1267,1,2296.76,25.19,15.42,Delayed,502.81
773,2024-02-24,Plant_B,M1,Float,5.62,1499.3,44.8,2.21,7.09,0.86,Day,6.0,74.89,Zone_2,438.21,483,1,0,0.0048,0,14.92,13.24,18.49,On-Time,179.67
774,2025-01-03,Plant_A,M1,Laminated,12.73,1540.19,100.35,2.34,5.23,0.9,Weekend,1.9,56.73,Zone_3,890.17,680,77,13,0.1286,1,2069.01,45.53,35.32,Delayed,364.97
775,2025-01-24,Plant_C,M1,Laminated,8.61,1488.09,96.03,3.2,7.26,0.85,Day,5.3,70.0,Zone_3,1328.78,1089,62,31,0.1007,1,1668.18,27.76,8.65,Delayed,544.8
776,2024-07-09,Plant_A,M5,Solar,4.45,1571.39,86.92,3.79,5.86,0.82,Night,2.1,51.11,Zone_3,1613.27,1148,88,33,0.1174,1,3012.73,19.05,21.51,Delayed,661.44
777,2024-09-10,Plant_C,M3,Laminated,9.38,1515.7,67.89,2.81,4.31,0.87,Day,4.2,36.08,Zone_3,1145.8,830,6,0,0.0096,0,157.7,19.38,0.0,On-Time,469.78
778,2024-12-21,Plant_C,M3,Laminated,9.32,1490.08,91.72,2.16,4.77,0.86,Night,4.4,56.93,Zone_1,704.46,547,4,0,0.0096,0,119.47,39.26,29.87,Delayed,288.83
779,2025-05-28,Plant_B,M1,Laminated,6.48,1510.26,101.69,3.27,4.35,0.87,Weekend,4.2,57.89,Zone_1,656.67,526,4,0,0.0109,0,106.18,19.86,15.61,On-Time,269.23
780,2024-10-13,Plant_A,M2,Laminated,9.97,1454.31,99.17,2.99,4.57,0.97,Weekend,3.4,40.13,Zone_3,979.62,960,88,23,0.1018,1,2553.95,31.66,27.77,Delayed,401.64
781,2025-01-26,Plant_C,M5,Tempered,10.02,1522.69,89.4,3.67,7.45,0.72,Day,5.8,57.54,Zone_3,766.81,648,54,16,0.1043,1,1385.0,29.52,25.97,Delayed,314.39
782,2024-11-15,Plant_C,M3,Solar,5.44,1561.14,68.49,4.12,6.63,0.91,Night,4.0,40.37,Zone_1,986.05,650,4,0,0.0081,0,147.48,26.72,0.0,Delayed,404.28
783,2024-07-26,Plant_A,M3,Tempered,11.85,1536.21,77.15,3.53,6.6,0.97,Day,8.8,54.02,Zone_1,858.22,726,3,0,0.0048,0,67.58,0.0,6.45,On-Time,351.87
784,2024-06-10,Plant_B,M1,Float,7.03,1524.74,45.71,2.45,6.61,0.87,Day,9.9,59.1,Zone_1,852.2,850,6,0,0.0116,0,103.97,16.83,2.13,On-Time,349.4
785,2024-11-22,Plant_B,M4,Laminated,6.76,1549.91,70.14,3.23,4.24,0.87,Day,8.8,44.34,Zone_3,771.51,510,2,0,0.0068,0,54.59,6.92,2.68,On-Time,316.32
786,2024-10-07,Plant_A,M2,Float,5.45,1483.96,75.94,3.12,8.07,0.96,Day,9.2,53.32,Zone_1,864.94,994,5,0,0.0062,0,75.21,0.0,2.22,On-Time,354.63
787,2024-09-30,Plant_C,M5,Tempered,4.58,1541.11,80.74,2.82,7.18,0.88,Night,3.6,40.9,Zone_1,1388.92,1103,6,0,0.0073,0,137.16,16.84,7.85,On-Time,569.46
788,2025-01-02,Plant_A,M4,Tempered,5.81,1553.14,71.21,2.97,6.62,0.88,Day,7.3,55.77,Zone_3,735.1,581,44,22,0.1284,1,1075.61,10.02,25.4,Delayed,301.39
789,2025-01-17,Plant_A,M4,Solar,4.99,1521.19,83.98,4.32,6.29,0.9,Day,9.7,58.69,Zone_1,1250.42,1006,4,0,0.0047,0,139.96,17.48,11.99,On-Time,512.67
790,2024-02-03,Plant_B,M1,Laminated,11.77,1536.22,91.34,3.0,6.65,0.92,Weekend,1.4,59.85,Zone_1,1269.44,925,7,0,0.0104,0,217.32,19.04,19.16,On-Time,520.47
791,2024-07-26,Plant_A,M1,Tempered,7.24,1505.47,58.53,3.79,7.56,0.88,Weekend,0.5,52.71,Zone_2,1280.08,1246,4,0,0.0057,0,100.02,21.65,16.35,On-Time,524.83
792,2025-05-16,Plant_C,M3,Solar,4.1,1551.59,70.96,4.58,6.78,0.85,Weekend,4.6,65.23,Zone_2,1334.82,910,41,18,0.0788,1,1288.35,37.59,37.39,Delayed,547.28
793,2024-02-12,Plant_C,M4,Laminated,10.88,1502.19,84.52,3.07,4.02,0.9,Day,8.9,57.29,Zone_3,1209.98,907,5,0,0.009,0,131.78,23.6,10.55,Delayed,496.09
794,2025-06-21,Plant_C,M1,Float,5.73,1526.26,58.8,2.26,8.6,0.82,Day,4.0,50.68,Zone_1,1055.71,1013,5,0,0.0071,0,80.86,13.03,4.56,On-Time,432.84
795,2024-09-08,Plant_C,M5,Solar,4.92,1555.07,71.15,3.62,5.8,0.96,Weekend,7.6,39.55,Zone_1,1448.47,999,4,0,0.004,0,139.91,25.21,17.63,Delayed,593.87
796,2025-06-12,Plant_C,M1,Tempered,5.72,1548.55,88.85,2.49,8.13,0.84,Day,5.0,59.99,Zone_2,1323.22,1040,3,0,0.004,0,70.0,17.82,3.28,On-Time,542.52
797,2024-10-19,Plant_B,M2,Solar,5.61,1526.14,54.59,3.97,6.52,0.96,Day,5.3,30.75,Zone_1,1406.7,1085,7,0,0.0098,0,250.3,10.72,5.5,On-Time,576.75
798,2024-05-25,Plant_B,M4,Float,7.53,1483.39,44.39,2.74,6.78,0.87,Night,5.9,57.07,Zone_1,427.32,435,2,0,0.0049,0,34.62,6.86,0.92,On-Time,175.2
799,2024-05-18,Plant_B,M4,Laminated,9.62,1519.17,62.7,3.11,5.1,0.86,Day,7.4,55.54,Zone_1,1241.63,910,5,0,0.006,0,157.51,0.0,4.7,On-Time,509.07
800,2024-07-25,Plant_B,M1,Laminated,8.68,1554.86,93.95,3.21,4.85,0.93,Day,6.8,50.11,Zone_3,1358.77,939,3,0,0.0053,0,79.1,19.49,18.44,On-Time,557.1
801,2024-06-16,Plant_C,M1,Float,6.61,1495.86,73.45,2.33,7.94,0.89,Day,7.3,50.72,Zone_2,1085.93,1137,8,0,0.0078,0,121.39,13.49,0.0,On-Time,445.23
802,2024-03-28,Plant_C,M4,Tempered,7.86,1535.95,70.5,3.18,6.63,0.9,Day,3.8,69.4,Zone_2,969.11,752,37,12,0.0619,1,880.35,25.55,18.0,Delayed,397.34
803,2024-06-23,Plant_B,M5,Tempered,5.49,1524.25,86.84,3.17,4.99,0.86,Day,2.8,48.62,Zone_1,1288.98,1110,7,0,0.0076,0,176.99,19.46,8.83,On-Time,528.48
804,2024-02-22,Plant_B,M3,Laminated,10.29,1503.96,77.15,3.29,6.05,0.94,Night,4.8,57.87,Zone_2,630.01,480,2,0,0.007,0,54.65,23.69,3.09,Delayed,258.3
805,2024-07-04,Plant_A,M2,Tempered,9.34,1477.86,73.98,3.67,5.6,0.89,Day,8.3,59.09,Zone_2,676.28,711,58,21,0.1062,1,1441.11,19.26,24.73,Delayed,277.27
806,2025-05-24,Plant_B,M5,Float,7.11,1458.48,62.61,2.69,7.33,0.88,Night,9.0,65.94,Zone_2,751.1,904,5,0,0.0076,0,79.13,6.3,10.54,On-Time,307.95
807,2025-05-02,Plant_B,M4,Solar,3.51,1536.71,83.52,3.85,4.87,0.85,Day,7.0,75.05,Zone_3,1043.78,756,26,12,0.0627,1,828.29,23.5,21.23,Delayed,427.95
808,2024-10-11,Plant_C,M5,Tempered,6.76,1561.13,62.06,3.24,7.27,0.83,Day,7.7,37.76,Zone_1,674.01,509,27,10,0.0877,1,633.46,32.41,9.11,Delayed,276.34
809,2024-12-23,Plant_A,M2,Float,6.34,1445.5,57.17,2.35,8.59,0.91,Night,5.5,54.48,Zone_3,508.88,665,3,0,0.0078,0,44.21,5.2,17.86,On-Time,208.64
810,2024-03-30,Plant_A,M1,Solar,4.06,1536.73,82.69,3.63,6.53,0.95,Weekend,4.9,70.75,Zone_1,1479.88,1180,9,0,0.0102,0,298.11,11.16,13.04,On-Time,606.75
811,2024-06-30,Plant_B,M5,Laminated,11.25,1508.63,98.49,3.17,6.77,0.91,Weekend,7.3,53.67,Zone_1,1102.81,863,3,0,0.0057,0,87.82,28.61,17.16,Delayed,452.15
812,2024-11-26,Plant_B,M4,Float,4.37,1486.71,63.59,2.63,6.84,0.89,Night,5.7,58.41,Zone_3,488.68,497,2,0,0.005,0,35.69,16.44,21.24,On-Time,200.36
813,2025-04-27,Plant_A,M1,Laminated,12.64,1524.39,102.14,3.42,7.22,0.91,Day,7.2,60.88,Zone_2,1335.56,1058,9,0,0.01,0,271.05,0.17,0.0,On-Time,547.58
814,2024-08-02,Plant_C,M1,Float,6.37,1508.49,53.02,2.43,7.08,0.96,Night,3.4,48.71,Zone_3,728.68,743,6,0,0.0105,0,96.99,9.86,10.41,On-Time,298.76
815,2024-03-30,Plant_B,M5,Laminated,7.91,1481.85,80.1,3.9,5.17,0.89,Day,5.7,61.37,Zone_2,692.56,594,47,20,0.1108,1,1361.88,24.53,22.36,Delayed,283.95
816,2024-12-28,Plant_A,M5,Solar,5.01,1516.67,77.55,3.11,6.06,0.92,Day,7.0,60.39,Zone_3,883.9,748,4,0,0.0088,0,131.84,10.81,10.14,On-Time,362.4
817,2024-07-03,Plant_C,M2,Laminated,7.72,1502.01,92.15,3.16,6.09,0.92,Weekend,4.2,67.76,Zone_1,1350.95,1039,6,0,0.0068,0,162.38,15.89,4.48,On-Time,553.89
818,2025-04-21,Plant_C,M1,Tempered,6.32,1518.13,83.24,3.83,5.25,0.8,Night,5.2,70.37,Zone_2,1200.29,1037,65,33,0.1117,1,1564.15,26.13,27.12,Delayed,492.12
819,2024-12-07,Plant_B,M5,Tempered,7.36,1527.6,57.79,3.76,7.67,0.9,Day,7.7,44.61,Zone_1,919.47,786,2,0,0.004,0,44.9,8.41,0.0,On-Time,376.98
820,2024-09-17,Plant_A,M3,Laminated,6.62,1511.55,96.4,2.76,5.16,0.88,Day,6.5,41.68,Zone_2,978.92,775,4,0,0.0056,0,121.49,11.09,1.78,On-Time,401.36
821,2024-04-26,Plant_C,M3,Laminated,8.59,1562.14,86.5,3.14,5.5,0.86,Day,6.6,61.86,Zone_3,1438.47,917,4,0,0.0069,0,106.23,18.09,0.0,On-Time,589.77
822,2024-01-30,Plant_A,M2,Laminated,13.55,1509.74,76.51,3.28,6.25,0.84,Night,4.6,59.33,Zone_3,1044.66,849,8,0,0.011,0,230.16,24.32,4.03,Delayed,428.31
823,2025-04-30,Plant_A,M2,Solar,3.12,1570.92,67.19,3.43,6.92,0.87,Day,5.7,69.84,Zone_2,1289.27,913,6,0,0.0075,0,218.43,0.69,4.53,On-Time,528.6
824,2024-12-09,Plant_B,M4,Float,5.16,1470.76,64.91,1.94,8.55,0.82,Night,4.7,60.43,Zone_2,775.58,850,58,18,0.1023,1,946.68,55.57,31.02,Delayed,317.99
825,2024-11-19,Plant_C,M5,Float,7.21,1485.65,75.77,2.25,7.91,0.85,Day,12.1,38.26,Zone_3,402.86,436,3,0,0.0098,0,45.85,13.09,6.8,On-Time,165.17
826,2024-12-28,Plant_A,M2,Laminated,10.0,1505.9,63.75,3.71,4.61,0.87,Night,3.0,55.59,Zone_2,1108.91,912,2,0,0.004,0,63.03,15.5,17.6,On-Time,454.65
827,2024-06-18,Plant_C,M5,Solar,4.53,1529.99,76.78,3.93,5.44,0.87,Day,6.9,55.62,Zone_1,592.68,446,2,0,0.0063,0,66.94,20.75,13.39,On-Time,243.0
828,2024-11-11,Plant_C,M3,Float,5.36,1491.78,62.32,2.99,5.94,0.9,Day,4.3,49.03,Zone_1,971.51,986,5,0,0.007,0,73.48,18.97,8.02,On-Time,398.32
829,2024-08-31,Plant_B,M4,Laminated,13.12,1547.86,66.3,3.03,5.58,0.87,Day,3.1,42.5,Zone_2,971.2,651,60,17,0.1171,1,1758.58,11.85,11.85,Delayed,398.19
830,2025-01-18,Plant_A,M2,Float,3.39,1452.86,50.54,3.11,6.97,0.96,Day,7.0,63.67,Zone_1,780.61,994,3,0,0.004,0,45.59,12.26,0.0,On-Time,320.05
831,2025-05-27,Plant_A,M2,Laminated,11.12,1447.08,86.68,2.73,5.48,0.94,Weekend,0.8,58.32,Zone_3,1026.8,1034,7,0,0.008,0,208.74,12.59,13.19,On-Time,420.99
832,2024-11-13,Plant_B,M2,Float,3.74,1508.03,76.33,2.92,6.15,0.92,Night,3.7,49.88,Zone_3,679.01,690,4,0,0.0084,0,60.29,26.08,25.64,Delayed,278.39
833,2024-05-15,Plant_A,M1,Solar,3.82,1519.18,82.89,4.53,5.89,0.89,Day,7.1,69.08,Zone_3,1205.4,1021,51,8,0.057,1,1574.02,22.88,13.68,Delayed,494.21
834,2024-11-14,Plant_A,M5,Float,3.3,1462.06,64.67,2.52,8.18,0.98,Day,4.9,30.0,Zone_1,403.31,510,2,0,0.006,0,30.9,0.0,3.59,On-Time,165.36
835,2024-11-15,Plant_A,M5,Laminated,7.27,1527.47,67.62,3.25,4.43,0.87,Night,7.1,46.01,Zone_1,869.8,678,3,0,0.0054,0,83.68,12.81,3.64,On-Time,356.62
836,2024-07-16,Plant_B,M3,Laminated,10.17,1491.48,63.95,2.84,4.35,0.93,Night,6.9,40.32,Zone_3,647.66,514,27,10,0.0623,1,814.41,22.3,26.22,Delayed,265.54
837,2024-06-01,Plant_A,M3,Float,5.61,1447.75,60.55,2.49,7.06,0.94,Day,8.1,61.79,Zone_3,543.77,679,2,0,0.004,0,34.9,0.0,2.86,On-Time,222.95
838,2024-04-14,Plant_A,M5,Laminated,13.51,1488.06,97.35,2.74,6.69,0.93,Night,2.2,67.2,Zone_2,773.15,682,7,0,0.0118,0,217.75,19.86,9.82,On-Time,316.99
839,2024-10-17,Plant_C,M2,Tempered,11.3,1523.62,57.43,4.04,7.21,0.87,Day,7.5,39.89,Zone_3,900.52,749,3,0,0.0048,0,74.97,12.44,8.99,On-Time,369.21
840,2025-03-30,Plant_A,M2,Float,6.34,1482.92,59.71,3.06,8.07,0.87,Day,5.2,59.89,Zone_3,644.42,743,33,11,0.0504,1,547.53,16.67,24.4,On-Time,264.21
841,2025-01-27,Plant_A,M1,Solar,3.46,1506.26,62.63,3.52,6.63,0.84,Day,3.0,55.66,Zone_3,1105.33,980,8,0,0.0093,0,286.17,14.27,9.1,On-Time,453.19
842,2025-04-01,Plant_C,M3,Laminated,8.61,1521.61,69.83,3.16,5.64,0.8,Day,6.2,77.26,Zone_1,920.17,652,6,0,0.0114,0,157.43,13.47,8.08,On-Time,377.27
843,2024-03-21,Plant_B,M5,Tempered,5.87,1541.92,83.96,3.96,7.1,0.9,Day,3.2,61.53,Zone_3,1144.75,935,4,0,0.0074,0,97.49,20.7,16.06,On-Time,469.35
844,2025-04-11,Plant_B,M4,Solar,5.5,1526.24,77.41,3.68,5.3,0.93,Day,7.6,75.23,Zone_1,719.96,532,3,0,0.0086,0,100.36,15.09,9.97,On-Time,295.18
845,2024-09-21,Plant_B,M4,Tempered,10.12,1546.6,69.74,3.46,5.41,0.88,Night,7.2,44.93,Zone_3,880.23,679,3,0,0.0055,0,79.47,2.82,2.61,On-Time,360.89
846,2024-11-28,Plant_B,M4,Float,4.09,1515.24,77.05,2.99,7.73,0.93,Day,6.9,51.42,Zone_1,1050.83,1016,6,0,0.0072,0,103.48,16.92,2.73,On-Time,430.84
847,2025-04-17,Plant_A,M3,Laminated,13.36,1454.84,96.1,2.71,5.37,0.96,Night,8.1,68.77,Zone_1,807.28,770,60,25,0.1112,1,1702.37,17.84,25.78,Delayed,330.98
848,2025-02-19,Plant_C,M1,Laminated,6.99,1518.69,60.93,2.86,4.63,0.86,Night,4.5,58.87,Zone_1,767.45,579,3,0,0.0059,0,89.12,23.69,13.02,Delayed,314.65
849,2025-04-17,Plant_B,M5,Solar,4.83,1561.64,87.25,3.13,6.27,0.87,Day,10.3,67.83,Zone_1,1485.02,1034,6,0,0.0105,0,209.31,13.65,5.98,On-Time,608.86
850,2025-05-08,Plant_B,M1,Laminated,7.33,1505.65,68.53,3.24,5.01,0.9,Day,7.5,61.86,Zone_3,578.02,472,4,0,0.0101,0,127.62,3.78,13.87,On-Time,236.99
851,2025-03-21,Plant_C,M3,Tempered,10.33,1519.91,79.15,3.44,6.15,0.89,Day,6.2,60.93,Zone_3,1129.87,934,3,0,0.0046,0,76.24,23.52,14.89,Delayed,463.25
852,2025-05-13,Plant_A,M5,Solar,5.45,1558.56,69.95,3.29,5.23,0.8,Day,9.2,72.11,Zone_1,1123.74,832,4,0,0.0057,0,124.59,9.35,4.35,On-Time,460.73
853,2024-06-29,Plant_B,M4,Float,5.95,1484.48,66.61,2.92,6.36,0.96,Night,5.4,63.34,Zone_3,622.06,646,3,0,0.0072,0,49.63,1.93,7.16,On-Time,255.04
854,2025-01-23,Plant_B,M4,Float,3.03,1493.63,46.96,3.05,7.97,0.9,Day,10.5,54.76,Zone_1,579.63,583,3,0,0.0071,0,52.91,4.19,6.95,On-Time,237.65
855,2024-01-01,Plant_A,M2,Solar,5.98,1552.08,73.5,3.29,5.94,0.85,Night,8.0,55.95,Zone_2,1243.17,930,3,0,0.0052,0,102.36,14.2,19.73,On-Time,509.7
856,2025-04-02,Plant_A,M2,Laminated,8.36,1514.78,69.13,3.35,4.95,0.84,Day,6.4,68.9,Zone_3,1087.11,870,4,0,0.0076,0,118.96,8.39,12.33,On-Time,445.72
857,2025-03-21,Plant_C,M3,Float,7.39,1486.57,63.87,2.44,7.24,0.94,Night,6.1,59.94,Zone_3,496.72,502,5,0,0.0107,0,72.22,19.61,6.24,On-Time,203.66
858,2025-02-17,Plant_A,M3,Float,6.04,1473.24,42.14,2.36,7.69,0.86,Day,6.0,68.13,Zone_3,848.3,985,3,0,0.0048,0,45.99,12.65,13.77,On-Time,347.8
859,2024-01-01,Plant_C,M5,Laminated,7.68,1532.0,90.64,3.5,5.71,0.96,Day,7.5,50.19,Zone_2,1471.6,1041,9,0,0.0118,0,265.41,4.17,0.0,On-Time,603.36
860,2024-08-28,Plant_B,M5,Solar,3.82,1543.6,82.31,4.0,5.96,0.84,Night,7.5,43.83,Zone_3,1016.1,749,5,0,0.0109,0,162.48,17.48,13.16,On-Time,416.6
861,2025-01-25,Plant_B,M5,Tempered,9.07,1523.75,88.28,2.96,5.42,0.84,Night,6.1,67.17,Zone_2,1235.53,1066,49,12,0.0736,1,1247.03,35.6,20.63,Delayed,506.57
862,2025-01-28,Plant_B,M4,Tempered,6.02,1535.57,64.06,3.38,5.56,0.86,Day,5.8,46.81,Zone_3,1222.36,984,8,0,0.0104,0,198.83,11.97,2.66,On-Time,501.17
863,2024-01-12,Plant_A,M1,Tempered,9.48,1528.46,88.71,3.21,7.64,0.95,Night,1.1,56.15,Zone_2,1270.57,1149,6,0,0.0083,0,134.68,12.73,25.12,On-Time,520.93
864,2024-05-19,Plant_A,M2,Solar,3.87,1550.56,80.24,4.52,5.38,0.84,Weekend,6.9,74.23,Zone_3,987.35,742,66,16,0.1224,1,2033.68,23.58,26.62,Delayed,404.81
865,2025-03-11,Plant_C,M2,Solar,3.63,1507.79,53.59,3.1,6.19,0.84,Day,6.7,62.99,Zone_3,1413.3,1126,8,0,0.0092,0,296.09,22.52,6.61,Delayed,579.45
866,2025-01-28,Plant_B,M2,Tempered,6.17,1540.79,56.79,3.98,6.05,0.87,Day,4.1,58.01,Zone_1,1298.58,1055,4,0,0.0063,0,94.93,0.0,0.98,On-Time,532.42
867,2024-08-30,Plant_C,M5,Laminated,11.7,1522.3,81.22,3.33,6.37,0.85,Day,6.9,51.48,Zone_3,1156.25,843,5,0,0.0065,0,134.23,19.05,0.0,On-Time,474.06
868,2024-02-04,Plant_A,M5,Solar,3.05,1522.95,71.86,3.47,4.9,0.9,Night,4.2,70.46,Zone_1,1387.11,1145,4,0,0.0053,0,151.71,13.01,12.86,On-Time,568.72
869,2024-03-22,Plant_A,M5,Laminated,11.18,1502.07,61.49,3.36,6.99,0.92,Day,5.1,64.06,Zone_1,969.14,815,5,0,0.0095,0,158.55,0.0,0.0,On-Time,397.35
870,2024-03-31,Plant_A,M4,Float,5.74,1483.83,68.25,2.54,6.33,0.96,Night,5.5,61.69,Zone_3,521.44,565,3,0,0.0074,0,44.38,0.0,0.0,On-Time,213.79
871,2024-11-15,Plant_C,M1,Laminated,7.13,1507.8,62.4,2.99,6.16,0.84,Night,8.0,52.92,Zone_1,1459.19,1121,3,0,0.004,0,89.3,25.22,12.85,Delayed,598.27
872,2025-06-08,Plant_B,M5,Laminated,6.67,1490.32,85.23,2.7,4.86,0.9,Day,5.8,57.51,Zone_2,1352.49,1120,9,0,0.0092,0,278.1,0.0,4.58,On-Time,554.52
873,2024-02-06,Plant_C,M5,Laminated,6.54,1512.68,87.19,2.54,5.1,0.99,Night,7.8,47.07,Zone_3,1437.49,1077,8,0,0.0111,0,210.02,29.75,10.17,Delayed,589.37
874,2025-04-29,Plant_C,M2,Float,5.47,1463.44,63.42,2.81,6.36,0.86,Night,6.6,65.6,Zone_2,506.77,575,2,0,0.0045,0,31.29,20.09,21.51,On-Time,207.78
875,2024-01-28,Plant_B,M4,Float,6.14,1495.41,56.5,2.7,6.52,0.84,Day,3.6,45.03,Zone_1,687.82,694,5,0,0.0076,0,82.35,14.57,13.04,On-Time,282.01
876,2024-10-11,Plant_B,M2,Laminated,8.21,1546.91,100.09,2.75,4.2,0.88,Day,5.4,37.62,Zone_2,1567.44,1087,57,25,0.0927,1,1835.71,17.66,15.11,Delayed,642.65
877,2024-04-24,Plant_C,M2,Tempered,7.69,1535.92,76.63,3.34,5.83,0.88,Night,3.8,68.46,Zone_2,1369.83,1097,11,0,0.011,0,288.67,21.01,9.43,On-Time,561.63
878,2024-09-24,Plant_C,M2,Solar,3.46,1541.11,65.25,4.03,4.79,0.92,Day,5.8,41.64,Zone_3,1435.86,1026,8,0,0.0118,0,285.97,23.37,12.2,Delayed,588.7
879,2024-12-17,Plant_A,M2,Tempered,6.7,1509.67,62.78,3.17,5.29,0.9,Night,4.3,46.77,Zone_2,771.06,726,6,0,0.0103,0,147.2,12.8,6.8,On-Time,316.13
880,2024-08-31,Plant_C,M4,Tempered,10.33,1501.65,79.7,3.59,5.52,0.84,Day,13.0,52.47,Zone_3,585.22,496,3,0,0.0083,0,69.44,15.46,10.52,On-Time,239.94
881,2024-02-25,Plant_C,M3,Float,4.61,1500.7,74.27,2.36,6.92,0.9,Day,10.0,59.57,Zone_2,513.7,498,4,0,0.0097,0,65.65,15.31,8.55,On-Time,210.62
882,2024-11-04,Plant_B,M5,Tempered,11.5,1531.43,81.54,3.35,7.09,0.88,Day,3.2,44.54,Zone_3,1111.19,937,8,0,0.0107,0,190.22,0.0,3.77,On-Time,455.59
883,2024-09-25,Plant_A,M5,Solar,3.71,1538.9,53.35,4.12,6.85,0.9,Day,4.5,41.2,Zone_2,664.1,525,3,0,0.0075,0,102.12,5.74,9.28,On-Time,272.28
884,2024-11-19,Plant_C,M1,Float,4.05,1491.81,70.51,3.0,8.26,0.94,Weekend,3.8,35.8,Zone_3,782.8,837,3,0,0.004,0,44.8,28.77,17.91,Delayed,320.95
885,2025-03-18,Plant_C,M3,Laminated,10.54,1533.91,83.65,3.4,5.63,0.91,Day,7.6,63.43,Zone_1,1373.8,946,8,0,0.0119,0,258.08,14.62,12.41,On-Time,563.26
886,2025-02-04,Plant_B,M2,Tempered,7.48,1575.87,89.59,3.76,5.63,0.81,Day,8.7,67.75,Zone_3,1416.57,1042,76,37,0.1272,1,1741.07,19.98,20.59,Delayed,580.79
887,2024-07-03,Plant_B,M5,Float,4.22,1496.61,75.1,3.05,8.17,0.89,Night,5.1,64.36,Zone_1,903.25,960,40,10,0.0597,1,659.67,23.58,25.58,Delayed,370.33
888,2024-04-10,Plant_C,M1,Solar,4.71,1553.94,58.06,3.33,6.76,0.94,Day,6.0,72.18,Zone_3,1329.64,931,4,0,0.0066,0,129.4,5.97,0.0,On-Time,545.15
889,2024-07-16,Plant_A,M1,Float,7.15,1452.63,56.33,2.89,8.12,0.96,Day,6.7,56.19,Zone_3,937.03,1226,12,0,0.0114,0,191.03,0.0,5.32,On-Time,384.18
890,2024-08-10,Plant_C,M1,Float,6.2,1467.08,75.98,2.52,9.61,0.83,Day,6.4,50.78,Zone_3,662.79,771,64,17,0.1383,1,955.84,31.35,21.21,Delayed,271.74
891,2024-07-08,Plant_A,M2,Laminated,9.15,1494.83,95.01,2.85,5.66,0.84,Day,9.0,56.14,Zone_3,1365.32,1163,7,0,0.0068,0,192.42,0.0,0.0,On-Time,559.78
892,2025-04-09,Plant_B,M4,Laminated,12.59,1547.65,98.71,3.35,6.43,0.85,Day,5.3,64.73,Zone_1,1281.31,866,72,17,0.1049,1,2175.8,30.02,21.6,Delayed,525.34
893,2024-03-04,Plant_B,M4,Laminated,10.48,1550.97,62.53,3.22,5.48,0.93,Weekend,6.4,62.22,Zone_2,1464.83,984,7,1,0.012,0,197.8,17.17,20.05,On-Time,600.58
894,2024-09-28,Plant_A,M4,Float,7.84,1476.88,58.27,2.24,6.63,0.87,Day,7.3,44.22,Zone_1,562.63,626,2,0,0.0046,0,34.36,8.28,10.32,On-Time,230.68
895,2024-07-01,Plant_C,M4,Float,7.82,1461.56,73.41,3.0,6.53,0.91,Day,4.7,60.1,Zone_2,874.25,964,75,26,0.0991,1,1124.85,28.8,19.81,Delayed,358.44
896,2024-04-18,Plant_B,M3,Float,7.26,1510.56,56.82,1.97,7.06,0.85,Day,9.5,60.26,Zone_1,594.97,580,3,0,0.007,0,51.46,12.75,0.0,On-Time,243.94
897,2024-09-13,Plant_B,M1,Solar,5.87,1582.66,64.15,3.99,6.0,0.9,Day,6.8,49.93,Zone_3,1400.37,929,79,21,0.0986,1,2840.12,28.2,24.69,Delayed,574.15
898,2024-02-08,Plant_C,M4,Laminated,11.57,1556.54,96.17,3.54,6.4,0.91,Day,8.6,64.55,Zone_2,804.14,508,4,0,0.0103,0,127.58,7.77,0.0,On-Time,329.7
899,2024-01-04,Plant_C,M4,Solar,4.51,1528.69,74.72,4.38,5.29,0.94,Day,3.4,46.1,Zone_3,700.15,498,4,0,0.0102,0,141.85,1.35,6.35,On-Time,287.06
900,2024-03-12,Plant_C,M2,Float,4.61,1496.88,42.49,2.38,9.03,0.85,Day,7.7,74.85,Zone_3,533.17,544,3,0,0.0093,0,44.28,17.45,10.61,On-Time,218.6
901,2025-05-08,Plant_A,M5,Laminated,10.81,1511.43,94.43,2.97,5.19,0.84,Day,10.3,75.32,Zone_2,1390.13,1132,5,0,0.0081,0,161.86,11.22,6.12,On-Time,569.95
902,2024-04-02,Plant_B,M5,Laminated,6.46,1471.28,97.96,3.48,5.16,0.92,Day,5.6,67.52,Zone_2,627.62,559,3,0,0.0064,0,96.39,0.0,0.0,On-Time,257.32
903,2024-10-23,Plant_C,M2,Tempered,5.65,1530.7,83.25,3.37,7.51,0.86,Night,1.5,42.32,Zone_2,1252.36,1019,6,0,0.0077,0,149.83,11.47,6.64,On-Time,513.47
904,2024-11-02,Plant_C,M4,Float,5.95,1469.6,46.67,2.57,8.45,0.9,Night,4.2,33.56,Zone_2,540.93,568,4,0,0.0102,0,64.59,15.96,6.68,On-Time,221.78
905,2025-03-24,Plant_C,M2,Tempered,11.2,1561.94,81.2,2.9,7.12,0.78,Day,9.4,68.43,Zone_1,802.75,596,3,0,0.0061,0,73.06,10.0,10.92,On-Time,329.13
906,2024-09-01,Plant_B,M4,Float,6.42,1505.39,58.87,2.02,7.4,0.94,Night,2.6,39.85,Zone_3,436.22,416,34,13,0.1021,1,498.09,23.03,20.79,Delayed,178.85
907,2025-04-05,Plant_A,M1,Laminated,10.0,1488.87,65.77,3.4,4.53,0.85,Day,6.1,74.3,Zone_3,1149.41,1020,32,5,0.0382,1,972.78,23.98,15.11,Delayed,471.26
908,2024-05-01,Plant_A,M5,Solar,3.13,1522.69,77.1,3.83,5.32,0.91,Weekend,3.1,69.41,Zone_3,1047.0,867,6,0,0.0097,0,184.33,20.11,10.28,On-Time,429.27
909,2024-08-26,Plant_A,M1,Tempered,10.75,1537.45,72.93,3.47,7.99,0.98,Day,4.6,52.75,Zone_1,544.02,491,3,0,0.0076,0,66.34,0.0,0.0,On-Time,223.05
910,2024-02-16,Plant_A,M2,Float,5.16,1459.06,53.25,2.47,8.83,0.96,Day,4.3,56.9,Zone_1,508.62,634,5,0,0.0111,0,81.73,6.43,1.64,On-Time,208.53
911,2024-04-09,Plant_B,M5,Tempered,8.61,1527.69,72.0,2.84,6.74,0.92,Night,1.4,65.91,Zone_1,510.46,440,2,0,0.0046,0,49.87,35.87,23.91,Delayed,209.29
912,2024-04-18,Plant_A,M4,Tempered,7.51,1501.6,90.57,3.52,6.56,0.84,Day,8.8,65.55,Zone_1,1152.85,1086,6,0,0.0087,0,146.9,8.3,15.44,On-Time,472.67
913,2025-02-15,Plant_B,M1,Tempered,9.21,1536.53,57.02,3.4,6.67,0.84,Day,5.7,71.4,Zone_1,1198.77,1007,8,0,0.0103,0,194.33,19.57,10.69,On-Time,491.5
914,2024-06-26,Plant_B,M1,Float,7.51,1492.15,65.1,2.94,9.71,0.84,Day,3.9,53.22,Zone_2,1048.66,1144,57,22,0.088,1,954.56,38.83,22.41,Delayed,429.95
915,2025-01-13,Plant_C,M2,Solar,5.45,1572.65,57.86,3.56,5.38,0.87,Day,5.6,65.13,Zone_3,1606.74,1046,61,16,0.0765,1,1887.01,26.55,18.39,Delayed,658.76
916,2024-04-12,Plant_C,M5,Solar,3.61,1539.85,59.73,3.15,6.36,0.85,Night,3.6,73.71,Zone_1,1467.65,1060,5,0,0.0077,0,159.8,23.73,0.0,Delayed,601.74
917,2024-03-23,Plant_A,M1,Tempered,6.59,1544.96,70.66,3.52,7.92,0.99,Weekend,3.5,78.34,Zone_3,1102.01,951,3,0,0.0054,0,71.07,15.79,8.47,On-Time,451.82
918,2024-10-17,Plant_B,M4,Tempered,8.12,1554.17,78.99,3.21,5.33,0.89,Day,9.2,45.2,Zone_3,1202.41,916,3,0,0.0049,0,74.39,31.87,6.33,Delayed,492.99
919,2025-04-06,Plant_B,M2,Tempered,8.93,1542.41,71.74,3.05,6.37,0.91,Night,7.2,68.87,Zone_1,565.23,457,3,0,0.0086,0,69.72,8.57,17.15,On-Time,231.74
920,2025-05-26,Plant_C,M1,Laminated,13.99,1531.26,79.05,3.64,6.19,0.87,Day,6.4,66.69,Zone_1,888.19,643,6,0,0.0119,0,188.72,0.0,8.42,On-Time,364.16
921,2024-07-15,Plant_A,M5,Float,6.65,1508.94,63.92,2.13,6.57,0.87,Night,2.2,49.31,Zone_3,568.94,617,45,22,0.125,1,660.08,33.61,34.47,Delayed,233.27
922,2025-04-20,Plant_C,M2,Laminated,13.37,1518.66,81.66,3.23,6.2,0.88,Day,2.0,66.45,Zone_1,752.69,550,2,0,0.0057,0,61.93,7.71,14.53,On-Time,308.6
923,2025-04-30,Plant_B,M2,Tempered,9.88,1584.96,56.95,3.79,5.63,0.94,Night,5.6,66.45,Zone_1,1008.38,724,80,33,0.151,1,2083.86,21.49,25.78,Delayed,413.44
924,2025-01-07,Plant_B,M2,Solar,3.33,1531.76,81.09,3.9,6.25,0.88,Day,3.4,62.9,Zone_3,1375.59,1042,7,0,0.0118,0,248.82,14.56,15.96,On-Time,563.99
925,2025-04-09,Plant_A,M1,Float,5.2,1504.86,54.28,2.32,9.03,0.95,Weekend,8.7,60.63,Zone_1,1066.29,1177,8,0,0.0088,0,140.78,12.66,23.36,On-Time,437.18
926,2024-01-30,Plant_B,M5,Float,5.08,1470.26,58.55,2.0,6.41,0.7,Day,4.0,50.75,Zone_1,943.65,1089,7,0,0.0079,0,111.86,12.57,2.93,On-Time,386.9
927,2024-11-29,Plant_B,M2,Laminated,6.76,1476.73,72.93,3.37,4.3,0.89,Day,2.2,44.23,Zone_1,1210.02,1041,91,20,0.1044,1,2923.76,16.51,21.21,Delayed,496.11
928,2024-04-10,Plant_A,M4,Tempered,8.14,1528.26,74.18,3.65,6.28,0.95,Day,1.2,79.01,Zone_1,843.6,722,26,6,0.0586,1,642.23,18.41,15.03,On-Time,345.88
929,2025-05-11,Plant_A,M4,Tempered,4.25,1519.67,76.88,3.04,4.64,0.97,Day,7.1,61.1,Zone_3,798.94,701,4,0,0.0091,0,99.78,13.33,9.29,On-Time,327.57
930,2025-01-31,Plant_B,M2,Solar,5.04,1556.47,63.8,4.11,5.65,0.9,Night,5.0,58.35,Zone_3,1486.77,1044,6,0,0.0065,0,206.47,18.99,16.43,On-Time,609.58
931,2024-10-03,Plant_A,M3,Tempered,9.74,1518.63,57.6,3.18,5.44,0.98,Day,7.1,46.25,Zone_3,1210.6,1089,3,0,0.0044,0,76.78,18.46,8.52,On-Time,496.35
932,2024-05-19,Plant_A,M4,Solar,3.82,1550.31,83.39,3.21,6.67,0.97,Day,5.2,65.84,Zone_2,607.07,434,22,7,0.0881,1,747.1,14.94,15.32,Delayed,248.9
933,2024-10-29,Plant_C,M2,Tempered,6.85,1524.67,88.21,3.33,5.0,0.89,Night,5.6,43.52,Zone_3,1258.12,1043,9,0,0.011,0,236.67,28.02,18.46,Delayed,515.83
934,2024-03-29,Plant_B,M5,Solar,4.4,1544.42,76.78,4.06,7.26,0.86,Weekend,3.7,62.06,Zone_1,858.0,632,2,0,0.0045,0,65.07,17.46,4.38,On-Time,351.78
935,2025-04-18,Plant_B,M1,Solar,5.63,1582.72,53.29,3.74,5.95,0.82,Night,4.6,69.61,Zone_1,1618.51,1071,104,25,0.1327,1,3665.26,39.8,24.62,Delayed,663.59
936,2025-03-20,Plant_C,M2,Tempered,4.63,1579.32,76.61,3.39,6.18,0.84,Weekend,2.5,61.71,Zone_1,1231.68,872,76,32,0.1328,1,1707.99,40.76,30.24,Delayed,504.99
937,2024-02-15,Plant_A,M4,Float,6.25,1484.92,45.78,2.51,7.57,0.88,Day,9.1,57.94,Zone_2,479.48,515,3,0,0.0086,0,46.75,8.7,8.18,On-Time,196.59
938,2024-04-10,Plant_B,M4,Tempered,5.7,1562.84,76.87,4.3,5.48,0.9,Day,11.1,64.47,Zone_1,1112.16,825,8,0,0.0114,0,213.72,6.85,3.9,On-Time,455.99
939,2025-02-20,Plant_A,M2,Laminated,8.56,1503.02,93.03,2.9,4.9,0.9,Day,2.4,70.09,Zone_3,547.07,454,3,0,0.009,0,94.53,0.29,0.0,On-Time,224.3
940,2024-01-17,Plant_B,M3,Tempered,7.87,1537.41,74.36,4.39,5.29,0.87,Night,5.3,69.26,Zone_3,730.38,583,2,0,0.0053,0,47.79,38.33,8.07,Delayed,299.46
941,2024-01-25,Plant_B,M4,Tempered,8.53,1519.83,76.83,3.42,5.72,0.89,Weekend,4.4,62.71,Zone_2,585.1,481,1,0,0.0051,0,24.02,25.04,16.1,Delayed,239.89
942,2025-01-14,Plant_C,M4,Float,6.21,1528.68,72.19,2.73,6.43,0.91,Weekend,4.9,59.7,Zone_1,556.26,490,2,0,0.0056,0,32.32,27.82,27.07,Delayed,228.07
943,2024-12-06,Plant_C,M1,Laminated,11.05,1507.77,71.4,2.83,6.18,0.85,Day,6.4,36.23,Zone_2,684.59,536,3,0,0.0095,0,82.56,12.23,8.02,On-Time,280.68
944,2024-07-31,Plant_C,M1,Laminated,13.95,1527.31,91.73,2.9,5.29,0.92,Night,0.6,46.46,Zone_1,661.56,489,3,0,0.0085,0,91.68,26.21,11.5,Delayed,271.24
945,2025-01-07,Plant_A,M1,Solar,5.4,1551.23,86.51,4.11,6.58,0.96,Day,7.4,63.76,Zone_3,1149.67,881,54,13,0.081,1,1800.44,17.29,28.78,On-Time,471.36
946,2025-01-10,Plant_A,M5,Float,4.14,1483.39,48.86,2.41,6.4,0.88,Night,4.6,57.83,Zone_1,693.57,810,3,0,0.0046,0,47.78,24.96,12.51,Delayed,284.36
947,2024-12-08,Plant_A,M5,Float,7.81,1444.31,67.3,1.98,8.68,0.98,Night,6.8,47.97,Zone_3,377.09,508,3,0,0.0088,0,47.52,7.81,6.91,On-Time,154.61
948,2024-08-02,Plant_C,M2,Laminated,13.93,1530.19,75.86,2.77,5.39,0.87,Day,4.1,48.58,Zone_2,986.83,697,7,0,0.011,0,210.87,6.86,7.03,On-Time,404.6
949,2025-03-09,Plant_B,M1,Float,7.79,1522.68,75.37,2.03,7.94,0.88,Day,4.5,62.08,Zone_2,629.65,638,60,15,0.1227,1,1058.99,21.65,20.23,Delayed,258.16
950,2025-06-23,Plant_A,M4,Laminated,10.77,1527.07,83.65,3.22,4.04,0.99,Day,9.5,62.35,Zone_2,1215.95,915,2,0,0.0045,0,55.43,27.97,13.17,Delayed,498.54
951,2024-03-08,Plant_A,M4,Float,3.77,1467.21,70.13,2.1,6.43,0.91,Day,10.7,65.24,Zone_1,550.24,631,2,0,0.004,0,30.34,9.82,1.05,On-Time,225.6
952,2024-03-19,Plant_A,M2,Laminated,11.05,1489.06,97.63,2.2,5.51,0.98,Day,9.3,70.87,Zone_1,644.03,559,3,0,0.008,0,88.31,9.37,12.98,On-Time,264.05
953,2024-07-28,Plant_C,M1,Laminated,8.9,1505.18,83.21,2.54,6.58,0.87,Day,5.6,39.99,Zone_3,1416.94,1098,4,0,0.0054,0,117.06,3.33,0.0,On-Time,580.95
954,2024-05-15,Plant_B,M3,Solar,5.96,1563.12,60.62,3.12,5.65,0.9,Day,3.5,62.87,Zone_3,1489.52,1012,52,13,0.0902,1,1591.65,22.36,22.77,Delayed,610.7
955,2024-07-12,Plant_A,M1,Tempered,6.26,1555.64,83.75,3.99,6.71,0.99,Night,5.0,67.27,Zone_3,1068.97,895,5,0,0.0093,0,128.34,14.01,5.7,On-Time,438.28
956,2025-02-25,Plant_C,M3,Laminated,12.93,1520.51,81.69,3.26,4.89,0.81,Day,6.4,73.52,Zone_3,666.77,470,2,0,0.0048,0,52.38,8.9,1.11,On-Time,273.38
957,2025-03-31,Plant_B,M3,Tempered,9.86,1552.87,64.5,3.65,5.92,0.85,Weekend,9.1,73.8,Zone_2,550.47,416,31,6,0.0971,1,715.42,23.94,23.89,Delayed,225.69
958,2024-09-23,Plant_A,M4,Laminated,7.82,1508.48,85.45,3.54,4.4,0.85,Weekend,6.2,38.35,Zone_1,1160.08,922,57,14,0.0795,1,1585.06,26.13,22.72,Delayed,475.63
959,2024-10-18,Plant_B,M2,Tempered,4.42,1507.39,83.0,3.51,5.52,0.86,Night,6.0,37.09,Zone_2,1071.87,967,75,18,0.0938,1,1872.9,32.78,24.76,Delayed,439.47
960,2024-06-28,Plant_C,M2,Tempered,5.29,1553.59,79.86,3.67,5.73,0.83,Day,6.4,45.85,Zone_1,1318.01,1002,5,0,0.0065,0,134.01,0.0,0.0,On-Time,540.38
961,2024-05-09,Plant_B,M3,Laminated,8.81,1490.66,62.95,3.24,6.31,0.84,Day,9.0,58.46,Zone_3,812.83,651,5,0,0.0119,0,149.84,6.53,0.0,On-Time,333.26
962,2024-11-20,Plant_B,M2,Laminated,9.51,1512.3,91.22,3.38,6.64,0.87,Day,5.3,34.62,Zone_1,1268.88,973,2,0,0.004,0,59.12,12.3,14.06,On-Time,520.24
963,2024-05-04,Plant_A,M4,Solar,5.81,1551.27,70.07,3.18,5.22,0.87,Night,8.0,65.37,Zone_2,1243.48,910,5,0,0.0063,0,165.81,6.28,0.0,On-Time,509.83
964,2024-06-08,Plant_A,M5,Laminated,6.17,1515.0,91.07,2.99,4.54,0.96,Night,5.3,55.1,Zone_2,946.55,765,6,0,0.012,0,161.93,10.83,6.49,On-Time,388.09
965,2024-10-23,Plant_C,M2,Solar,3.01,1557.93,74.86,4.19,6.02,0.89,Day,6.7,45.06,Zone_1,915.78,622,4,0,0.0085,0,147.91,16.95,0.61,On-Time,375.47
966,2024-02-11,Plant_A,M5,Float,3.7,1461.17,62.72,2.54,8.25,0.95,Day,6.7,79.77,Zone_2,769.71,965,3,0,0.004,0,50.92,9.73,2.5,On-Time,315.58
967,2024-08-13,Plant_B,M3,Float,7.78,1492.0,69.07,2.62,6.57,0.96,Day,9.4,44.99,Zone_3,822.06,855,8,0,0.0107,0,131.03,16.01,15.13,On-Time,337.04
968,2025-06-23,Plant_A,M3,Tempered,11.95,1556.2,84.33,3.26,6.06,0.92,Day,9.0,51.43,Zone_3,716.6,569,3,0,0.0064,0,73.16,16.33,6.95,On-Time,293.81
969,2024-03-30,Plant_C,M4,Tempered,9.64,1511.13,87.51,3.46,4.67,0.91,Day,8.7,68.82,Zone_3,958.75,804,2,0,0.004,0,52.1,15.76,0.0,On-Time,393.09
970,2024-02-27,Plant_C,M3,Solar,5.56,1565.79,83.24,4.25,4.91,0.86,Day,7.7,65.88,Zone_2,1033.78,673,5,0,0.01,0,177.62,21.41,1.84,On-Time,423.85
971,2025-01-16,Plant_A,M3,Laminated,6.99,1488.42,77.62,3.1,4.13,0.78,Day,4.7,55.01,Zone_2,800.63,679,3,0,0.0075,0,82.53,10.52,2.93,On-Time,328.26
972,2024-03-30,Plant_A,M4,Solar,4.83,1517.48,85.56,3.97,6.57,0.88,Night,3.0,69.17,Zone_2,630.35,501,20,7,0.0575,1,631.48,12.48,25.76,On-Time,258.44
973,2025-03-10,Plant_C,M4,Tempered,7.62,1529.26,76.28,3.56,4.96,0.84,Night,1.9,72.95,Zone_3,791.06,622,29,5,0.0594,1,695.01,40.78,24.88,Delayed,324.33
974,2024-07-31,Plant_B,M4,Laminated,13.79,1511.39,83.81,2.69,5.17,0.87,Day,6.6,54.57,Zone_3,933.82,695,5,0,0.0109,0,146.0,14.31,4.11,On-Time,382.87
975,2024-03-31,Plant_A,M4,Laminated,13.69,1460.42,75.8,3.03,6.15,0.91,Day,10.7,66.88,Zone_3,815.82,753,4,0,0.0056,0,107.59,2.91,6.89,On-Time,334.49
976,2024-05-20,Plant_A,M2,Solar,5.39,1549.37,80.25,3.83,4.98,0.98,Day,5.2,65.93,Zone_2,742.5,560,23,6,0.0669,1,778.64,28.45,19.35,Delayed,304.42
977,2024-11-05,Plant_C,M3,Solar,3.88,1559.05,61.4,3.81,4.74,0.9,Night,3.9,38.07,Zone_2,907.78,601,4,0,0.0114,0,136.77,32.21,24.41,Delayed,372.19
978,2024-01-03,Plant_A,M3,Laminated,10.79,1495.13,89.61,2.59,5.11,0.88,Weekend,9.0,48.21,Zone_3,688.63,569,5,0,0.0101,0,147.8,22.4,8.28,Delayed,282.34
979,2024-10-21,Plant_B,M2,Solar,5.98,1534.35,62.84,4.0,5.93,0.8,Weekend,2.0,47.57,Zone_3,1018.25,765,42,13,0.09,1,1507.74,35.69,35.35,Delayed,417.48
980,2024-05-02,Plant_B,M4,Float,7.14,1472.03,78.93,2.38,7.74,0.95,Night,3.1,66.86,Zone_2,901.98,990,9,1,0.012,0,135.11,23.52,15.27,Delayed,369.81
981,2025-03-22,Plant_B,M4,Float,4.11,1516.99,49.51,2.58,8.47,0.88,Day,6.1,69.64,Zone_3,666.16,630,3,0,0.0059,0,50.67,8.57,0.0,On-Time,273.13
982,2024-09-22,Plant_A,M5,Float,4.42,1489.8,48.17,2.46,6.38,0.94,Day,3.2,41.64,Zone_2,939.01,1071,8,0,0.0089,0,130.73,12.78,18.67,On-Time,384.99
983,2024-05-18,Plant_B,M2,Float,4.37,1479.45,76.39,2.78,9.03,0.82,Day,3.3,62.07,Zone_2,976.05,1082,5,0,0.0072,0,85.87,7.49,5.4,On-Time,400.18
984,2024-12-30,Plant_A,M3,Laminated,11.72,1495.28,104.57,3.19,4.61,0.8,Night,3.9,61.03,Zone_1,1138.06,951,6,0,0.0085,0,183.41,14.41,11.05,On-Time,466.6
985,2024-07-06,Plant_A,M5,Tempered,7.25,1531.91,61.16,3.43,5.79,0.93,Night,3.8,54.57,Zone_2,511.93,458,3,0,0.0091,0,67.27,12.78,8.65,On-Time,209.89
986,2024-11-04,Plant_B,M3,Float,6.91,1507.2,77.02,2.85,6.23,0.87,Night,2.7,44.72,Zone_2,562.87,553,4,0,0.0099,0,59.69,23.13,11.96,Delayed,230.78
987,2024-01-14,Plant_A,M5,Laminated,11.44,1444.38,62.57,3.23,5.22,0.95,Day,6.4,50.19,Zone_2,708.43,731,3,0,0.0072,0,80.34,9.94,10.34,On-Time,290.46
988,2024-06-15,Plant_A,M2,Tempered,5.69,1542.68,64.96,3.21,7.42,0.99,Day,8.1,65.9,Zone_1,1161.83,987,5,0,0.0088,0,118.05,5.79,7.33,On-Time,476.35
989,2025-06-22,Plant_C,M5,Float,5.64,1521.65,68.98,2.88,8.46,0.9,Day,5.1,59.75,Zone_1,709.36,683,37,9,0.0771,1,541.61,39.55,21.15,Delayed,290.84
990,2024-05-14,Plant_A,M4,Laminated,8.95,1503.85,74.55,3.28,6.3,0.81,Day,4.5,73.01,Zone_2,1259.89,1018,37,7,0.055,1,1052.27,15.33,22.74,On-Time,516.55
991,2025-03-28,Plant_C,M5,Laminated,9.62,1527.37,93.82,2.76,4.64,0.84,Day,7.3,60.73,Zone_2,1572.59,1127,64,10,0.0713,1,1677.88,26.75,24.29,Delayed,644.76
992,2024-05-01,Plant_A,M2,Tempered,8.36,1533.86,83.14,3.94,6.97,0.96,Night,6.0,59.39,Zone_2,863.23,753,44,21,0.0878,1,1042.96,22.17,19.37,Delayed,353.92
993,2024-05-13,Plant_A,M4,Float,5.47,1478.93,62.4,3.48,5.77,0.87,Day,4.1,62.78,Zone_2,957.52,1083,9,0,0.0094,0,154.05,13.78,5.28,On-Time,392.58
994,2024-02-13,Plant_A,M1,Float,7.22,1478.51,65.78,3.31,8.75,0.95,Night,3.5,63.64,Zone_3,487.32,599,4,0,0.009,0,69.49,11.81,6.81,On-Time,199.8
995,2025-04-25,Plant_A,M3,Float,6.37,1484.35,73.28,2.46,7.96,0.93,Day,4.7,65.84,Zone_3,765.77,856,21,5,0.0387,1,361.09,28.35,25.92,Delayed,313.97
996,2024-04-08,Plant_A,M5,Tempered,6.85,1501.37,81.51,4.04,7.54,0.89,Night,3.5,53.93,Zone_1,1135.74,1109,88,22,0.0951,1,2073.84,19.67,16.7,Delayed,465.65
997,2024-12-25,Plant_A,M1,Tempered,4.89,1518.48,59.73,3.56,6.25,0.99,Night,10.1,54.74,Zone_2,948.66,891,6,0,0.0078,0,153.38,0.0,11.4,On-Time,388.95
998,2024-12-22,Plant_B,M2,Tempered,5.55,1529.21,84.85,3.73,5.93,0.9,Day,7.1,54.12,Zone_1,704.74,593,2,0,0.004,0,49.65,10.56,0.0,On-Time,288.94
999,2024-01-15,Plant_C,M2,Tempered,10.48,1567.08,82.05,3.55,5.57,0.82,Weekend,4.3,56.66,Zone_1,732.33,536,3,0,0.0095,0,69.98,23.2,22.55,Delayed,300.26
1000,2024-01-05,Plant_C,M1,Tempered,9.04,1564.36,88.19,3.72,6.49,0.85,Weekend,2.8,66.36,Zone_3,856.41,650,56,22,0.1227,1,1494.57,50.89,34.68,Delayed,351.13
1001,2024-07-08,Plant_B,M1,Tempered,11.73,1559.47,60.23,2.73,5.38,0.98,Night,3.4,42.28,Zone_2,1013.18,799,63,28,0.119,1,1398.36,23.91,20.96,Delayed,415.4
1002,2025-06-10,Plant_A,M4,Float,3.33,1462.58,76.73,2.79,6.75,0.85,Night,6.3,62.31,Zone_2,392.08,446,26,7,0.0746,1,465.02,33.29,26.61,Delayed,160.75
1003,2024-04-22,Plant_C,M2,Solar,5.46,1547.68,72.59,3.6,6.53,0.95,Night,5.4,62.01,Zone_3,848.19,594,2,0,0.005,0,69.88,17.06,5.42,On-Time,347.76
1004,2024-02-11,Plant_A,M3,Solar,4.15,1525.56,59.54,3.39,6.17,0.86,Day,5.7,56.42,Zone_2,610.7,480,3,0,0.0083,0,98.53,3.8,7.86,On-Time,250.39
1005,2024-11-15,Plant_C,M4,Tempered,5.33,1527.22,76.93,3.08,5.51,0.93,Night,2.0,46.72,Zone_2,552.83,430,3,0,0.007,0,75.63,26.29,7.76,Delayed,226.66
1006,2025-03-14,Plant_A,M1,Solar,5.59,1471.45,77.9,3.4,6.48,0.91,Weekend,5.0,66.68,Zone_2,728.49,743,86,16,0.159,1,2898.16,31.6,22.0,Delayed,298.68
1007,2025-05-18,Plant_C,M1,Solar,4.89,1565.13,76.18,4.1,5.37,0.86,Day,6.2,61.65,Zone_3,1493.54,1010,3,0,0.0049,0,96.79,24.51,7.81,Delayed,612.35
1008,2024-05-02,Plant_A,M4,Solar,3.12,1506.22,64.34,3.76,5.58,0.95,Night,9.4,66.93,Zone_1,763.46,636,5,0,0.0108,0,170.92,17.8,21.65,On-Time,313.02
1009,2024-06-21,Plant_A,M3,Tempered,6.3,1538.11,72.32,3.26,5.29,0.87,Day,7.6,61.76,Zone_3,1032.57,872,3,0,0.0048,0,69.77,5.93,4.95,On-Time,423.35
1010,2025-02-17,Plant_A,M2,Solar,4.97,1547.37,78.79,2.9,5.73,0.93,Night,3.8,70.05,Zone_2,964.7,732,5,0,0.0075,0,186.25,5.52,5.53,On-Time,395.53
1011,2024-10-06,Plant_C,M4,Laminated,12.18,1495.06,82.68,3.24,4.21,0.81,Day,9.4,40.21,Zone_3,1366.59,1051,8,0,0.0115,0,245.05,23.04,8.62,Delayed,560.3
1012,2025-05-11,Plant_C,M3,Tempered,9.09,1575.46,79.01,3.76,4.86,0.77,Night,6.2,65.97,Zone_1,846.16,591,51,26,0.1428,1,1132.5,23.7,23.61,Delayed,346.93
1013,2025-05-16,Plant_B,M2,Tempered,8.83,1498.22,85.6,2.92,4.92,0.91,Day,9.5,64.56,Zone_3,1036.14,964,84,19,0.103,1,2243.36,41.29,18.74,Delayed,424.82
1014,2024-03-10,Plant_B,M1,Tempered,11.6,1529.29,85.75,3.44,7.33,0.89,Day,7.6,68.24,Zone_3,700.12,610,3,0,0.0052,0,76.31,9.27,0.75,On-Time,287.05
1015,2024-11-06,Plant_C,M5,Float,4.68,1485.96,62.5,2.77,7.75,0.87,Night,3.1,44.15,Zone_3,713.2,763,3,0,0.0054,0,46.62,24.85,14.58,Delayed,292.41
1016,2025-05-19,Plant_B,M2,Laminated,13.2,1466.94,100.34,3.12,4.17,0.89,Night,4.0,67.74,Zone_2,788.59,702,2,0,0.0047,0,53.84,0.0,10.61,On-Time,323.32
1017,2024-12-17,Plant_C,M5,Float,7.03,1475.36,56.21,2.72,8.68,0.83,Weekend,5.2,44.1,Zone_1,1011.93,1115,5,0,0.0069,0,76.61,42.76,23.96,Delayed,414.89
1018,2024-05-01,Plant_B,M4,Laminated,10.86,1469.64,104.58,3.63,6.15,0.9,Weekend,8.4,58.19,Zone_2,524.47,436,51,9,0.135,1,1499.27,41.32,41.25,Delayed,215.03
1019,2024-02-03,Plant_A,M5,Laminated,13.11,1474.17,93.0,3.66,5.29,0.97,Weekend,6.2,73.16,Zone_1,1202.92,1107,6,0,0.009,0,187.43,27.76,13.68,Delayed,493.2
1020,2024-05-17,Plant_B,M4,Solar,4.28,1537.32,78.73,3.29,6.38,0.99,Night,2.6,66.15,Zone_3,582.19,411,1,0,0.0051,0,32.25,19.01,9.19,On-Time,238.7
1021,2025-04-26,Plant_B,M5,Tempered,7.65,1557.91,73.91,3.03,5.41,0.87,Day,7.8,72.07,Zone_2,834.74,653,46,10,0.0874,1,1005.05,28.71,21.08,Delayed,342.24
1022,2025-01-21,Plant_C,M3,Laminated,7.09,1503.84,92.88,2.82,4.16,0.91,Day,6.0,49.64,Zone_1,635.95,471,4,0,0.0091,0,113.94,15.54,0.97,On-Time,260.74
1023,2024-05-11,Plant_B,M3,Float,3.69,1498.34,70.79,2.79,7.8,0.83,Night,4.9,59.83,Zone_3,509.61,512,1,0,0.004,0,16.92,30.99,21.73,Delayed,208.94
1024,2024-04-09,Plant_B,M3,Laminated,11.25,1500.73,88.87,3.4,4.06,0.8,Day,6.2,58.67,Zone_1,1325.79,1038,3,0,0.0047,0,92.42,10.78,13.22,On-Time,543.57
1025,2024-09-10,Plant_A,M3,Float,7.63,1453.44,54.69,2.97,7.49,0.92,Weekend,3.1,49.33,Zone_1,813.2,1008,3,0,0.004,0,50.28,24.23,23.36,Delayed,333.41
1026,2024-04-27,Plant_B,M2,Float,4.38,1485.63,69.85,1.97,6.41,0.89,Night,6.2,73.23,Zone_1,713.77,776,4,0,0.0074,0,59.75,23.19,13.59,Delayed,292.65
1027,2025-03-08,Plant_C,M5,Solar,4.09,1535.82,63.66,2.99,5.54,0.92,Day,8.4,79.66,Zone_3,1012.78,743,2,0,0.004,0,61.64,17.13,7.92,On-Time,415.24
1028,2024-01-23,Plant_B,M4,Solar,4.1,1557.9,82.45,3.49,4.86,0.94,Day,8.5,58.46,Zone_1,1048.25,712,6,0,0.0106,0,207.31,16.05,5.19,On-Time,429.78
1029,2024-04-12,Plant_C,M2,Laminated,6.98,1566.7,104.9,3.41,6.87,0.88,Day,7.1,67.61,Zone_3,1086.5,694,62,28,0.15,1,1910.49,29.03,26.76,Delayed,445.46
1030,2024-11-02,Plant_B,M4,Tempered,7.01,1524.84,90.78,3.6,6.6,0.94,Day,4.6,46.6,Zone_1,631.45,513,4,0,0.0108,0,104.29,19.72,1.45,On-Time,258.89
1031,2024-08-07,Plant_B,M3,Float,4.64,1488.27,56.65,2.62,6.89,0.95,Day,6.2,48.98,Zone_3,926.98,978,5,0,0.0053,0,80.86,10.54,5.23,On-Time,380.06
1032,2024-08-19,Plant_C,M1,Float,7.24,1504.04,77.27,2.98,8.1,0.87,Night,7.0,47.74,Zone_2,1140.43,1164,64,20,0.0624,1,1126.97,23.26,28.54,Delayed,467.58
1033,2025-05-01,Plant_B,M2,Laminated,9.59,1502.82,65.46,3.84,4.25,0.9,Night,5.9,75.64,Zone_3,572.37,452,3,0,0.0083,0,84.65,7.29,8.55,On-Time,234.67
1034,2025-05-31,Plant_B,M4,Laminated,13.07,1523.03,75.21,3.57,5.66,0.91,Day,9.0,65.89,Zone_2,646.85,458,3,0,0.0113,0,80.01,13.37,12.55,On-Time,265.21
1035,2025-06-11,Plant_B,M5,Tempered,10.58,1520.83,56.07,3.04,5.3,0.96,Weekend,4.3,55.14,Zone_3,1258.85,1096,6,0,0.0065,0,144.5,21.71,8.8,On-Time,516.13
1036,2024-07-10,Plant_C,M4,Tempered,5.01,1517.97,78.87,3.04,4.71,0.9,Night,6.8,48.19,Zone_3,1077.52,887,7,0,0.0086,0,154.36,16.35,10.92,On-Time,441.78
1037,2024-10-01,Plant_C,M5,Solar,3.79,1542.94,55.82,3.53,7.19,0.86,Weekend,1.0,43.8,Zone_3,738.73,532,3,0,0.0071,0,98.82,20.71,14.2,On-Time,302.88
1038,2025-06-18,Plant_A,M3,Solar,5.12,1509.85,76.09,4.16,5.14,0.89,Day,5.1,54.95,Zone_1,582.86,482,4,0,0.0099,0,129.67,17.21,11.35,On-Time,238.97
1039,2024-11-03,Plant_B,M4,Laminated,10.77,1489.68,102.65,3.42,5.23,0.89,Weekend,3.9,48.1,Zone_1,731.67,578,3,0,0.0101,0,95.3,23.61,10.71,Delayed,299.98
1040,2025-02-26,Plant_B,M3,Tempered,11.28,1519.96,55.19,3.31,5.82,0.82,Day,9.0,68.87,Zone_3,780.83,659,6,0,0.0096,0,145.38,0.0,3.85,On-Time,320.14
1041,2024-09-01,Plant_A,M2,Tempered,8.34,1539.85,78.87,2.93,6.55,0.91,Day,4.3,42.73,Zone_2,622.15,533,2,0,0.0074,0,47.75,10.91,2.55,On-Time,255.08
1042,2025-03-22,Plant_B,M1,Tempered,9.24,1541.81,80.53,3.13,6.83,0.84,Day,6.8,62.79,Zone_1,847.88,707,23,4,0.0417,1,586.6,14.49,15.51,On-Time,347.63
1043,2024-10-11,Plant_C,M5,Tempered,7.95,1538.81,70.22,3.27,7.6,0.97,Night,4.8,46.45,Zone_1,1233.24,987,9,0,0.0106,0,194.41,14.6,10.32,On-Time,505.63
1044,2025-05-12,Plant_A,M1,Float,5.53,1507.18,48.09,3.1,7.25,0.84,Day,6.1,62.09,Zone_2,981.32,1078,3,0,0.0042,0,52.24,12.08,4.0,On-Time,402.34
1045,2025-02-20,Plant_B,M1,Solar,5.1,1527.46,60.2,4.11,6.07,0.88,Weekend,5.0,57.5,Zone_3,691.13,550,5,0,0.0109,0,157.61,25.03,15.27,Delayed,283.36
1046,2024-08-29,Plant_A,M5,Float,4.87,1504.22,74.69,3.1,6.61,0.87,Night,4.5,43.03,Zone_3,711.84,780,7,0,0.0113,0,116.75,16.94,12.76,On-Time,291.85
1047,2025-06-21,Plant_B,M4,Float,7.24,1513.78,71.5,1.79,5.94,0.88,Day,6.8,54.89,Zone_1,1023.56,993,3,0,0.0042,0,44.02,20.55,1.21,On-Time,419.66
1048,2024-11-16,Plant_B,M5,Solar,3.04,1534.47,56.37,3.15,5.01,0.9,Night,6.8,44.92,Zone_3,727.68,554,3,0,0.0076,0,101.9,20.88,13.61,On-Time,298.35
1049,2025-03-09,Plant_A,M2,Float,6.75,1468.17,43.89,3.42,8.39,0.85,Day,5.1,69.14,Zone_2,751.82,909,84,12,0.1052,1,1418.06,24.66,14.72,Delayed,308.25
1050,2024-09-17,Plant_C,M1,Solar,5.94,1551.69,78.46,3.5,5.65,0.89,Night,3.3,39.32,Zone_3,982.37,697,2,0,0.0047,0,63.69,18.26,5.24,On-Time,402.77
1051,2024-11-20,Plant_C,M4,Solar,4.34,1540.76,67.45,2.91,5.9,0.96,Night,4.9,50.13,Zone_2,1398.6,979,8,0,0.0113,0,254.94,25.03,8.3,Delayed,573.43
1052,2024-05-28,Plant_B,M4,Laminated,6.55,1509.12,73.85,3.14,4.56,0.94,Night,2.1,61.35,Zone_1,630.51,465,3,0,0.0113,0,83.79,3.4,7.86,On-Time,258.51
1053,2024-02-05,Plant_C,M1,Tempered,6.83,1537.29,69.2,4.3,6.82,0.8,Day,3.6,52.02,Zone_2,589.4,490,19,9,0.0684,1,494.58,35.86,23.19,Delayed,241.65
1054,2025-01-06,Plant_C,M1,Tempered,9.76,1520.89,66.01,2.53,7.38,0.87,Weekend,6.6,56.5,Zone_2,1034.68,889,67,23,0.0867,1,1491.75,53.1,31.61,Delayed,424.22
1055,2025-02-06,Plant_B,M3,Float,3.95,1504.43,48.57,2.47,8.59,0.98,Weekend,5.2,60.81,Zone_1,818.47,820,5,0,0.0105,0,82.48,23.28,10.93,Delayed,335.57
1056,2024-06-13,Plant_B,M3,Solar,3.66,1527.65,60.95,3.55,6.52,0.91,Night,5.1,52.51,Zone_2,868.16,651,4,0,0.0094,0,136.36,10.4,0.0,On-Time,355.95
1057,2025-05-18,Plant_B,M4,Laminated,13.16,1480.1,87.38,2.46,5.8,0.87,Night,8.9,79.91,Zone_1,1074.1,888,5,0,0.0079,0,135.93,6.05,13.85,On-Time,440.38
1058,2024-09-24,Plant_C,M1,Laminated,6.18,1535.97,61.96,2.95,5.62,0.88,Day,7.1,46.59,Zone_3,1446.19,1022,8,0,0.0103,0,231.91,14.49,10.24,On-Time,592.94
1059,2024-11-30,Plant_B,M1,Float,5.03,1488.47,74.29,2.45,8.95,0.87,Night,1.7,57.3,Zone_1,883.47,979,3,0,0.0047,0,48.75,30.95,10.15,Delayed,362.22
1060,2024-05-19,Plant_A,M4,Tempered,5.11,1565.47,91.8,3.64,7.21,0.92,Night,5.9,61.28,Zone_2,871.91,670,70,11,0.1229,1,1850.2,24.34,23.31,Delayed,357.48
1061,2024-04-23,Plant_A,M2,Tempered,11.06,1543.34,73.3,3.66,7.73,0.86,Night,0.5,67.69,Zone_3,831.5,705,63,11,0.1036,1,1475.11,18.45,26.72,Delayed,340.91
1062,2024-11-23,Plant_B,M4,Tempered,7.37,1516.47,91.26,3.68,5.53,0.89,Day,3.7,44.82,Zone_3,635.12,530,3,0,0.0082,0,80.59,20.33,10.74,On-Time,260.4
1063,2024-12-01,Plant_B,M2,Float,4.3,1499.02,53.89,3.23,6.61,0.9,Day,8.4,49.85,Zone_1,955.35,997,4,0,0.006,0,63.17,13.05,9.26,On-Time,391.69
1064,2025-01-21,Plant_C,M2,Float,3.13,1497.63,44.87,2.48,7.0,0.92,Weekend,5.2,73.14,Zone_3,813.34,828,4,0,0.0069,0,71.0,16.95,20.91,On-Time,333.47
1065,2024-08-22,Plant_A,M4,Tempered,7.27,1519.77,65.57,2.93,5.13,0.95,Day,6.9,42.46,Zone_1,793.7,696,35,13,0.0615,1,766.75,16.9,16.36,On-Time,325.42
1066,2025-03-15,Plant_C,M3,Tempered,10.82,1557.25,67.57,3.81,5.75,0.84,Day,8.8,74.72,Zone_2,1385.08,1027,51,22,0.0797,1,1252.79,25.71,22.25,Delayed,567.88
1067,2024-04-30,Plant_A,M5,Solar,5.5,1507.15,63.51,4.14,6.96,0.93,Night,5.9,63.78,Zone_2,1168.94,1019,7,0,0.0099,0,244.08,26.39,11.0,Delayed,479.27
1068,2025-05-21,Plant_A,M2,Tempered,9.7,1500.94,60.43,3.74,5.73,0.8,Day,6.7,59.74,Zone_2,687.06,666,2,0,0.004,0,44.58,7.73,25.3,On-Time,281.69
1069,2025-05-21,Plant_B,M2,Solar,3.41,1555.54,80.25,3.85,6.82,0.88,Weekend,0.9,64.45,Zone_3,830.82,585,2,0,0.0059,0,61.61,32.68,12.16,Delayed,340.64
1070,2024-10-16,Plant_C,M2,Solar,5.13,1550.81,72.92,4.09,5.11,0.84,Day,4.9,46.97,Zone_1,1089.76,756,20,7,0.0381,1,696.48,15.59,7.59,On-Time,446.8
1071,2024-09-25,Plant_A,M5,Solar,3.73,1522.06,64.11,3.62,6.73,0.95,Weekend,8.1,39.31,Zone_2,1194.45,990,7,0,0.011,0,233.66,19.35,16.21,On-Time,489.72
1072,2025-04-14,Plant_A,M1,Solar,3.1,1568.93,80.84,2.87,6.94,0.96,Day,3.5,65.93,Zone_2,1414.26,1025,7,0,0.0117,0,226.89,0.0,0.82,On-Time,579.85
1073,2025-02-11,Plant_C,M2,Solar,5.67,1546.53,75.64,4.01,5.11,0.98,Night,2.6,54.22,Zone_3,708.63,498,2,0,0.0073,0,65.84,17.81,6.6,On-Time,290.54
1074,2024-03-15,Plant_A,M5,Float,5.17,1459.07,42.23,2.33,8.13,0.85,Day,7.5,66.74,Zone_1,777.82,982,6,0,0.0092,0,99.22,15.1,11.33,On-Time,318.91
1075,2024-12-28,Plant_C,M5,Float,4.46,1499.1,72.04,2.9,6.84,0.92,Day,5.7,54.66,Zone_3,677.69,697,2,0,0.004,0,32.75,8.03,5.2,On-Time,277.85
1076,2024-11-05,Plant_B,M3,Tempered,4.0,1524.8,56.97,3.07,5.07,0.87,Weekend,1.5,40.29,Zone_3,1159.44,972,58,14,0.0678,1,1481.0,36.26,25.4,Delayed,475.37
1077,2024-07-02,Plant_B,M2,Solar,4.01,1525.66,57.29,3.58,5.17,0.93,Weekend,4.1,63.03,Zone_2,768.92,594,6,0,0.0117,0,214.27,27.96,8.15,Delayed,315.26
1078,2024-11-20,Plant_C,M5,Solar,5.0,1530.03,55.74,3.4,4.87,0.87,Day,5.9,44.79,Zone_1,1521.23,1133,10,0,0.0105,0,317.65,22.57,10.9,Delayed,623.7
1079,2024-05-10,Plant_B,M3,Laminated,7.31,1506.44,81.31,2.91,6.66,0.97,Weekend,3.7,59.15,Zone_2,913.95,698,5,0,0.009,0,133.8,19.67,6.53,On-Time,374.72
1080,2024-09-26,Plant_C,M3,Laminated,8.15,1530.79,73.46,3.14,4.76,0.92,Day,6.4,33.48,Zone_1,1533.3,1067,8,0,0.01,0,223.59,17.53,2.97,On-Time,628.65
1081,2025-05-18,Plant_A,M5,Solar,3.55,1556.37,75.49,4.13,5.81,0.78,Day,7.0,56.31,Zone_1,650.7,488,34,7,0.1054,1,1186.03,25.68,18.16,Delayed,266.79
1082,2024-07-06,Plant_A,M4,Laminated,13.2,1525.13,79.36,2.95,5.66,0.81,Day,3.7,45.66,Zone_2,859.97,644,6,0,0.0108,0,174.84,19.7,15.98,On-Time,352.59
1083,2025-05-21,Plant_A,M4,Laminated,7.0,1503.11,99.06,3.0,5.59,0.96,Weekend,8.5,61.54,Zone_3,771.28,615,3,0,0.0078,0,90.1,21.71,11.14,On-Time,316.22
1084,2025-05-19,Plant_A,M2,Float,7.62,1477.15,59.34,2.25,7.38,0.89,Day,8.9,63.23,Zone_1,686.38,806,5,0,0.0064,0,74.28,10.97,0.0,On-Time,281.42
1085,2024-07-03,Plant_A,M5,Laminated,10.62,1520.52,84.3,2.63,5.25,0.93,Night,2.1,56.57,Zone_3,836.69,666,2,0,0.006,0,55.75,4.18,12.16,On-Time,343.04
1086,2024-01-05,Plant_C,M5,Tempered,7.95,1500.59,80.91,3.23,5.31,0.88,Day,11.1,54.53,Zone_1,813.16,738,4,0,0.0068,0,94.82,10.18,1.94,On-Time,333.4
1087,2025-05-25,Plant_C,M1,Laminated,6.66,1544.17,65.35,3.14,4.66,0.81,Day,4.0,63.87,Zone_3,842.69,589,3,0,0.0068,0,91.98,20.58,0.0,On-Time,345.5
1088,2024-05-04,Plant_B,M3,Float,7.88,1484.25,54.42,2.82,6.97,0.85,Night,4.3,61.88,Zone_1,811.29,864,39,7,0.0532,1,642.46,35.02,22.35,Delayed,332.63
1089,2025-04-16,Plant_C,M4,Solar,5.06,1554.75,68.32,4.01,5.73,0.91,Night,2.6,69.03,Zone_2,1533.76,1031,4,0,0.004,0,137.28,14.74,11.17,On-Time,628.84
1090,2024-01-06,Plant_B,M1,Solar,3.18,1571.16,78.96,3.86,5.52,0.87,Day,8.5,71.5,Zone_3,826.43,573,4,0,0.0099,0,128.27,28.94,4.84,Delayed,338.84
1091,2024-05-12,Plant_A,M1,Laminated,13.97,1490.25,84.35,3.32,5.28,0.97,Day,5.3,49.72,Zone_1,1232.24,1087,9,0,0.011,0,245.68,9.46,9.03,On-Time,505.22
1092,2025-01-25,Plant_A,M4,Laminated,10.25,1509.31,92.45,2.94,5.93,0.91,Day,6.2,70.38,Zone_2,1080.65,855,8,0,0.0119,0,211.05,13.4,8.59,On-Time,443.07
1093,2024-08-01,Plant_A,M4,Solar,3.47,1510.76,60.68,3.1,4.52,0.82,Day,7.0,54.21,Zone_3,680.13,555,57,18,0.1174,1,1780.31,21.05,16.05,Delayed,278.85
1094,2024-11-01,Plant_B,M4,Laminated,12.73,1478.81,98.15,2.27,5.45,0.86,Weekend,3.5,47.84,Zone_3,1194.8,995,83,33,0.1373,1,2562.22,36.73,30.2,Delayed,489.87
1095,2024-04-08,Plant_B,M5,Tempered,8.61,1527.07,55.56,3.47,6.93,0.85,Day,8.5,72.1,Zone_2,989.96,847,5,0,0.0085,0,133.42,18.16,10.78,On-Time,405.88
1096,2025-03-09,Plant_A,M4,Laminated,9.16,1473.56,68.14,2.89,4.65,0.89,Night,4.3,64.2,Zone_2,979.05,868,4,0,0.0061,0,119.54,14.13,9.97,On-Time,401.41
1097,2024-04-05,Plant_A,M5,Laminated,13.62,1505.96,102.76,3.01,4.9,0.87,Weekend,6.5,72.85,Zone_3,1201.27,996,5,0,0.0092,0,162.12,18.28,3.96,On-Time,492.52
1098,2024-06-07,Plant_B,M5,Float,4.68,1484.99,56.38,2.52,8.32,0.93,Day,4.9,59.05,Zone_2,831.78,917,3,0,0.0042,0,52.05,30.59,7.84,Delayed,341.03
1099,2025-05-04,Plant_B,M2,Tempered,11.88,1543.33,57.98,3.05,5.02,0.81,Night,5.6,57.55,Zone_2,1088.89,878,6,0,0.0079,0,143.61,16.84,9.14,On-Time,446.44
1100,2025-06-19,Plant_B,M3,Float,7.45,1517.04,54.43,2.56,6.88,0.88,Night,6.8,53.79,Zone_1,551.22,526,4,0,0.0092,0,58.26,21.77,11.12,On-Time,226.0
1101,2025-06-06,Plant_B,M4,Float,7.99,1506.14,50.09,2.79,6.0,0.97,Day,6.7,68.66,Zone_3,539.87,521,2,0,0.0051,0,31.21,5.53,3.57,On-Time,221.35
1102,2024-09-16,Plant_B,M3,Float,7.5,1459.39,54.45,2.81,6.82,0.95,Night,2.2,30.0,Zone_1,553.74,632,31,14,0.0828,1,488.48,28.42,27.0,Delayed,227.03
1103,2025-04-18,Plant_A,M2,Solar,3.22,1537.18,60.49,4.19,6.97,0.95,Day,8.7,65.64,Zone_2,991.04,776,3,0,0.0057,0,108.41,0.0,12.18,On-Time,406.33
1104,2024-10-31,Plant_B,M5,Solar,5.37,1560.43,84.61,3.81,7.24,0.86,Night,6.1,41.34,Zone_2,861.67,605,5,0,0.01,0,168.55,11.14,16.61,On-Time,353.28
1105,2024-09-28,Plant_B,M2,Tempered,8.76,1506.02,72.37,3.3,6.87,0.89,Day,9.7,40.2,Zone_3,979.84,888,5,0,0.0067,0,110.22,9.14,10.43,On-Time,401.73
1106,2024-09-22,Plant_C,M1,Solar,4.57,1535.29,77.45,5.4,6.98,0.85,Night,8.3,48.71,Zone_1,864.15,647,68,10,0.1232,1,2332.76,44.62,28.56,Delayed,354.3
1107,2024-01-14,Plant_A,M4,Solar,4.81,1546.24,79.62,3.83,5.74,0.88,Night,4.0,57.05,Zone_3,1154.24,856,4,0,0.0072,0,151.21,14.91,12.24,On-Time,473.24
1108,2025-05-13,Plant_B,M5,Laminated,10.45,1484.32,91.29,3.26,4.32,0.94,Night,2.1,63.1,Zone_3,978.67,829,4,0,0.006,0,129.51,19.87,13.55,On-Time,401.25
1109,2024-11-05,Plant_A,M2,Tempered,8.79,1526.29,86.27,3.76,5.13,0.85,Day,7.8,36.72,Zone_1,1158.08,1034,4,0,0.0051,0,99.36,0.0,4.92,On-Time,474.81
1110,2024-07-11,Plant_A,M2,Solar,3.75,1549.23,86.05,3.12,6.41,0.88,Night,7.5,50.59,Zone_3,1232.56,930,48,17,0.0678,1,1489.35,27.15,27.22,Delayed,505.35
1111,2024-07-14,Plant_A,M3,Solar,4.77,1519.45,60.08,3.73,6.73,0.8,Day,9.9,57.63,Zone_2,952.37,773,21,6,0.0447,1,743.45,16.43,20.8,On-Time,390.47
1112,2024-06-19,Plant_A,M4,Solar,5.0,1556.0,71.21,3.51,4.62,0.9,Day,5.2,50.5,Zone_2,767.07,545,3,0,0.0078,0,105.34,14.6,6.52,On-Time,314.5
1113,2024-07-25,Plant_B,M5,Solar,3.27,1529.05,66.9,3.03,6.74,0.85,Day,5.2,60.63,Zone_1,1046.16,807,61,23,0.0985,1,1970.67,36.05,14.4,Delayed,428.93
1114,2025-03-18,Plant_B,M4,Laminated,6.56,1516.71,93.21,3.11,4.67,0.92,Day,7.9,64.57,Zone_2,978.95,718,2,0,0.0044,0,55.93,7.88,0.0,On-Time,401.37
1115,2025-05-14,Plant_A,M1,Float,5.65,1471.67,50.42,2.8,8.74,0.93,Day,8.7,68.28,Zone_2,407.54,517,3,0,0.0064,0,49.83,9.86,10.53,On-Time,167.09
1116,2024-10-01,Plant_C,M4,Solar,5.64,1511.58,71.16,4.04,4.58,0.92,Day,4.9,36.09,Zone_3,1255.79,964,4,0,0.0043,0,136.55,28.85,12.77,Delayed,514.87
1117,2024-12-21,Plant_B,M4,Float,4.39,1518.94,70.94,2.45,7.81,0.86,Day,7.4,55.93,Zone_3,1033.18,988,59,23,0.0763,1,905.83,17.23,9.26,On-Time,423.6
1118,2024-12-18,Plant_B,M2,Tempered,4.19,1537.66,85.16,3.4,7.46,0.87,Night,10.0,52.18,Zone_3,693.84,569,4,0,0.0105,0,89.12,27.29,15.22,Delayed,284.47
1119,2025-04-24,Plant_A,M3,Solar,5.95,1530.39,65.76,4.64,6.71,0.87,Weekend,2.7,69.03,Zone_3,621.23,481,3,0,0.0085,0,109.78,25.28,9.97,Delayed,254.7
1120,2025-01-03,Plant_B,M2,Tempered,6.79,1541.44,91.31,3.42,5.7,0.85,Day,6.3,56.81,Zone_3,950.85,771,2,0,0.0046,0,45.66,7.34,7.03,On-Time,389.85
1121,2025-05-09,Plant_A,M2,Tempered,6.11,1482.54,62.06,4.01,6.19,0.9,Day,7.0,60.44,Zone_2,705.3,729,40,14,0.0999,1,1008.42,13.74,33.22,Delayed,289.17
1122,2025-03-01,Plant_B,M3,Tempered,4.49,1493.15,90.07,3.32,5.69,0.85,Day,5.3,71.99,Zone_1,689.66,634,2,0,0.004,0,43.59,10.56,10.01,On-Time,282.76
1123,2025-01-02,Plant_B,M3,Tempered,7.49,1526.37,86.04,3.03,6.41,0.85,Day,9.3,56.13,Zone_3,1055.48,879,26,9,0.0504,1,651.76,30.7,12.36,Delayed,432.75
1124,2024-03-06,Plant_B,M4,Float,4.22,1472.04,72.04,3.12,6.09,0.86,Night,0.5,56.79,Zone_1,706.47,768,62,26,0.1097,1,901.97,54.97,32.34,Delayed,289.65
1125,2025-05-13,Plant_B,M3,Laminated,6.56,1492.7,98.04,2.18,5.59,0.81,Night,6.6,62.76,Zone_3,1169.98,938,63,28,0.1081,1,1749.47,34.88,21.41,Delayed,479.69
1126,2024-06-03,Plant_C,M5,Float,4.2,1503.1,44.83,2.75,8.75,0.87,Night,8.1,65.43,Zone_2,929.54,941,4,0,0.0077,0,70.15,17.35,8.95,On-Time,381.11
1127,2024-04-23,Plant_A,M5,Float,5.41,1470.1,46.4,2.22,6.8,0.91,Night,3.4,69.19,Zone_1,858.97,1044,5,0,0.0056,0,74.06,23.47,9.52,Delayed,352.18
1128,2024-06-20,Plant_C,M1,Tempered,7.05,1529.64,59.08,3.32,7.54,0.89,Weekend,5.4,54.77,Zone_1,984.41,824,5,0,0.0084,0,120.83,24.2,9.55,Delayed,403.61
1129,2025-03-28,Plant_C,M4,Float,5.13,1517.25,49.04,3.11,6.29,0.84,Day,5.3,74.82,Zone_2,830.98,770,61,24,0.1001,1,1092.21,28.32,13.14,Delayed,340.7
1130,2024-05-21,Plant_A,M2,Solar,4.58,1525.17,75.98,3.78,7.02,0.82,Weekend,5.4,61.02,Zone_1,887.38,722,3,0,0.0068,0,99.28,18.21,10.73,On-Time,363.83
1131,2025-04-30,Plant_B,M3,Tempered,4.14,1547.13,57.32,3.89,7.35,0.89,Day,5.8,70.55,Zone_2,902.9,704,2,0,0.004,0,53.27,8.71,16.28,On-Time,370.19
1132,2025-02-28,Plant_B,M2,Tempered,5.98,1515.19,81.79,3.18,5.9,0.84,Night,4.0,56.26,Zone_3,898.26,790,5,0,0.0082,0,126.8,8.56,2.55,On-Time,368.29
1133,2024-08-21,Plant_A,M4,Solar,3.48,1530.73,85.93,3.64,5.82,0.94,Weekend,7.2,55.85,Zone_2,848.36,654,2,0,0.0043,0,63.55,21.77,23.62,On-Time,347.83
1134,2025-06-12,Plant_C,M3,Float,6.82,1496.34,70.2,2.31,6.45,0.85,Day,7.6,58.4,Zone_1,726.47,722,3,0,0.0066,0,50.48,15.05,6.41,On-Time,297.85
1135,2025-06-13,Plant_A,M1,Laminated,9.14,1502.47,89.05,3.0,5.42,0.96,Day,6.5,51.37,Zone_1,1333.09,1129,6,0,0.0082,0,160.18,12.43,13.18,On-Time,546.57
1136,2025-02-06,Plant_A,M2,Float,4.38,1490.11,77.47,2.38,6.36,0.95,Weekend,4.3,70.49,Zone_3,797.36,899,7,0,0.0092,0,124.73,10.3,12.22,On-Time,326.92
1137,2025-06-16,Plant_B,M4,Solar,4.05,1517.57,53.86,3.19,4.65,0.91,Weekend,3.9,57.43,Zone_3,589.64,444,35,14,0.1121,1,1191.36,42.05,32.35,Delayed,241.75
1138,2024-11-07,Plant_C,M3,Laminated,6.16,1528.83,93.89,2.82,6.59,0.87,Day,6.1,43.1,Zone_2,701.15,483,4,0,0.0118,0,125.21,15.5,2.79,On-Time,287.47
1139,2024-05-30,Plant_C,M4,Solar,4.94,1559.56,73.46,3.28,4.52,0.85,Night,1.6,56.87,Zone_3,726.79,471,2,0,0.0066,0,68.81,9.83,12.09,On-Time,297.98
1140,2025-03-28,Plant_C,M3,Solar,3.95,1553.84,63.96,4.18,6.83,0.83,Night,8.1,73.54,Zone_2,1579.34,1072,57,17,0.0802,1,2162.63,37.54,26.27,Delayed,647.53
1141,2024-12-08,Plant_B,M2,Laminated,12.2,1544.08,100.52,2.15,5.66,0.87,Day,3.0,44.64,Zone_3,682.45,477,48,12,0.1208,1,1546.07,30.82,17.32,Delayed,279.8
1142,2025-06-17,Plant_B,M2,Float,4.05,1473.26,79.42,2.89,7.66,0.89,Day,7.9,42.81,Zone_3,702.15,794,4,0,0.0078,0,69.81,5.52,1.03,On-Time,287.88
1143,2024-09-04,Plant_B,M4,Float,5.99,1469.91,57.33,2.38,7.04,0.9,Night,6.9,49.36,Zone_2,388.63,410,1,0,0.0045,0,15.73,27.45,12.74,Delayed,159.34
1144,2025-06-03,Plant_B,M1,Float,3.43,1526.96,55.69,2.53,7.24,0.84,Night,5.6,55.75,Zone_1,1168.09,1149,4,0,0.0046,0,61.79,12.45,12.36,On-Time,478.92
1145,2024-01-06,Plant_B,M3,Tempered,11.25,1501.71,75.19,3.24,6.89,0.89,Night,3.9,54.43,Zone_3,949.92,855,3,0,0.004,0,77.19,14.57,17.84,On-Time,389.47
1146,2024-08-27,Plant_B,M3,Laminated,13.47,1542.76,87.12,2.71,5.36,0.91,Night,0.9,42.18,Zone_3,835.36,572,38,13,0.1218,1,1107.94,27.04,27.52,Delayed,342.5
1147,2024-05-23,Plant_C,M4,Tempered,6.41,1504.94,89.23,3.34,4.7,0.88,Day,9.0,53.95,Zone_3,1092.76,939,4,0,0.0055,0,107.32,22.51,6.59,Delayed,448.03
1148,2025-01-04,Plant_B,M1,Tempered,9.61,1521.5,67.38,2.89,6.22,0.91,Night,8.0,52.5,Zone_2,1308.04,1149,67,17,0.074,1,1800.24,34.59,18.53,Delayed,536.3
1149,2024-03-04,Plant_B,M2,Solar,4.29,1541.45,85.41,3.97,5.55,0.96,Day,9.0,66.22,Zone_1,1477.95,1086,5,0,0.0052,0,168.99,4.04,1.61,On-Time,605.96
1150,2025-06-22,Plant_B,M5,Solar,3.38,1548.71,65.14,3.84,5.51,0.85,Weekend,8.7,54.83,Zone_3,1218.66,883,6,0,0.0075,0,220.97,28.91,12.56,Delayed,499.65
1151,2025-03-09,Plant_B,M4,Solar,5.01,1526.19,81.31,3.39,4.62,0.89,Night,1.4,65.35,Zone_1,648.53,477,1,0,0.0042,0,33.47,25.63,12.63,Delayed,265.9
1152,2025-05-11,Plant_C,M4,Tempered,9.33,1533.18,73.78,2.9,4.84,0.78,Weekend,5.7,68.42,Zone_3,951.34,744,7,0,0.0115,0,184.0,25.43,17.28,Delayed,390.05
1153,2024-04-30,Plant_C,M2,Solar,4.22,1568.7,73.03,3.16,6.31,0.87,Day,4.8,72.99,Zone_3,841.51,554,49,10,0.1086,1,1856.88,19.95,15.83,Delayed,345.02
1154,2025-01-13,Plant_A,M5,Solar,5.96,1541.71,70.72,4.16,7.24,0.93,Day,6.8,51.13,Zone_2,785.28,614,2,0,0.0043,0,71.91,10.59,4.71,On-Time,321.96
1155,2024-02-11,Plant_C,M2,Float,5.41,1498.78,78.75,3.49,8.24,0.9,Day,6.0,58.2,Zone_2,725.47,736,5,0,0.0111,0,88.07,12.25,8.37,On-Time,297.44
1156,2025-05-12,Plant_A,M2,Tempered,4.63,1521.11,79.76,3.89,6.3,0.85,Night,4.5,61.69,Zone_2,915.71,831,38,13,0.0575,1,834.93,26.25,26.04,Delayed,375.44
1157,2024-11-08,Plant_B,M2,Tempered,11.21,1520.66,77.39,3.03,7.48,0.93,Night,3.1,40.04,Zone_2,1157.09,1000,49,9,0.0621,1,1242.91,34.61,24.02,Delayed,474.41
1158,2024-12-23,Plant_A,M1,Solar,4.57,1541.89,81.46,3.54,6.04,0.83,Day,7.7,46.74,Zone_2,783.68,624,2,0,0.005,0,64.25,0.0,6.22,On-Time,321.31
1159,2024-12-11,Plant_B,M4,Tempered,10.11,1548.64,76.4,3.02,7.18,0.86,Night,7.8,51.02,Zone_3,732.89,558,2,0,0.0041,0,47.78,26.59,12.23,Delayed,300.48
1160,2025-04-05,Plant_C,M4,Tempered,11.8,1520.42,58.14,3.07,7.15,0.84,Weekend,8.4,73.21,Zone_2,829.83,672,27,8,0.07,1,645.46,38.99,24.97,Delayed,340.23
1161,2025-02-23,Plant_B,M2,Solar,5.74,1529.42,85.29,4.08,5.53,0.89,Day,8.9,72.82,Zone_1,1382.37,1055,3,0,0.0043,0,105.36,19.12,10.37,On-Time,566.77
1162,2025-03-29,Plant_C,M3,Float,4.05,1484.07,61.41,3.18,8.52,0.99,Weekend,3.2,67.64,Zone_3,674.87,695,38,16,0.0741,1,654.52,30.36,26.5,Delayed,276.7
1163,2024-11-12,Plant_C,M1,Float,4.41,1469.43,50.9,3.27,8.15,0.91,Day,7.5,42.81,Zone_3,760.74,874,5,0,0.0065,0,80.45,4.61,0.0,On-Time,311.9
1164,2024-02-24,Plant_C,M5,Tempered,10.75,1564.86,59.26,3.25,7.52,0.86,Night,3.9,47.66,Zone_3,1004.36,747,2,0,0.004,0,43.57,21.81,8.37,On-Time,411.79
1165,2024-05-03,Plant_C,M5,Tempered,7.42,1549.39,55.62,3.79,5.46,0.86,Weekend,1.6,57.69,Zone_2,921.77,717,4,0,0.0083,0,104.65,20.94,1.76,On-Time,377.93
1166,2024-09-08,Plant_C,M5,Solar,5.33,1541.2,64.52,3.56,5.8,0.87,Day,7.4,43.0,Zone_3,792.12,573,2,0,0.0058,0,65.78,12.51,5.07,On-Time,324.77
1167,2025-02-15,Plant_C,M1,Solar,3.48,1543.25,62.84,3.7,7.49,0.83,Weekend,1.7,79.84,Zone_1,917.45,669,50,16,0.092,1,1748.58,42.86,34.23,Delayed,376.15
1168,2024-07-03,Plant_B,M1,Laminated,7.71,1516.88,92.48,2.89,4.84,0.89,Day,5.6,64.48,Zone_1,1387.25,1068,8,0,0.0114,0,231.93,7.02,19.69,On-Time,568.77
1169,2024-04-11,Plant_C,M2,Laminated,8.02,1535.08,66.49,3.73,4.55,0.82,Day,8.9,67.36,Zone_2,759.58,529,4,0,0.0102,0,125.72,2.07,0.98,On-Time,311.43
1170,2024-06-06,Plant_B,M4,Tempered,7.12,1545.43,89.82,3.4,5.04,0.87,Day,5.6,60.97,Zone_2,1215.49,950,4,0,0.0044,0,89.47,18.41,10.65,On-Time,498.35
1171,2024-02-29,Plant_B,M4,Float,7.67,1541.92,66.4,2.52,7.14,0.91,Day,5.2,60.32,Zone_2,696.07,616,3,0,0.0075,0,43.48,23.08,16.51,Delayed,285.39
1172,2024-09-21,Plant_B,M1,Float,5.74,1461.82,49.92,2.76,7.37,0.93,Day,9.9,39.29,Zone_3,554.87,681,5,0,0.0097,0,75.34,1.44,0.0,On-Time,227.5
1173,2025-05-19,Plant_C,M5,Solar,5.42,1529.87,66.92,3.24,5.85,0.89,Weekend,0.5,66.68,Zone_2,1043.61,780,57,9,0.0864,1,2079.51,38.94,25.99,Delayed,427.88
1174,2025-04-20,Plant_C,M4,Float,7.56,1527.92,68.84,2.58,7.97,0.84,Day,7.9,70.78,Zone_2,1088.89,988,4,0,0.0058,0,71.24,28.95,7.77,Delayed,446.44
1175,2024-01-20,Plant_B,M5,Float,7.52,1511.09,57.36,2.61,6.89,0.93,Day,3.9,72.23,Zone_3,589.68,604,2,0,0.0044,0,31.14,9.05,9.97,On-Time,241.77
1176,2024-05-08,Plant_B,M5,Solar,4.04,1564.06,76.77,3.66,4.9,0.89,Day,5.3,63.35,Zone_3,1143.19,792,6,0,0.0114,0,201.85,8.32,8.74,On-Time,468.71
1177,2024-05-25,Plant_B,M5,Tempered,4.5,1534.51,67.25,3.79,5.94,0.87,Night,0.8,66.16,Zone_3,1143.51,955,2,0,0.0045,0,52.31,6.53,7.56,On-Time,468.84
1178,2025-04-07,Plant_A,M1,Solar,3.85,1528.33,75.29,4.02,5.68,0.92,Weekend,4.0,74.36,Zone_3,1506.03,1233,7,0,0.0065,0,253.13,15.5,4.99,On-Time,617.47
1179,2024-06-20,Plant_A,M1,Solar,3.13,1537.33,81.98,3.82,5.38,0.93,Day,8.1,67.74,Zone_2,1408.6,1122,6,0,0.0078,0,225.51,12.69,8.62,On-Time,577.53
1180,2025-01-24,Plant_B,M2,Laminated,8.77,1504.56,92.98,3.35,6.18,0.9,Day,4.2,56.55,Zone_3,1012.23,795,2,0,0.004,0,63.04,19.65,7.61,On-Time,415.01
1181,2024-03-12,Plant_B,M1,Solar,5.6,1560.82,73.08,3.77,6.89,0.93,Night,4.4,64.97,Zone_1,1134.7,804,7,0,0.0111,0,240.76,8.53,7.2,On-Time,465.23
1182,2024-10-13,Plant_B,M2,Laminated,7.86,1528.95,68.61,2.22,4.81,0.91,Weekend,3.3,34.95,Zone_2,1056.6,771,6,0,0.0097,0,166.58,34.15,16.51,Delayed,433.21
1183,2025-04-08,Plant_B,M2,Laminated,13.3,1510.85,92.8,3.09,5.3,0.9,Day,6.7,70.24,Zone_2,1169.78,901,2,0,0.004,0,64.15,15.47,9.39,On-Time,479.61
1184,2024-12-02,Plant_A,M2,Float,6.09,1484.07,71.62,2.32,8.34,0.86,Night,6.7,47.27,Zone_1,625.86,719,4,0,0.0104,0,67.34,12.65,14.24,On-Time,256.6
1185,2024-06-26,Plant_B,M5,Solar,5.0,1531.96,81.88,3.64,5.18,0.96,Night,1.1,47.5,Zone_3,1016.41,777,3,0,0.0041,0,93.59,12.65,12.12,On-Time,416.73
1186,2024-03-20,Plant_C,M1,Solar,4.81,1540.17,57.74,4.18,5.44,0.89,Night,7.2,67.5,Zone_2,1554.59,1132,8,0,0.0095,0,293.74,28.38,13.85,Delayed,637.38
1187,2025-01-20,Plant_C,M3,Solar,4.63,1564.33,64.8,4.42,5.9,0.86,Day,2.9,55.55,Zone_3,1364.04,896,3,0,0.004,0,97.71,14.82,7.64,On-Time,559.26
1188,2024-05-07,Plant_B,M3,Tempered,9.39,1556.54,64.17,2.83,5.53,0.86,Day,7.2,69.55,Zone_1,690.08,520,3,0,0.0072,0,73.71,13.21,0.0,On-Time,282.93
1189,2024-10-14,Plant_C,M3,Tempered,5.07,1537.24,78.99,3.38,6.31,0.9,Day,3.8,43.25,Zone_3,759.68,590,5,0,0.0089,0,109.99,20.49,8.42,On-Time,311.47
1190,2024-08-14,Plant_A,M4,Laminated,6.39,1496.16,96.66,3.58,4.63,0.99,Day,4.7,48.01,Zone_2,1308.04,1084,4,0,0.004,0,108.29,2.14,6.21,On-Time,536.3
1191,2024-08-02,Plant_A,M2,Solar,5.28,1502.56,56.21,4.09,6.81,0.97,Day,7.6,38.89,Zone_2,750.33,659,2,0,0.004,0,75.71,9.72,4.07,On-Time,307.64
1192,2025-05-20,Plant_A,M5,Tempered,8.78,1516.61,63.11,2.79,7.78,0.91,Night,4.9,65.14,Zone_3,759.07,708,4,0,0.0083,0,93.16,15.89,4.5,On-Time,311.22
1193,2024-06-28,Plant_A,M5,Tempered,10.3,1523.05,68.28,3.23,6.54,0.93,Night,4.0,66.55,Zone_1,701.79,642,4,0,0.009,0,87.69,15.74,20.14,On-Time,287.73
1194,2024-08-21,Plant_C,M3,Tempered,9.64,1548.43,55.48,3.79,5.2,0.82,Night,3.2,45.54,Zone_1,1183.73,898,4,0,0.0046,0,91.87,6.95,5.71,On-Time,485.33
1195,2024-09-15,Plant_C,M5,Solar,5.3,1580.2,52.66,3.46,5.09,0.84,Day,5.9,39.05,Zone_2,1254.44,806,7,0,0.0098,0,254.97,16.69,12.65,On-Time,514.32
1196,2024-02-23,Plant_B,M4,Solar,4.18,1529.6,62.3,3.94,5.54,0.95,Day,0.5,53.51,Zone_3,1114.24,827,6,0,0.0091,0,194.13,9.22,11.64,On-Time,456.84
1197,2025-05-22,Plant_B,M5,Float,5.18,1512.71,43.89,2.02,7.0,0.92,Weekend,8.5,74.9,Zone_1,495.73,507,42,10,0.0976,1,714.38,34.82,28.26,Delayed,203.25
1198,2025-03-06,Plant_C,M4,Laminated,8.35,1522.44,85.94,3.1,4.73,0.82,Day,7.5,62.02,Zone_1,658.35,454,4,0,0.0116,0,129.36,5.5,12.82,On-Time,269.92
1199,2024-01-26,Plant_C,M2,Solar,5.99,1539.35,69.8,4.23,5.6,0.87,Weekend,4.7,62.76,Zone_1,1267.97,911,47,14,0.0694,1,1685.43,32.82,19.3,Delayed,519.87
1200,2024-12-03,Plant_B,M1,Float,4.26,1492.34,75.08,2.93,7.42,0.88,Day,6.8,45.72,Zone_2,700.89,773,6,0,0.0111,0,95.14,15.54,7.22,On-Time,287.36
1201,2024-12-08,Plant_B,M2,Float,5.99,1464.48,75.7,1.67,6.61,0.85,Day,5.5,46.0,Zone_2,506.03,589,4,0,0.0085,0,58.5,18.99,2.56,On-Time,207.47
1202,2024-12-07,Plant_C,M2,Float,4.48,1502.75,67.12,1.84,8.41,0.84,Night,2.3,43.93,Zone_3,913.63,916,49,22,0.0935,1,743.92,38.23,32.74,Delayed,374.59
1203,2024-04-07,Plant_C,M4,Float,3.98,1511.56,72.08,2.96,7.93,0.86,Day,5.3,68.8,Zone_1,444.49,405,1,0,0.004,0,17.55,11.29,12.4,On-Time,182.24
1204,2025-01-21,Plant_B,M1,Tempered,5.12,1533.54,59.15,4.08,7.15,0.91,Day,11.9,59.83,Zone_2,1191.35,1010,4,0,0.0061,0,101.15,5.95,0.0,On-Time,488.45
1205,2025-03-18,Plant_A,M1,Float,6.79,1465.88,71.06,2.99,8.55,0.91,Night,6.0,85.0,Zone_2,529.07,675,4,0,0.0069,0,71.0,15.26,9.55,On-Time,216.92
1206,2025-02-15,Plant_A,M5,Solar,3.18,1557.3,54.62,4.02,4.84,0.84,Day,7.0,63.25,Zone_3,1135.83,844,6,0,0.0116,0,225.35,0.0,7.89,On-Time,465.69
1207,2024-01-11,Plant_B,M4,Solar,4.72,1536.03,66.05,3.11,4.48,0.84,Night,4.9,58.48,Zone_3,1037.6,753,3,0,0.0044,0,98.35,16.61,12.17,On-Time,425.42
1208,2024-12-13,Plant_C,M1,Solar,3.15,1549.14,62.11,4.05,6.9,0.93,Day,8.2,50.93,Zone_3,960.33,687,4,0,0.0075,0,130.63,8.54,0.0,On-Time,393.74
1209,2024-04-15,Plant_A,M5,Float,6.37,1461.96,47.25,2.52,7.33,0.9,Night,6.3,66.85,Zone_1,624.34,783,7,0,0.0112,0,118.03,18.48,12.54,On-Time,255.98
1210,2024-05-09,Plant_C,M5,Laminated,13.88,1514.18,70.76,2.81,5.94,0.95,Day,6.0,66.69,Zone_2,713.68,536,3,0,0.0093,0,83.39,26.13,0.0,Delayed,292.61
1211,2025-03-31,Plant_A,M2,Tempered,7.53,1578.1,64.52,3.2,6.36,0.91,Night,8.5,72.23,Zone_1,810.28,623,60,16,0.1387,1,1513.46,15.31,23.52,Delayed,332.21
1212,2025-03-22,Plant_C,M3,Laminated,11.94,1504.35,94.41,3.59,3.94,0.95,Night,4.6,65.09,Zone_3,1307.57,983,7,0,0.0075,0,184.11,18.31,0.0,On-Time,536.1
1213,2024-05-30,Plant_B,M3,Laminated,9.46,1539.77,60.29,3.51,6.12,0.99,Day,3.8,64.28,Zone_1,1169.21,813,2,0,0.004,0,60.89,8.11,6.75,On-Time,479.38
1214,2024-05-28,Plant_A,M2,Float,7.93,1479.57,61.83,2.69,6.61,0.98,Day,2.5,67.05,Zone_1,494.32,576,4,0,0.0118,0,66.87,14.3,2.92,On-Time,202.67
1215,2024-07-25,Plant_A,M3,Tempered,7.91,1533.18,64.72,3.11,5.64,0.94,Night,2.9,36.08,Zone_3,1056.48,906,5,0,0.0068,0,126.12,7.13,3.21,On-Time,433.16
1216,2025-04-23,Plant_C,M3,Laminated,11.75,1536.36,98.45,2.84,6.45,0.86,Night,2.9,65.18,Zone_2,1272.34,869,52,16,0.0855,1,1653.22,40.36,22.4,Delayed,521.66
1217,2024-04-17,Plant_B,M1,Solar,4.85,1499.64,60.77,3.82,6.65,0.93,Day,6.3,85.0,Zone_1,636.23,558,4,0,0.012,0,148.67,0.08,2.63,On-Time,260.85
1218,2024-08-23,Plant_B,M5,Tempered,10.29,1538.41,63.7,3.55,6.56,0.85,Day,1.6,41.87,Zone_3,1122.94,927,8,0,0.0111,0,214.35,24.45,10.69,Delayed,460.41
1219,2024-12-05,Plant_C,M4,Tempered,5.52,1555.07,88.85,3.36,5.88,0.89,Day,5.9,58.14,Zone_1,723.51,525,4,0,0.01,0,104.14,13.12,0.0,On-Time,296.64
1220,2024-03-16,Plant_B,M1,Float,3.44,1450.8,55.29,2.14,7.48,0.86,Day,5.4,71.54,Zone_2,765.37,964,75,24,0.1307,1,1100.66,33.53,29.87,Delayed,313.8
1221,2025-01-03,Plant_A,M1,Tempered,8.45,1533.86,78.98,2.84,7.94,0.96,Day,1.3,50.15,Zone_1,660.54,598,38,8,0.0925,1,861.31,15.52,38.58,Delayed,270.82
1222,2024-09-25,Plant_C,M2,Laminated,13.48,1506.65,66.97,2.56,5.61,0.87,Night,0.5,45.75,Zone_1,1191.3,903,57,24,0.0956,1,1795.11,39.54,23.18,Delayed,488.43
1223,2024-01-23,Plant_A,M3,Float,6.55,1471.74,77.39,2.75,6.07,0.89,Day,9.6,50.86,Zone_3,526.28,605,3,0,0.0089,0,43.89,11.09,0.0,On-Time,215.77
1224,2024-04-23,Plant_B,M2,Laminated,6.65,1499.56,77.6,3.17,4.88,0.93,Day,12.2,55.16,Zone_2,728.18,581,2,0,0.0059,0,59.57,6.96,9.76,On-Time,298.55
1225,2024-06-24,Plant_C,M5,Solar,3.75,1530.43,68.21,3.16,6.84,0.81,Weekend,3.8,69.25,Zone_1,1197.07,892,68,28,0.1263,1,2496.58,41.11,24.73,Delayed,490.8
1226,2024-05-13,Plant_A,M2,Solar,3.83,1534.74,80.27,3.87,4.91,0.97,Night,5.5,73.87,Zone_2,575.38,454,1,0,0.004,0,36.95,11.64,12.58,On-Time,235.91
1227,2024-09-07,Plant_A,M5,Tempered,8.7,1527.01,79.08,4.09,7.29,0.86,Weekend,4.4,43.41,Zone_2,1227.0,1102,7,0,0.0094,0,170.23,9.74,7.3,On-Time,503.07
1228,2024-12-01,Plant_A,M1,Laminated,13.98,1510.8,80.34,3.42,5.26,0.92,Weekend,7.3,48.46,Zone_3,597.18,504,4,0,0.0108,0,121.95,17.23,15.98,On-Time,244.84
1229,2025-05-15,Plant_A,M1,Solar,5.21,1556.36,75.27,3.3,5.45,0.91,Night,5.4,57.78,Zone_3,929.47,705,43,13,0.0882,1,1390.14,34.25,32.49,Delayed,381.08
1230,2025-06-04,Plant_B,M5,Laminated,13.73,1478.09,96.41,2.34,5.0,0.86,Day,6.0,66.87,Zone_2,1093.55,945,94,27,0.1305,1,2701.25,26.97,17.61,Delayed,448.36
1231,2025-01-17,Plant_C,M4,Solar,5.31,1519.61,68.56,3.09,5.93,0.87,Day,4.1,64.44,Zone_3,1297.16,970,96,19,0.1143,1,3210.95,27.89,16.14,Delayed,531.84
1232,2024-02-07,Plant_A,M2,Tempered,7.61,1530.57,72.08,4.33,7.64,0.89,Day,5.7,60.53,Zone_1,1222.31,1077,77,13,0.0962,1,2016.33,25.8,19.87,Delayed,501.15
1233,2024-11-09,Plant_B,M4,Tempered,10.86,1542.49,88.26,3.27,5.78,0.83,Weekend,4.3,48.33,Zone_2,555.77,425,3,0,0.0114,0,67.39,28.13,0.0,Delayed,227.87
1234,2024-03-27,Plant_A,M1,Laminated,9.96,1517.25,60.42,3.02,7.27,0.86,Day,7.3,68.27,Zone_2,1128.17,916,3,0,0.0057,0,88.38,6.13,1.21,On-Time,462.55
1235,2024-02-12,Plant_B,M5,Laminated,12.33,1523.94,66.67,3.14,6.99,0.94,Day,10.8,61.14,Zone_2,1141.95,853,5,0,0.0069,0,156.68,22.64,12.51,Delayed,468.2
1236,2025-01-11,Plant_B,M3,Laminated,13.55,1504.02,74.3,3.9,4.91,0.83,Day,3.9,62.0,Zone_1,1306.35,1012,78,22,0.0903,1,2403.25,20.09,11.03,Delayed,535.6
1237,2024-09-28,Plant_C,M1,Laminated,13.23,1502.65,91.33,2.9,7.27,0.84,Weekend,6.9,30.89,Zone_2,1346.91,1053,5,0,0.0063,0,135.25,18.69,15.12,On-Time,552.23
1238,2025-06-09,Plant_C,M1,Laminated,8.22,1489.3,62.04,3.5,6.09,0.88,Weekend,7.4,66.08,Zone_1,1022.16,839,59,24,0.1019,1,1784.51,37.38,28.5,Delayed,419.09
1239,2025-01-03,Plant_A,M5,Tempered,11.53,1537.02,88.47,3.65,6.89,0.95,Day,5.6,52.83,Zone_3,963.37,841,3,0,0.0051,0,67.45,4.58,7.88,On-Time,394.98
1240,2024-11-05,Plant_C,M3,Tempered,6.02,1552.53,64.4,3.71,7.29,0.85,Night,8.0,42.13,Zone_1,834.37,621,5,0,0.0105,0,113.91,19.95,17.98,On-Time,342.09
1241,2024-09-24,Plant_A,M3,Laminated,12.18,1475.76,72.3,3.06,5.02,0.9,Night,5.0,49.67,Zone_2,500.34,436,3,0,0.0081,0,97.27,0.0,16.79,On-Time,205.14
1242,2024-01-13,Plant_B,M5,Tempered,8.25,1530.92,78.49,3.41,6.33,0.9,Weekend,5.1,63.5,Zone_1,1120.19,946,8,0,0.0115,0,191.03,11.27,4.36,On-Time,459.28
1243,2024-08-02,Plant_B,M2,Solar,5.23,1574.0,78.83,3.7,4.74,0.84,Night,9.2,56.01,Zone_2,1174.33,784,4,0,0.0095,0,131.07,21.89,25.33,On-Time,481.48
1244,2024-03-28,Plant_B,M2,Solar,5.38,1579.17,65.5,4.02,5.79,0.9,Night,5.9,72.56,Zone_3,1103.25,726,67,16,0.1185,1,2540.99,25.39,16.44,Delayed,452.33
1245,2025-03-25,Plant_B,M5,Float,5.49,1490.92,50.35,2.67,7.75,0.92,Day,8.3,75.95,Zone_3,515.46,562,3,0,0.0059,0,48.41,0.0,0.46,On-Time,211.34
1246,2024-11-08,Plant_C,M1,Solar,3.05,1545.87,71.94,3.58,7.04,0.91,Night,8.8,50.78,Zone_2,1007.4,727,4,0,0.009,0,132.19,27.07,24.46,Delayed,413.03
1247,2025-03-05,Plant_B,M4,Laminated,11.52,1507.0,77.97,3.31,5.78,0.87,Day,4.8,65.87,Zone_1,1126.94,855,2,0,0.0049,0,57.75,5.53,10.02,On-Time,462.05
1248,2024-02-02,Plant_A,M2,Laminated,6.48,1534.55,98.46,2.02,6.17,0.87,Night,4.0,63.99,Zone_3,1319.17,996,5,0,0.0088,0,135.32,19.62,14.3,On-Time,540.86
1249,2025-02-04,Plant_B,M2,Solar,5.74,1563.64,69.89,4.04,4.81,0.96,Day,7.5,67.69,Zone_2,686.42,472,4,0,0.01,0,135.19,16.04,2.68,On-Time,281.43
1250,2024-04-21,Plant_B,M5,Solar,5.7,1513.54,57.76,3.62,5.96,0.91,Night,5.4,69.85,Zone_2,956.19,777,39,9,0.0762,1,1298.91,27.48,34.12,Delayed,392.04
1251,2024-04-16,Plant_C,M5,Tempered,8.64,1572.22,74.59,4.05,5.28,0.91,Day,5.2,78.82,Zone_3,1504.55,1093,80,17,0.114,1,1972.22,18.57,28.33,Delayed,616.87
1252,2024-01-28,Plant_A,M2,Float,5.72,1504.87,73.41,2.22,7.18,0.9,Weekend,3.7,60.42,Zone_2,851.18,918,56,23,0.1048,1,842.36,46.54,29.46,Delayed,348.98
1253,2024-08-26,Plant_B,M5,Float,6.98,1481.79,54.82,3.14,6.39,0.83,Day,5.9,47.1,Zone_2,885.16,985,7,1,0.0115,0,116.66,4.08,6.15,On-Time,362.92
1254,2024-06-24,Plant_B,M4,Solar,4.39,1541.05,70.99,3.84,4.55,0.88,Day,8.9,62.77,Zone_1,810.2,574,1,0,0.004,0,33.6,0.0,0.0,On-Time,332.18
1255,2025-03-04,Plant_B,M1,Solar,5.75,1565.12,84.5,3.56,6.32,0.97,Weekend,4.1,60.49,Zone_1,643.91,458,2,0,0.0073,0,67.69,21.09,24.79,On-Time,264.0
1256,2024-07-29,Plant_B,M4,Solar,3.97,1526.54,59.27,3.95,6.02,0.87,Day,7.7,52.3,Zone_3,1191.87,895,3,0,0.004,0,112.33,17.56,17.88,On-Time,488.67
1257,2024-07-26,Plant_C,M4,Laminated,10.33,1475.95,73.73,3.11,5.92,0.82,Day,6.1,49.11,Zone_1,997.81,811,57,21,0.1171,1,1759.93,41.36,24.93,Delayed,409.1
1258,2025-02-12,Plant_C,M2,Laminated,7.2,1520.45,98.12,3.32,4.78,0.92,Weekend,6.4,54.03,Zone_2,1337.34,972,4,0,0.0046,0,108.54,21.92,5.65,On-Time,548.31
1259,2024-02-10,Plant_C,M1,Laminated,7.65,1481.67,64.35,3.08,6.74,0.82,Night,5.1,58.88,Zone_2,932.63,787,50,16,0.1134,1,1552.23,39.95,15.33,Delayed,382.38
1260,2024-10-31,Plant_B,M5,Tempered,9.21,1518.71,78.27,3.24,6.24,0.86,Day,4.4,39.95,Zone_1,1273.34,1116,10,0,0.0119,0,260.71,26.68,10.72,Delayed,522.07
1261,2025-03-18,Plant_B,M4,Tempered,8.97,1503.49,70.38,3.63,5.48,0.99,Night,4.0,67.5,Zone_1,772.93,679,2,0,0.004,0,50.1,20.15,8.42,On-Time,316.9
1262,2024-02-14,Plant_A,M2,Laminated,8.37,1479.77,90.78,3.4,4.92,0.93,Weekend,3.1,68.24,Zone_3,1166.05,1044,10,0,0.0111,0,311.09,7.41,3.67,On-Time,478.08
1263,2024-03-09,Plant_C,M2,Solar,4.23,1569.83,87.12,4.32,7.08,0.96,Day,5.3,65.93,Zone_3,906.7,595,33,15,0.0866,1,1146.92,19.09,17.0,Delayed,371.75
1264,2025-01-12,Plant_A,M1,Laminated,12.94,1457.19,86.08,2.55,5.28,0.86,Day,8.3,54.32,Zone_1,1016.66,1010,90,23,0.1157,1,2472.62,27.46,22.14,Delayed,416.83
1265,2025-06-02,Plant_A,M4,Float,4.68,1469.35,62.36,3.0,7.55,0.84,Day,4.4,52.39,Zone_3,904.31,1053,3,0,0.0052,0,44.15,12.45,1.51,On-Time,370.77
1266,2025-04-17,Plant_B,M3,Solar,3.62,1560.64,60.21,3.48,6.17,0.9,Weekend,3.1,69.41,Zone_2,1037.81,706,41,17,0.0899,1,1506.12,43.77,32.72,Delayed,425.5
1267,2024-09-13,Plant_A,M2,Laminated,13.23,1482.67,62.63,3.4,5.23,0.9,Night,5.2,40.72,Zone_2,984.65,873,4,0,0.0049,0,120.26,11.22,9.63,On-Time,403.71
1268,2024-03-10,Plant_A,M5,Tempered,7.36,1531.04,70.55,3.4,7.49,0.87,Night,5.6,67.97,Zone_2,889.02,791,4,0,0.0077,0,102.98,8.15,8.08,On-Time,364.5
1269,2024-10-12,Plant_A,M2,Float,5.17,1489.6,69.84,2.17,6.5,0.86,Night,3.2,50.36,Zone_1,1042.29,1177,11,0,0.012,0,187.01,21.15,16.86,On-Time,427.34
1270,2025-02-04,Plant_A,M1,Float,3.41,1453.41,56.03,2.11,7.6,0.94,Night,6.6,56.96,Zone_1,616.26,815,3,0,0.0059,0,51.06,14.18,15.14,On-Time,252.67
1271,2024-07-01,Plant_A,M1,Tempered,5.93,1554.61,60.19,3.69,6.27,0.92,Day,8.4,52.57,Zone_1,757.42,642,2,0,0.0051,0,52.42,3.81,6.2,On-Time,310.54
1272,2025-06-19,Plant_C,M1,Solar,3.37,1543.18,56.78,4.01,5.39,0.92,Night,5.7,61.42,Zone_2,873.58,638,5,0,0.0098,0,156.23,11.13,18.07,On-Time,358.17
1273,2024-01-05,Plant_A,M4,Tempered,6.87,1542.76,74.0,3.28,6.5,0.91,Weekend,4.0,55.01,Zone_2,1278.05,1060,3,0,0.004,0,78.07,12.46,7.88,On-Time,524.0
1274,2024-07-23,Plant_A,M1,Solar,5.63,1494.75,55.46,3.8,7.31,0.99,Day,6.0,46.24,Zone_1,1011.48,936,6,0,0.0088,0,207.67,16.98,5.39,On-Time,414.71
1275,2024-07-15,Plant_C,M1,Tempered,8.37,1515.3,55.18,3.08,6.38,0.96,Weekend,4.6,47.17,Zone_1,1101.4,962,7,0,0.0089,0,178.04,17.63,6.71,On-Time,451.57
1276,2024-06-20,Plant_C,M2,Float,6.53,1488.83,60.25,2.67,6.49,0.94,Day,10.2,56.58,Zone_1,569.0,595,4,0,0.0085,0,67.5,20.84,0.0,On-Time,233.29
1277,2024-11-26,Plant_C,M2,Tempered,10.81,1463.61,67.59,3.89,5.4,0.87,Weekend,5.7,51.65,Zone_2,762.14,781,4,0,0.0077,0,89.68,26.14,11.65,Delayed,312.48
1278,2024-05-03,Plant_A,M2,Float,5.0,1461.73,79.9,2.22,8.14,0.9,Day,8.2,63.91,Zone_1,816.8,1009,29,7,0.0477,1,419.73,24.69,26.29,Delayed,334.89
1279,2024-11-19,Plant_A,M4,Tempered,4.53,1553.95,60.84,3.29,5.28,0.88,Day,3.4,42.67,Zone_1,723.36,570,2,0,0.0061,0,44.3,5.18,3.25,On-Time,296.58
1280,2024-10-12,Plant_C,M5,Laminated,7.14,1544.69,68.7,3.22,4.35,0.85,Day,7.4,39.74,Zone_1,1307.43,893,4,0,0.0074,0,106.8,6.69,0.0,On-Time,536.05
1281,2025-05-26,Plant_A,M5,Tempered,5.76,1504.91,60.14,3.37,5.17,0.85,Day,7.3,48.71,Zone_1,584.87,569,2,0,0.0059,0,50.19,7.81,14.34,On-Time,239.8
1282,2025-02-01,Plant_C,M2,Laminated,9.28,1528.46,89.77,3.1,6.66,0.88,Day,3.6,60.18,Zone_3,1380.55,980,4,0,0.0049,0,127.4,14.05,10.01,On-Time,566.03
1283,2025-05-08,Plant_A,M3,Float,4.46,1472.9,60.41,2.53,6.27,0.78,Night,0.9,63.38,Zone_3,659.23,761,6,0,0.0097,0,91.58,17.1,16.03,On-Time,270.28
1284,2025-06-07,Plant_C,M2,Float,5.8,1502.79,49.77,2.61,6.55,0.81,Day,7.7,61.73,Zone_3,814.99,817,3,0,0.0051,0,51.03,25.4,16.58,Delayed,334.15
1285,2024-05-07,Plant_B,M2,Solar,4.8,1548.64,54.86,3.59,4.74,0.9,Night,8.2,60.12,Zone_3,1026.68,738,2,0,0.0055,0,75.98,29.98,6.18,Delayed,420.94
1286,2024-05-20,Plant_B,M4,Laminated,7.23,1558.78,62.5,2.97,5.71,0.95,Day,9.4,52.85,Zone_2,846.13,548,39,14,0.1107,1,1222.77,21.16,23.14,Delayed,346.91
1287,2024-02-08,Plant_A,M5,Solar,5.57,1533.06,81.12,3.34,5.07,0.9,Night,7.9,63.33,Zone_2,1468.72,1173,5,0,0.0076,0,182.41,15.94,12.03,On-Time,602.18
1288,2024-11-21,Plant_C,M1,Solar,3.48,1522.4,63.37,3.45,6.53,0.93,Night,0.5,36.53,Zone_2,585.43,463,2,0,0.0046,0,71.01,18.37,8.38,On-Time,240.03
1289,2024-08-22,Plant_C,M3,Laminated,10.46,1509.15,98.16,3.25,5.51,0.83,Day,4.4,39.84,Zone_3,1136.8,840,35,15,0.0686,1,931.5,19.9,20.84,On-Time,466.09
1290,2024-09-11,Plant_C,M2,Solar,5.3,1532.31,82.55,3.76,6.09,0.8,Night,4.6,38.11,Zone_1,1541.05,1132,6,0,0.0067,0,217.16,12.94,11.88,On-Time,631.83
1291,2024-01-07,Plant_A,M4,Float,7.48,1410.2,76.15,1.96,5.71,0.95,Weekend,7.9,56.07,Zone_1,556.45,787,102,36,0.1496,1,1775.43,38.88,38.31,Delayed,228.14
1292,2024-05-24,Plant_A,M2,Float,7.79,1539.63,57.79,2.42,6.34,0.98,Day,5.7,63.57,Zone_3,468.09,458,2,0,0.0051,0,35.82,17.57,10.95,On-Time,191.92
1293,2024-07-28,Plant_A,M5,Float,7.34,1438.17,64.68,2.28,8.71,0.99,Day,6.1,45.92,Zone_2,665.19,906,7,0,0.0107,0,105.29,7.15,13.38,On-Time,272.73
1294,2024-07-21,Plant_A,M4,Tempered,4.45,1543.74,85.26,3.0,5.21,0.94,Night,6.1,46.97,Zone_2,881.38,721,4,0,0.0078,0,106.35,0.0,0.0,On-Time,361.37
1295,2025-04-04,Plant_C,M2,Laminated,8.56,1518.94,84.05,2.48,6.55,0.93,Weekend,3.4,69.58,Zone_2,958.77,700,38,13,0.0695,1,1044.08,39.12,29.72,Delayed,393.1
1296,2025-01-03,Plant_B,M4,Tempered,9.71,1560.36,72.64,3.45,6.65,0.9,Day,7.1,59.13,Zone_2,1165.88,872,3,0,0.004,0,76.81,11.57,9.57,On-Time,478.01
1297,2025-03-19,Plant_A,M4,Float,5.0,1458.58,66.4,3.16,7.33,0.99,Night,5.6,80.13,Zone_2,734.81,880,4,0,0.0068,0,59.13,13.48,11.93,On-Time,301.27
1298,2024-11-03,Plant_C,M5,Tempered,5.9,1545.39,68.42,3.71,7.71,0.87,Night,6.9,46.98,Zone_1,1330.96,1044,3,0,0.004,0,77.08,19.55,11.78,On-Time,545.69
1299,2025-04-19,Plant_B,M4,Laminated,7.7,1492.21,73.38,2.85,4.09,0.82,Day,3.4,70.66,Zone_3,759.53,596,42,17,0.0943,1,1271.75,11.81,17.96,Delayed,311.41
1300,2024-12-07,Plant_A,M4,Tempered,10.76,1498.16,87.75,3.03,4.77,0.96,Day,7.2,41.82,Zone_1,830.18,783,54,12,0.08,1,1263.34,26.08,31.35,Delayed,340.37
1301,2025-05-27,Plant_C,M3,Solar,3.19,1605.43,52.21,3.75,4.74,0.85,Day,4.0,51.5,Zone_2,1708.12,1006,7,0,0.0108,0,251.75,18.75,6.8,On-Time,700.33
1302,2025-01-17,Plant_B,M4,Laminated,9.45,1492.58,80.8,3.21,6.23,0.88,Night,1.7,66.89,Zone_3,1280.02,1020,45,15,0.0768,1,1451.55,41.48,32.03,Delayed,524.81
1303,2024-02-09,Plant_A,M4,Tempered,7.63,1531.16,60.57,4.23,5.79,0.94,Day,6.6,63.93,Zone_2,929.35,791,7,0,0.0105,0,172.98,9.18,7.26,On-Time,381.03
1304,2024-12-22,Plant_C,M4,Laminated,12.27,1524.27,102.91,2.76,4.23,0.84,Night,7.3,56.64,Zone_3,1126.53,788,5,0,0.0083,0,155.77,11.34,7.38,On-Time,461.88
1305,2025-03-10,Plant_C,M2,Tempered,8.22,1528.44,82.88,3.37,7.67,0.93,Day,7.2,57.62,Zone_2,1283.95,1052,6,0,0.0068,0,136.98,13.19,14.19,On-Time,526.42
1306,2024-01-29,Plant_C,M2,Laminated,10.12,1535.38,66.99,3.6,5.88,0.96,Night,9.3,58.63,Zone_3,965.73,672,23,9,0.0605,1,654.88,33.54,25.6,Delayed,395.95
1307,2024-09-10,Plant_C,M5,Tempered,5.59,1546.74,80.72,3.42,6.36,0.92,Day,8.4,41.75,Zone_1,1436.86,1122,9,0,0.0112,0,240.16,25.9,11.8,Delayed,589.11
1308,2025-01-28,Plant_B,M5,Float,5.21,1488.25,69.86,2.57,8.09,0.83,Day,6.0,57.41,Zone_1,919.18,1002,5,0,0.0088,0,81.97,16.56,4.03,On-Time,376.86
1309,2024-06-18,Plant_B,M3,Laminated,9.18,1506.51,78.36,2.86,6.38,0.84,Day,3.2,61.95,Zone_3,702.78,533,2,0,0.0041,0,57.44,14.94,6.83,On-Time,288.14
1310,2025-01-26,Plant_C,M3,Solar,4.44,1572.76,65.48,3.89,6.75,0.9,Night,0.5,54.2,Zone_3,1470.51,944,4,0,0.0076,0,131.65,20.9,9.87,On-Time,602.91
1311,2024-04-21,Plant_C,M5,Laminated,6.48,1499.76,104.75,2.76,4.8,0.92,Night,2.4,65.26,Zone_2,800.75,628,2,0,0.0051,0,57.53,35.77,14.21,Delayed,328.31
1312,2025-02-11,Plant_C,M3,Float,5.88,1486.22,63.02,2.71,8.3,0.94,Weekend,3.3,65.58,Zone_2,849.08,874,30,11,0.0569,1,475.16,29.84,26.48,Delayed,348.12
1313,2024-03-12,Plant_C,M4,Solar,5.16,1560.83,63.74,3.52,5.42,0.91,Night,7.7,61.8,Zone_3,1350.06,889,5,0,0.0084,0,164.6,21.27,4.38,On-Time,553.52
1314,2024-06-29,Plant_B,M2,Tempered,5.77,1538.79,73.75,2.48,7.05,0.83,Day,4.3,61.29,Zone_1,1318.99,1078,54,24,0.0821,1,1344.03,42.9,20.22,Delayed,540.79
1315,2024-04-22,Plant_B,M5,Tempered,5.1,1508.26,66.64,2.84,7.44,0.97,Day,7.7,62.38,Zone_1,1175.01,1066,8,0,0.0092,0,186.4,15.17,7.97,On-Time,481.75
1316,2024-07-15,Plant_B,M4,Solar,3.9,1564.71,81.94,3.48,5.15,0.84,Night,5.4,52.05,Zone_3,1418.76,952,88,15,0.1034,1,2810.01,42.88,30.13,Delayed,581.69
1317,2024-06-19,Plant_A,M3,Float,6.96,1460.53,58.06,2.44,6.15,0.87,Day,3.5,59.84,Zone_2,445.7,528,15,5,0.0458,1,239.69,12.02,22.57,On-Time,182.74
1318,2024-01-31,Plant_C,M2,Solar,3.12,1521.09,76.77,3.41,5.48,0.95,Day,4.8,78.19,Zone_1,1219.55,929,88,18,0.109,1,3305.46,31.62,21.68,Delayed,500.02
1319,2024-09-29,Plant_A,M5,Float,6.46,1445.75,54.32,2.55,9.2,0.92,Day,5.5,34.51,Zone_3,623.42,827,2,0,0.0048,0,29.17,10.05,30.89,Delayed,255.6
1320,2025-01-19,Plant_C,M5,Laminated,7.92,1513.87,79.56,3.58,6.14,0.93,Weekend,6.5,56.14,Zone_2,1248.51,933,3,0,0.0056,0,89.27,25.25,13.79,Delayed,511.89
1321,2025-03-15,Plant_B,M3,Laminated,9.28,1489.37,95.9,2.74,6.59,0.87,Weekend,4.6,76.18,Zone_1,1124.79,911,2,0,0.004,0,56.86,26.43,13.53,Delayed,461.16
1322,2025-02-12,Plant_B,M5,Float,5.23,1533.45,69.9,2.18,8.61,0.85,Weekend,9.1,64.16,Zone_2,1016.34,971,8,0,0.0109,0,121.24,21.37,14.57,On-Time,416.7
1323,2024-01-04,Plant_B,M4,Tempered,11.92,1490.94,79.33,3.51,5.29,0.86,Day,8.5,55.98,Zone_1,477.56,427,4,0,0.0112,0,99.27,10.46,2.76,On-Time,195.8
1324,2024-10-13,Plant_C,M2,Laminated,10.87,1538.51,81.34,2.97,4.25,0.88,Day,6.4,45.67,Zone_3,1129.51,779,6,0,0.0098,0,191.32,18.09,6.36,On-Time,463.1
1325,2025-05-01,Plant_C,M4,Tempered,10.87,1546.61,70.96,2.63,6.45,0.95,Day,7.4,59.86,Zone_3,588.16,433,1,0,0.0051,0,25.29,10.94,13.05,On-Time,241.15
1326,2024-11-25,Plant_A,M3,Float,4.63,1446.14,67.49,2.48,7.04,0.97,Weekend,3.0,41.65,Zone_3,642.02,811,3,0,0.0047,0,49.64,14.63,15.49,On-Time,263.23
1327,2025-03-30,Plant_A,M5,Solar,6.0,1523.03,76.36,4.21,6.84,0.82,Day,6.7,63.94,Zone_3,937.11,776,2,0,0.004,0,70.94,14.82,11.27,On-Time,384.22
1328,2024-12-22,Plant_B,M4,Float,6.66,1496.25,47.19,2.44,6.67,0.89,Night,6.3,48.86,Zone_2,778.82,788,6,0,0.0082,0,87.79,12.31,13.27,On-Time,319.32
1329,2024-05-26,Plant_C,M5,Float,6.22,1516.76,46.42,2.68,7.59,0.79,Day,4.7,66.37,Zone_1,594.58,582,5,0,0.0099,0,76.23,16.61,5.14,On-Time,243.78
1330,2025-04-23,Plant_A,M4,Float,6.07,1466.32,65.1,2.65,6.77,0.95,Day,7.8,75.02,Zone_3,800.25,937,4,0,0.0057,0,70.5,0.0,1.26,On-Time,328.1
1331,2024-08-04,Plant_A,M1,Float,4.96,1466.35,43.83,2.8,9.01,0.92,Day,13.4,45.85,Zone_3,722.31,909,3,0,0.0041,0,47.69,5.92,1.52,On-Time,296.15
1332,2024-11-30,Plant_B,M3,Tempered,5.01,1551.43,58.35,3.77,7.25,0.95,Night,4.6,46.62,Zone_3,624.46,476,3,0,0.0083,0,70.06,25.48,19.68,Delayed,256.03
1333,2024-05-06,Plant_C,M2,Solar,4.73,1550.76,55.13,3.55,6.97,0.9,Day,11.8,51.27,Zone_3,1550.8,1076,8,0,0.0116,0,272.27,11.94,5.51,On-Time,635.83
1334,2024-08-17,Plant_C,M5,Float,7.82,1489.17,72.34,2.73,6.73,0.9,Night,5.4,43.37,Zone_2,743.41,787,6,0,0.0117,0,106.52,20.77,6.97,On-Time,304.8
1335,2025-01-25,Plant_C,M5,Solar,5.38,1545.61,74.01,4.35,5.01,0.84,Night,5.0,73.27,Zone_1,786.04,561,25,8,0.0751,1,874.35,30.45,16.93,Delayed,322.28
1336,2024-10-24,Plant_A,M1,Float,3.98,1463.5,53.97,2.97,9.3,0.96,Day,6.8,32.49,Zone_3,621.59,794,3,0,0.0048,0,53.36,0.0,3.36,On-Time,254.85
1337,2024-04-28,Plant_C,M3,Tempered,10.11,1543.82,78.89,3.35,5.95,0.76,Weekend,2.9,63.08,Zone_2,838.25,640,3,0,0.006,0,69.07,32.02,12.59,Delayed,343.68
1338,2024-01-02,Plant_B,M1,Tempered,5.59,1576.77,88.23,3.42,7.16,0.86,Night,4.8,53.51,Zone_2,629.13,480,41,17,0.1225,1,890.9,21.81,23.42,Delayed,257.94
1339,2025-01-08,Plant_C,M2,Tempered,5.31,1539.55,84.81,3.65,6.29,0.89,Day,9.2,55.81,Zone_1,598.38,474,2,0,0.0067,0,51.62,0.45,0.14,On-Time,245.34
1340,2025-04-16,Plant_B,M2,Laminated,7.3,1513.47,73.73,4.01,6.16,0.83,Night,10.8,73.96,Zone_2,1397.74,1068,3,0,0.004,0,83.51,8.41,15.78,On-Time,573.07
1341,2024-05-30,Plant_C,M3,Tempered,10.92,1518.06,77.51,2.87,7.09,0.85,Night,6.5,64.89,Zone_3,1242.66,1035,78,22,0.1022,1,2010.04,26.34,23.29,Delayed,509.49
1342,2024-11-23,Plant_B,M5,Float,7.45,1483.9,67.48,2.66,6.92,0.84,Day,5.2,51.16,Zone_3,580.07,645,4,0,0.0115,0,66.03,18.91,9.88,On-Time,237.83
1343,2024-08-08,Plant_B,M3,Solar,4.13,1511.52,61.81,3.55,5.05,0.94,Day,6.8,51.1,Zone_2,785.69,620,49,9,0.0939,1,1524.67,25.01,17.72,Delayed,322.13
1344,2024-08-03,Plant_C,M2,Float,6.57,1498.38,73.94,2.46,7.28,0.89,Weekend,5.6,39.17,Zone_1,460.75,468,2,0,0.0059,0,30.64,35.55,12.49,Delayed,188.91
1345,2025-02-05,Plant_B,M2,Float,3.14,1515.91,47.61,2.22,7.16,0.9,Night,7.0,74.74,Zone_2,1071.1,1064,10,0,0.0111,0,172.27,16.4,15.3,On-Time,439.15
1346,2025-04-29,Plant_B,M4,Solar,5.84,1511.05,79.3,3.5,5.08,0.9,Day,9.5,62.55,Zone_3,535.53,410,1,0,0.004,0,38.04,9.31,5.15,On-Time,219.57
1347,2024-07-18,Plant_C,M5,Solar,4.04,1538.45,68.36,3.84,5.21,0.84,Day,6.2,50.48,Zone_2,1098.97,799,3,0,0.0055,0,100.82,14.71,2.69,On-Time,450.58
1348,2024-02-25,Plant_C,M3,Solar,3.77,1544.21,80.92,3.59,5.58,0.93,Night,3.4,59.46,Zone_3,766.01,528,4,0,0.0096,0,148.22,28.86,0.59,Delayed,314.06
1349,2025-05-09,Plant_B,M2,Tempered,4.4,1537.54,89.8,3.63,5.61,0.94,Day,7.8,59.55,Zone_3,1053.19,864,5,0,0.0092,0,131.87,13.83,4.03,On-Time,431.81
1350,2024-01-10,Plant_B,M5,Float,5.2,1509.26,61.19,2.82,7.41,0.88,Night,5.2,52.7,Zone_1,1006.24,1029,7,1,0.0114,0,106.29,15.36,14.45,On-Time,412.56
1351,2025-03-13,Plant_C,M2,Float,7.85,1528.15,50.28,2.98,8.85,0.92,Day,7.4,68.72,Zone_2,1099.24,1025,77,37,0.1121,1,1199.18,31.12,20.75,Delayed,450.69
1352,2024-02-23,Plant_A,M5,Laminated,12.03,1514.41,61.11,2.57,5.93,0.87,Night,6.9,71.59,Zone_1,858.72,696,6,0,0.0117,0,157.52,15.04,23.36,On-Time,352.08
1353,2025-02-17,Plant_A,M1,Float,4.25,1520.95,48.52,2.23,8.96,0.97,Day,5.4,66.31,Zone_2,662.52,708,71,25,0.1125,1,1089.28,18.07,30.33,Delayed,271.63
1354,2024-06-25,Plant_C,M4,Float,3.76,1489.15,48.73,3.17,7.86,0.85,Night,10.3,58.35,Zone_3,759.43,762,5,0,0.0108,0,79.76,9.81,6.94,On-Time,311.37
1355,2025-03-31,Plant_B,M1,Float,6.09,1484.53,74.3,2.86,6.78,0.89,Day,5.2,67.11,Zone_1,442.49,510,2,0,0.0063,0,34.71,4.96,0.0,On-Time,181.42
1356,2025-06-05,Plant_A,M1,Solar,5.33,1507.47,75.46,3.74,5.15,0.9,Day,5.0,56.83,Zone_3,1235.17,1088,3,0,0.004,0,98.39,2.64,0.0,On-Time,506.42
1357,2024-07-04,Plant_B,M4,Solar,4.41,1527.03,81.99,3.39,5.67,0.89,Day,9.1,52.88,Zone_1,1267.83,952,7,0,0.0103,0,263.28,9.45,0.0,On-Time,519.81
1358,2024-03-06,Plant_C,M5,Tempered,4.08,1553.01,69.22,3.34,5.21,0.88,Day,2.3,65.93,Zone_3,1427.95,1095,55,9,0.0579,1,1288.2,29.36,22.68,Delayed,585.46
1359,2025-05-15,Plant_A,M5,Float,6.71,1474.12,79.72,2.66,8.68,0.89,Night,3.0,69.73,Zone_1,753.2,905,4,0,0.0046,0,65.65,14.94,12.97,On-Time,308.81
1360,2024-04-30,Plant_A,M5,Tempered,11.59,1472.84,73.5,2.74,6.96,0.96,Day,5.7,65.98,Zone_2,591.29,644,2,0,0.0042,0,50.37,8.0,9.23,On-Time,242.43
1361,2024-05-05,Plant_A,M2,Tempered,11.86,1485.75,71.44,3.46,7.7,0.93,Night,4.5,64.12,Zone_1,595.04,608,4,0,0.0107,0,100.85,10.35,7.49,On-Time,243.97
1362,2024-02-05,Plant_A,M1,Laminated,7.14,1523.11,96.46,3.61,4.74,0.93,Day,7.9,57.28,Zone_3,757.76,611,45,11,0.0879,1,1250.59,13.2,20.95,Delayed,310.68
1363,2024-01-01,Plant_A,M3,Float,4.92,1476.14,72.73,2.54,7.48,0.91,Weekend,4.2,54.03,Zone_3,639.65,730,4,0,0.0085,0,63.82,21.33,9.47,On-Time,262.26
1364,2024-10-27,Plant_C,M5,Solar,5.21,1541.23,70.27,3.67,6.64,0.77,Day,10.4,47.55,Zone_2,1329.79,957,3,0,0.0052,0,92.72,27.98,11.42,Delayed,545.21
1365,2025-06-19,Plant_B,M5,Tempered,10.1,1538.32,76.73,3.44,5.82,0.83,Night,3.9,63.53,Zone_3,712.1,591,2,0,0.0048,0,49.76,6.58,13.58,On-Time,291.96
1366,2024-08-30,Plant_A,M2,Tempered,10.47,1536.42,90.72,2.49,5.75,0.95,Day,4.3,41.07,Zone_1,916.16,793,4,0,0.0076,0,96.13,15.73,12.41,On-Time,375.63
1367,2024-08-09,Plant_C,M3,Laminated,11.42,1565.25,86.85,3.35,5.75,0.85,Day,4.7,36.0,Zone_3,865.31,542,60,12,0.1315,1,1743.43,36.87,18.81,Delayed,354.78
1368,2024-09-18,Plant_B,M4,Tempered,6.18,1539.2,86.45,3.03,4.81,0.94,Day,8.4,39.68,Zone_1,1294.25,1032,5,0,0.0079,0,118.21,18.78,0.0,On-Time,530.64
1369,2025-03-11,Plant_C,M2,Tempered,11.08,1543.57,65.1,3.81,6.25,0.79,Day,4.1,67.75,Zone_3,866.19,678,30,11,0.0789,1,703.82,29.37,31.27,Delayed,355.14
1370,2024-07-16,Plant_C,M3,Tempered,10.57,1508.97,63.24,2.92,6.58,0.87,Day,5.1,46.3,Zone_1,1160.13,994,78,22,0.0916,1,1821.53,40.72,36.72,Delayed,475.65
1371,2025-03-20,Plant_B,M1,Tempered,5.95,1581.13,58.84,3.32,6.76,0.97,Day,7.6,63.06,Zone_1,1243.45,920,7,1,0.0118,0,154.51,17.68,10.99,On-Time,509.81
1372,2025-02-20,Plant_A,M3,Float,4.5,1473.48,79.29,2.39,6.19,0.9,Day,6.5,59.61,Zone_2,890.19,1034,5,0,0.006,0,84.67,10.23,6.5,On-Time,364.98
1373,2024-05-29,Plant_A,M3,Float,6.26,1483.28,46.99,2.19,7.06,0.99,Day,10.9,65.8,Zone_1,717.25,803,4,0,0.0073,0,62.85,17.25,11.88,On-Time,294.07
1374,2024-04-17,Plant_A,M2,Laminated,13.02,1499.85,102.74,2.85,5.65,0.86,Night,4.5,64.6,Zone_2,1196.57,1003,7,0,0.0097,0,227.03,10.99,5.06,On-Time,490.59
1375,2024-12-23,Plant_C,M5,Laminated,6.18,1475.95,82.66,3.29,5.73,0.9,Night,1.4,48.54,Zone_3,1017.47,861,93,25,0.1373,1,2812.13,33.19,29.03,Delayed,417.16
1376,2024-02-19,Plant_A,M3,Solar,5.39,1502.21,87.26,3.78,4.96,0.86,Day,2.0,62.26,Zone_3,548.8,465,2,0,0.0064,0,62.52,15.4,15.12,On-Time,225.01
1377,2025-02-16,Plant_B,M5,Tempered,9.02,1552.94,69.36,3.35,6.9,0.85,Day,4.6,55.51,Zone_3,589.45,470,2,0,0.004,0,48.09,0.0,0.0,On-Time,241.67
1378,2024-06-08,Plant_C,M2,Tempered,4.59,1552.72,82.52,3.23,6.51,0.8,Day,6.2,74.43,Zone_3,831.87,634,40,14,0.0742,1,1057.42,26.24,11.14,Delayed,341.07
1379,2025-01-14,Plant_C,M2,Solar,3.57,1547.12,78.17,3.57,7.05,0.9,Night,5.1,60.61,Zone_1,1402.69,984,6,0,0.0082,0,199.07,19.99,9.16,On-Time,575.1
1380,2024-12-28,Plant_B,M5,Laminated,8.39,1523.39,66.22,3.83,6.74,0.84,Day,11.5,51.15,Zone_2,580.54,438,2,0,0.007,0,53.52,13.1,11.16,On-Time,238.02
1381,2024-08-22,Plant_B,M1,Laminated,8.24,1552.18,88.38,3.23,7.17,0.9,Day,9.6,43.28,Zone_2,826.46,582,2,0,0.0053,0,55.42,8.03,12.92,On-Time,338.85
1382,2024-03-22,Plant_A,M2,Float,3.56,1451.24,77.74,2.66,6.12,0.87,Day,8.6,68.37,Zone_1,885.54,1134,41,16,0.0522,1,630.61,9.33,22.69,On-Time,363.07
1383,2024-10-19,Plant_C,M4,Float,4.94,1461.73,49.34,2.64,8.42,0.91,Weekend,3.6,34.08,Zone_2,573.29,620,5,0,0.0116,0,87.33,25.02,14.14,Delayed,235.05
1384,2024-05-19,Plant_B,M4,Float,3.93,1478.26,72.95,2.64,6.48,0.89,Day,10.3,60.72,Zone_3,896.31,964,6,0,0.0107,0,99.77,11.87,3.58,On-Time,367.49
1385,2024-01-08,Plant_C,M4,Laminated,13.61,1520.32,101.2,2.81,3.83,0.86,Day,11.5,64.16,Zone_3,1425.97,1015,4,0,0.0066,0,126.77,6.67,3.18,On-Time,584.65
1386,2025-06-24,Plant_C,M5,Float,5.19,1469.02,60.73,2.7,8.88,0.86,Night,6.3,51.27,Zone_1,931.8,1049,7,0,0.008,0,124.24,13.56,10.31,On-Time,382.04
1387,2025-06-20,Plant_A,M2,Float,4.8,1508.1,74.68,3.22,6.13,0.88,Day,5.1,57.8,Zone_1,860.2,919,9,0,0.0106,0,137.98,9.57,6.96,On-Time,352.68
1388,2024-02-22,Plant_B,M4,Solar,5.79,1524.15,76.49,4.37,5.32,0.91,Day,5.2,68.61,Zone_1,1255.01,951,63,20,0.0767,1,2198.8,27.71,23.8,Delayed,514.55
1389,2024-09-12,Plant_C,M1,Laminated,7.04,1512.21,73.84,3.03,5.47,0.85,Day,7.7,42.19,Zone_2,1499.59,1136,5,0,0.0065,0,148.73,22.67,0.95,Delayed,614.83
1390,2024-01-03,Plant_C,M5,Solar,5.73,1562.87,66.93,3.31,4.8,0.93,Day,5.3,55.52,Zone_2,1462.81,986,6,0,0.0095,0,227.21,7.15,3.33,On-Time,599.75
1391,2025-06-11,Plant_A,M4,Solar,5.76,1544.21,72.84,3.37,4.49,0.9,Day,1.4,52.09,Zone_1,861.44,637,4,0,0.0098,0,140.17,4.96,11.72,On-Time,353.19
1392,2024-12-02,Plant_B,M3,Float,7.88,1524.84,71.19,2.55,7.34,0.86,Day,8.3,47.78,Zone_3,1052.29,1000,70,13,0.0914,1,1247.5,22.52,29.23,Delayed,431.44
1393,2024-12-29,Plant_A,M1,Solar,3.5,1511.42,60.73,3.63,5.99,0.83,Day,7.0,59.07,Zone_1,726.39,640,3,0,0.0059,0,109.81,11.22,7.27,On-Time,297.82
1394,2024-06-06,Plant_B,M1,Solar,3.15,1558.96,62.55,4.62,5.68,0.97,Day,7.9,60.74,Zone_3,752.55,542,46,15,0.0946,1,1707.21,17.1,15.89,Delayed,308.55
1395,2025-04-26,Plant_B,M3,Laminated,13.11,1480.35,70.08,3.5,6.26,0.92,Day,4.1,61.59,Zone_1,1253.27,1048,7,0,0.0099,0,191.89,22.57,9.06,Delayed,513.84
1396,2024-10-02,Plant_A,M4,Solar,3.77,1518.45,64.03,3.92,5.95,0.84,Day,11.6,40.95,Zone_2,1044.64,844,3,0,0.0052,0,95.35,11.19,0.0,On-Time,428.3
1397,2024-01-06,Plant_B,M2,Float,7.53,1467.7,55.72,2.91,8.39,0.86,Day,7.6,53.72,Zone_1,497.58,573,27,4,0.0592,1,449.87,19.26,20.46,On-Time,204.01
1398,2025-03-07,Plant_C,M3,Float,7.79,1494.02,77.8,2.95,7.15,0.82,Day,8.3,70.42,Zone_1,1025.64,1035,6,0,0.0091,0,93.67,17.14,1.65,On-Time,420.51
1399,2024-09-29,Plant_A,M4,Solar,5.0,1511.44,65.65,3.71,4.79,0.97,Night,6.4,46.98,Zone_3,1055.01,873,5,0,0.009,0,189.85,22.03,16.33,Delayed,432.55
1400,2024-11-28,Plant_B,M5,Solar,3.89,1564.96,72.86,3.85,6.77,0.98,Day,2.9,50.29,Zone_1,1027.94,711,5,0,0.0082,0,159.02,12.18,11.55,On-Time,421.46
1401,2024-05-09,Plant_A,M3,Float,5.07,1439.07,63.37,2.17,8.81,0.95,Night,2.5,68.13,Zone_1,530.68,683,65,24,0.1428,1,1029.08,23.54,28.02,Delayed,217.58
1402,2024-12-16,Plant_B,M5,Float,4.8,1479.46,53.88,2.61,6.69,0.87,Day,4.6,48.5,Zone_2,725.22,815,3,0,0.0049,0,52.73,15.01,11.36,On-Time,297.34
1403,2024-03-25,Plant_B,M2,Tempered,11.55,1557.78,69.89,2.82,4.97,0.76,Night,2.4,63.04,Zone_1,971.16,751,64,18,0.1129,1,1507.74,18.89,18.1,Delayed,398.18
1404,2024-04-27,Plant_B,M2,Solar,5.92,1558.52,77.5,3.49,4.71,0.85,Day,10.2,56.98,Zone_3,922.68,644,2,0,0.004,0,68.48,18.31,5.89,On-Time,378.3
1405,2024-04-15,Plant_C,M5,Tempered,9.03,1542.43,72.17,3.06,6.8,0.79,Day,7.9,57.92,Zone_3,843.09,670,3,0,0.0059,0,66.26,13.44,4.5,On-Time,345.67
1406,2024-06-01,Plant_A,M1,Tempered,9.54,1453.33,71.07,3.85,7.28,0.86,Day,6.2,60.2,Zone_2,877.02,1042,6,0,0.0088,0,142.93,18.89,13.07,On-Time,359.58
1407,2024-05-29,Plant_B,M1,Tempered,11.7,1543.31,66.44,2.78,7.44,0.88,Day,9.4,68.48,Zone_1,864.16,717,3,0,0.005,0,68.57,0.0,1.45,On-Time,354.31
1408,2025-06-21,Plant_B,M2,Tempered,7.06,1510.69,55.76,2.9,5.01,0.95,Day,9.0,61.89,Zone_2,595.01,531,24,6,0.0597,1,604.96,19.16,21.11,On-Time,243.95
1409,2025-03-13,Plant_C,M1,Laminated,11.44,1517.08,83.38,3.96,6.24,0.93,Day,9.4,60.48,Zone_2,1399.7,1046,5,0,0.0053,0,134.04,15.41,0.0,On-Time,573.88
1410,2024-12-25,Plant_C,M4,Tempered,11.19,1531.48,66.99,3.93,6.53,0.95,Day,7.7,52.57,Zone_1,1114.12,880,4,0,0.006,0,101.93,6.93,0.0,On-Time,456.79
1411,2024-01-01,Plant_A,M3,Tempered,8.83,1491.73,67.04,3.63,4.76,0.89,Day,5.4,56.15,Zone_2,604.72,585,3,0,0.0067,0,68.42,18.76,8.12,On-Time,247.94
1412,2024-04-13,Plant_B,M2,Laminated,6.14,1530.63,68.24,2.27,5.26,0.96,Weekend,6.6,68.6,Zone_2,1378.5,1001,69,12,0.0883,1,2217.92,31.5,26.47,Delayed,565.18
1413,2024-04-24,Plant_A,M1,Tempered,4.78,1515.3,77.14,3.58,6.03,0.87,Day,7.9,62.91,Zone_3,1300.07,1225,6,0,0.0073,0,144.33,4.71,8.25,On-Time,533.03
1414,2025-01-15,Plant_A,M3,Tempered,10.32,1496.72,73.88,3.63,5.92,0.97,Night,0.5,55.9,Zone_1,1001.33,965,3,0,0.0044,0,70.18,4.18,22.88,On-Time,410.55
1415,2024-05-13,Plant_C,M5,Float,6.75,1565.52,51.34,2.87,7.37,0.9,Day,2.3,68.77,Zone_3,547.09,471,2,0,0.0057,0,32.09,5.82,5.43,On-Time,224.31
1416,2024-07-16,Plant_C,M4,Float,5.46,1486.12,68.08,2.61,7.09,0.91,Day,7.7,41.71,Zone_3,918.56,937,5,0,0.0096,0,74.75,23.05,2.13,Delayed,376.61
1417,2024-11-04,Plant_C,M4,Tempered,4.72,1546.54,79.96,3.41,5.53,0.88,Night,4.8,47.57,Zone_1,563.55,414,14,4,0.0395,1,347.67,20.36,29.77,On-Time,231.06
1418,2024-07-15,Plant_B,M5,Laminated,7.2,1471.69,75.77,2.76,4.38,0.88,Weekend,4.2,56.74,Zone_3,976.93,864,7,0,0.0099,0,182.8,21.33,18.16,On-Time,400.54
1419,2025-01-09,Plant_B,M1,Solar,3.71,1531.98,58.53,3.71,5.6,0.87,Day,11.1,66.27,Zone_2,1203.6,930,3,0,0.0053,0,110.92,5.51,8.1,On-Time,493.48
1420,2025-05-30,Plant_A,M2,Laminated,6.96,1522.75,85.17,2.49,4.36,0.95,Night,5.0,64.87,Zone_1,725.62,567,46,15,0.0914,1,1374.73,16.02,18.43,Delayed,297.5
1421,2024-03-03,Plant_C,M2,Solar,5.75,1543.77,77.92,4.12,6.46,0.87,Day,3.4,76.73,Zone_3,763.35,541,3,0,0.0109,0,100.16,11.84,16.51,On-Time,312.97
1422,2024-03-17,Plant_A,M4,Solar,5.09,1521.3,66.12,3.85,6.32,0.93,Night,4.1,53.84,Zone_2,897.71,715,4,0,0.0058,0,143.54,15.35,2.88,On-Time,368.06
1423,2024-10-05,Plant_A,M2,Float,4.64,1504.19,51.11,2.06,6.81,0.97,Day,5.2,46.19,Zone_1,886.49,958,8,0,0.0092,0,126.3,5.37,10.24,On-Time,363.46
1424,2024-01-10,Plant_C,M4,Laminated,11.68,1526.62,84.7,2.87,4.51,0.98,Day,6.4,48.27,Zone_1,1310.67,914,9,0,0.0118,0,266.14,7.79,8.94,On-Time,537.37
1425,2024-10-01,Plant_C,M1,Tempered,4.08,1554.65,88.24,3.32,5.8,0.93,Day,2.0,42.64,Zone_3,1092.52,847,2,0,0.004,0,53.47,14.9,4.11,On-Time,447.93
1426,2024-02-10,Plant_C,M2,Laminated,8.39,1514.92,84.4,2.47,6.27,0.82,Weekend,0.5,49.47,Zone_2,843.04,623,5,0,0.0107,0,136.24,21.42,10.29,On-Time,345.65
1427,2024-02-22,Plant_C,M2,Tempered,10.42,1549.02,63.56,3.44,6.28,0.84,Night,6.1,61.19,Zone_1,562.09,433,4,0,0.0115,0,88.14,33.66,10.45,Delayed,230.46
1428,2025-01-12,Plant_B,M1,Laminated,11.84,1540.18,73.2,2.36,5.05,0.94,Night,3.6,47.03,Zone_2,1344.88,968,3,0,0.004,0,84.91,11.91,8.41,On-Time,551.4
1429,2024-10-28,Plant_B,M1,Float,7.24,1495.06,71.59,2.52,8.1,0.92,Night,2.1,41.27,Zone_1,824.33,897,6,0,0.0117,0,96.31,17.74,0.95,On-Time,337.98
1430,2024-10-13,Plant_A,M3,Float,3.36,1453.42,73.87,2.6,8.11,0.85,Night,1.8,44.72,Zone_3,368.57,443,29,8,0.0812,1,472.64,18.53,28.91,On-Time,151.11
1431,2025-01-26,Plant_C,M3,Tempered,5.37,1506.74,91.36,2.64,7.03,0.91,Night,5.5,63.33,Zone_1,892.17,766,68,21,0.1164,1,1695.97,34.82,15.59,Delayed,365.79
1432,2024-07-27,Plant_C,M4,Tempered,11.26,1571.63,64.03,2.89,4.69,0.85,Day,6.7,54.79,Zone_3,1121.55,789,5,0,0.0114,0,119.08,15.2,9.12,On-Time,459.84
1433,2025-01-12,Plant_A,M4,Float,7.08,1455.37,64.63,2.2,8.54,0.95,Day,6.6,61.47,Zone_2,729.48,883,4,0,0.0065,0,71.52,0.0,0.0,On-Time,299.09
1434,2024-06-29,Plant_A,M5,Solar,3.2,1520.75,67.08,4.08,6.88,0.9,Weekend,3.2,55.87,Zone_1,1019.67,850,4,0,0.0073,0,145.3,15.86,8.97,On-Time,418.06
1435,2024-01-22,Plant_B,M2,Tempered,7.13,1544.88,81.39,4.03,5.07,0.89,Night,4.0,53.63,Zone_3,987.98,793,5,0,0.0091,0,112.15,25.08,11.16,Delayed,405.07
1436,2024-03-12,Plant_A,M1,Solar,4.88,1521.72,55.26,3.73,5.39,0.89,Day,5.1,54.41,Zone_3,1094.25,921,6,0,0.0108,0,220.61,15.66,2.41,On-Time,448.64
1437,2024-04-12,Plant_C,M5,Tempered,10.23,1506.72,58.85,3.67,5.67,0.9,Night,4.8,58.96,Zone_1,519.41,465,2,0,0.0079,0,49.25,19.03,10.67,On-Time,212.96
1438,2025-01-21,Plant_B,M1,Float,3.91,1472.88,44.68,2.33,7.61,0.99,Night,3.6,62.24,Zone_3,377.75,456,4,0,0.0101,0,66.39,22.57,16.29,Delayed,154.88
1439,2024-05-15,Plant_A,M1,Laminated,13.82,1493.95,103.98,2.75,5.47,0.93,Day,6.9,62.93,Zone_3,813.17,716,4,0,0.0078,0,117.45,8.58,2.42,On-Time,333.4
1440,2024-01-10,Plant_A,M5,Laminated,10.44,1491.15,89.06,2.64,4.94,0.87,Weekend,4.0,67.17,Zone_1,1201.06,1044,5,0,0.0059,0,134.75,4.63,17.8,On-Time,492.43
1441,2025-05-06,Plant_C,M4,Tempered,4.04,1553.12,81.33,2.82,6.76,0.87,Day,8.1,64.16,Zone_2,956.09,705,42,17,0.0975,1,962.16,23.91,16.11,Delayed,392.0
1442,2024-02-27,Plant_C,M3,Float,5.89,1500.39,76.95,2.9,8.14,0.86,Day,6.6,63.28,Zone_1,811.37,799,2,0,0.0041,0,29.2,23.52,15.43,Delayed,332.66
1443,2024-10-30,Plant_A,M5,Solar,4.28,1547.14,83.42,3.4,5.46,0.9,Day,5.6,41.88,Zone_1,1241.12,950,35,14,0.0599,1,1192.85,22.06,11.43,Delayed,508.86
1444,2025-03-13,Plant_B,M2,Laminated,13.15,1495.22,99.55,3.37,4.27,0.85,Night,4.5,75.38,Zone_1,786.12,636,4,0,0.0068,0,112.28,24.95,4.25,Delayed,322.31
1445,2025-01-28,Plant_C,M1,Solar,3.21,1567.9,69.21,3.65,7.43,0.88,Day,7.0,63.27,Zone_1,1407.15,945,7,0,0.0088,0,258.94,16.85,1.85,On-Time,576.93
1446,2024-10-15,Plant_B,M1,Laminated,10.95,1526.85,71.2,3.17,5.04,0.97,Day,6.7,54.9,Zone_1,995.18,749,3,0,0.0061,0,84.57,16.64,0.0,On-Time,408.02
1447,2024-06-03,Plant_A,M4,Laminated,9.08,1500.42,67.96,3.0,5.94,0.93,Night,7.0,57.19,Zone_3,729.16,585,4,0,0.0095,0,120.94,19.37,12.87,On-Time,298.96
1448,2024-11-04,Plant_C,M3,Laminated,6.47,1522.88,98.15,3.59,6.59,0.92,Weekend,1.5,43.04,Zone_2,642.24,449,2,0,0.0048,0,53.83,25.23,13.34,Delayed,263.32
1449,2025-01-12,Plant_B,M1,Float,3.56,1540.71,68.44,2.43,7.75,0.96,Weekend,2.4,64.95,Zone_1,756.42,725,4,0,0.0079,0,69.02,21.32,6.82,On-Time,310.13
1450,2024-05-30,Plant_B,M2,Solar,3.21,1538.05,56.25,3.44,5.91,0.97,Day,5.0,58.28,Zone_2,930.51,691,3,0,0.0055,0,109.69,13.17,0.0,On-Time,381.51
1451,2024-04-25,Plant_C,M4,Laminated,12.19,1539.78,91.67,2.66,5.3,0.95,Day,10.7,68.28,Zone_2,903.09,600,2,0,0.0074,0,63.94,20.51,0.0,On-Time,370.27
1452,2024-07-05,Plant_B,M3,Laminated,11.7,1514.19,90.03,2.4,4.45,0.89,Day,2.9,52.69,Zone_2,1389.33,1044,4,0,0.0047,0,112.12,12.8,15.52,On-Time,569.63
1453,2025-02-27,Plant_C,M3,Tempered,9.66,1555.27,85.73,3.13,6.89,0.91,Night,2.6,67.83,Zone_3,704.65,518,2,0,0.0067,0,52.19,25.3,19.08,Delayed,288.91
1454,2025-01-27,Plant_B,M5,Solar,3.71,1567.3,66.71,3.81,7.14,0.89,Night,5.0,56.31,Zone_2,1468.5,1006,7,0,0.0086,0,236.85,26.01,14.83,Delayed,602.08
1455,2024-08-23,Plant_B,M1,Solar,5.46,1528.21,71.44,3.84,6.94,0.92,Night,5.0,46.42,Zone_3,1043.97,819,6,0,0.0098,0,194.05,21.48,12.83,On-Time,428.03
1456,2024-08-12,Plant_C,M1,Tempered,6.52,1524.41,61.92,2.67,5.73,0.96,Day,5.5,47.83,Zone_1,1308.03,1106,7,0,0.01,0,154.02,15.0,0.0,On-Time,536.29
1457,2024-01-18,Plant_B,M5,Solar,4.78,1551.82,63.75,4.4,6.13,0.96,Weekend,9.2,62.14,Zone_1,754.07,544,22,7,0.0582,1,792.11,42.3,29.73,Delayed,309.17
1458,2024-12-23,Plant_B,M2,Laminated,10.78,1533.38,61.21,3.81,6.93,0.89,Day,5.6,51.36,Zone_3,1027.18,740,3,0,0.0052,0,86.46,9.35,3.28,On-Time,421.14
1459,2025-03-07,Plant_A,M2,Tempered,5.88,1548.3,71.59,3.3,7.62,0.92,Day,6.2,71.25,Zone_1,1012.43,846,5,0,0.0077,0,133.3,2.74,13.35,On-Time,415.1
1460,2024-05-26,Plant_B,M1,Solar,5.94,1518.72,56.29,3.9,7.52,0.82,Day,5.9,67.09,Zone_3,1254.2,1011,80,23,0.1039,1,2581.11,16.77,12.35,Delayed,514.22
1461,2024-03-16,Plant_B,M5,Tempered,5.27,1553.0,78.75,3.3,6.01,0.9,Day,7.4,71.46,Zone_2,1335.8,1055,6,0,0.0075,0,137.35,12.9,2.16,On-Time,547.68
1462,2024-09-07,Plant_A,M1,Solar,4.79,1507.29,77.26,2.83,6.38,0.88,Day,6.1,49.06,Zone_1,734.33,656,42,18,0.1043,1,1334.6,26.55,32.3,Delayed,301.08
1463,2024-05-23,Plant_C,M5,Laminated,11.18,1482.99,90.22,2.69,5.83,0.89,Day,6.7,68.8,Zone_3,634.11,527,48,20,0.1183,1,1261.17,30.82,18.49,Delayed,259.99
1464,2024-01-14,Plant_B,M1,Tempered,9.24,1523.16,59.54,3.43,6.95,0.87,Day,4.2,57.86,Zone_3,1158.75,1015,25,11,0.0358,1,638.58,15.82,15.63,On-Time,475.09
1465,2024-06-26,Plant_C,M2,Float,6.67,1492.43,61.55,2.89,7.55,0.87,Day,6.8,54.08,Zone_2,946.64,979,7,0,0.0119,0,119.53,19.14,11.21,On-Time,388.12
1466,2025-04-10,Plant_C,M3,Laminated,13.27,1539.17,71.87,3.21,5.1,0.86,Night,6.8,65.84,Zone_2,785.55,527,2,0,0.0058,0,56.95,41.32,21.75,Delayed,322.08
1467,2024-10-05,Plant_A,M5,Solar,4.71,1513.45,79.19,2.55,6.09,0.95,Weekend,0.9,50.39,Zone_1,591.72,509,3,0,0.0111,0,108.16,13.57,17.79,On-Time,242.61
1468,2025-02-14,Plant_C,M1,Tempered,4.07,1536.03,70.54,2.82,7.96,0.91,Day,6.1,67.26,Zone_3,883.11,727,3,0,0.006,0,75.89,12.77,1.06,On-Time,362.08
1469,2024-03-20,Plant_C,M4,Solar,3.23,1566.53,76.3,3.52,5.29,0.93,Day,7.2,61.38,Zone_3,1177.27,760,3,0,0.0048,0,105.94,10.43,1.48,On-Time,482.68
1470,2025-01-24,Plant_A,M1,Laminated,11.31,1501.59,82.46,2.25,6.14,0.89,Night,3.7,62.48,Zone_1,1265.75,1076,47,21,0.0739,1,1350.73,33.29,23.83,Delayed,518.96
1471,2024-04-16,Plant_A,M3,Laminated,8.43,1499.9,86.07,3.5,5.74,0.88,Day,2.6,78.73,Zone_2,973.35,799,23,6,0.051,1,697.99,9.84,4.46,On-Time,399.07
1472,2024-04-19,Plant_A,M2,Float,3.27,1449.73,77.19,3.11,8.72,0.82,Night,0.8,67.68,Zone_2,473.06,609,37,8,0.1055,1,565.73,22.0,24.49,Delayed,193.95
1473,2024-07-25,Plant_C,M1,Tempered,5.01,1511.26,55.7,3.66,6.45,0.82,Day,3.9,61.29,Zone_3,707.68,634,5,0,0.0114,0,111.72,11.16,10.1,On-Time,290.15
1474,2025-05-10,Plant_A,M1,Laminated,9.93,1537.18,101.29,2.76,7.18,0.88,Day,4.9,65.7,Zone_2,1312.1,1002,124,33,0.1396,1,3876.05,11.94,33.98,Delayed,537.96
1475,2024-12-31,Plant_B,M4,Tempered,8.9,1535.68,77.88,3.43,5.57,0.94,Day,9.3,55.09,Zone_2,1130.63,908,7,0,0.0093,0,175.34,8.28,13.13,On-Time,463.56
1476,2024-05-12,Plant_C,M1,Laminated,7.3,1518.36,83.65,3.3,6.89,0.85,Day,7.0,73.9,Zone_3,1230.18,918,4,0,0.0064,0,108.68,11.83,1.89,On-Time,504.37
1477,2025-05-29,Plant_A,M1,Solar,4.1,1572.35,63.93,4.0,6.77,0.92,Day,7.6,63.71,Zone_1,1531.79,1098,3,0,0.004,0,110.82,11.16,3.21,On-Time,628.03
1478,2024-06-04,Plant_C,M4,Float,5.13,1526.33,43.54,2.77,8.04,0.86,Weekend,2.7,66.5,Zone_1,499.5,440,3,0,0.008,0,45.18,12.69,13.49,On-Time,204.79
1479,2024-08-25,Plant_A,M2,Tempered,7.74,1529.99,69.25,3.57,6.66,0.98,Weekend,5.9,36.18,Zone_3,904.05,798,5,0,0.0102,0,110.08,17.28,14.2,On-Time,370.66
1480,2025-06-19,Plant_B,M4,Tempered,6.01,1509.76,73.91,3.77,6.99,0.95,Day,7.8,51.08,Zone_2,939.35,814,6,0,0.0119,0,158.61,14.93,9.52,On-Time,385.13
1481,2025-03-17,Plant_A,M4,Tempered,11.13,1511.43,80.31,3.13,5.5,0.95,Day,7.8,64.99,Zone_3,1146.26,1045,3,0,0.0041,0,70.11,13.4,16.43,On-Time,469.97
1482,2024-06-05,Plant_C,M4,Float,3.33,1481.23,65.42,2.86,7.99,0.89,Night,2.5,67.09,Zone_1,825.65,852,5,0,0.0104,0,77.31,16.65,2.15,On-Time,338.52
1483,2024-11-12,Plant_C,M1,Solar,3.49,1539.27,84.0,3.67,5.41,0.87,Day,0.5,47.53,Zone_2,734.76,546,1,0,0.004,0,32.3,22.1,2.15,Delayed,301.25
1484,2024-10-29,Plant_A,M1,Laminated,11.98,1485.52,79.39,2.84,5.32,0.82,Night,6.9,49.69,Zone_2,560.29,514,29,10,0.0765,1,858.85,31.8,33.65,Delayed,229.72
1485,2024-07-02,Plant_C,M4,Laminated,6.89,1530.03,96.91,3.37,4.31,0.83,Weekend,2.5,47.97,Zone_2,917.31,627,3,0,0.006,0,85.43,18.01,4.92,On-Time,376.1
1486,2025-03-28,Plant_C,M2,Float,6.52,1508.9,64.39,2.34,6.83,0.86,Weekend,8.3,74.72,Zone_2,646.92,637,25,4,0.0505,1,380.5,37.95,19.52,Delayed,265.24
1487,2024-10-20,Plant_B,M4,Tempered,10.49,1573.28,71.75,3.41,5.19,0.89,Day,7.5,41.24,Zone_3,873.74,625,2,0,0.0046,0,49.42,0.0,7.36,On-Time,358.23
1488,2024-11-17,Plant_B,M1,Solar,5.67,1525.41,70.83,3.97,6.87,0.81,Day,9.7,46.37,Zone_2,866.17,689,2,0,0.004,0,61.66,19.09,8.35,On-Time,355.13
1489,2024-02-13,Plant_C,M1,Tempered,10.86,1520.63,67.16,3.94,6.63,0.86,Night,6.1,64.42,Zone_3,1361.34,1164,51,12,0.0674,1,1272.0,45.39,29.0,Delayed,558.15
1490,2024-04-17,Plant_B,M4,Tempered,10.11,1496.0,65.68,2.79,6.15,0.92,Night,5.4,64.68,Zone_1,1075.36,980,107,17,0.1282,1,2371.33,27.83,34.56,Delayed,440.9
1491,2025-04-18,Plant_C,M1,Laminated,9.91,1485.14,73.51,2.99,7.24,0.83,Day,5.0,79.5,Zone_3,759.17,637,75,21,0.1352,1,1993.02,23.76,19.22,Delayed,311.26
1492,2025-04-21,Plant_A,M1,Tempered,9.99,1493.45,70.04,2.5,6.59,0.87,Night,7.9,56.16,Zone_2,701.99,723,7,0,0.0115,0,151.94,21.48,15.83,On-Time,287.82
1493,2024-07-23,Plant_B,M3,Float,7.62,1479.26,63.0,2.9,7.69,0.87,Day,5.2,50.77,Zone_3,782.7,846,6,0,0.008,0,87.96,16.98,0.73,On-Time,320.91
1494,2025-05-02,Plant_A,M3,Solar,3.45,1532.67,78.2,3.89,6.71,0.89,Day,7.6,66.5,Zone_1,1114.13,869,3,0,0.0051,0,106.1,15.79,9.22,On-Time,456.79
1495,2024-05-29,Plant_C,M2,Laminated,6.14,1526.03,66.04,3.04,6.15,0.92,Night,6.8,61.75,Zone_3,1326.02,948,3,0,0.0044,0,89.12,10.56,10.23,On-Time,543.67
1496,2024-03-04,Plant_B,M4,Solar,4.81,1548.14,80.31,3.89,5.75,0.86,Day,8.1,73.06,Zone_1,980.12,684,2,0,0.0051,0,71.64,14.5,13.4,On-Time,401.85
1497,2025-03-09,Plant_B,M3,Tempered,9.33,1513.72,68.47,3.41,4.78,0.86,Day,9.0,65.86,Zone_1,1210.5,1052,6,0,0.0097,0,150.87,7.78,14.79,On-Time,496.3
1498,2024-03-24,Plant_B,M4,Solar,5.38,1516.14,86.92,3.73,4.98,0.82,Night,4.0,69.58,Zone_3,949.49,733,5,0,0.0115,0,182.19,18.29,7.09,On-Time,389.29
1499,2024-07-07,Plant_A,M1,Solar,3.22,1491.41,84.94,3.82,6.19,0.89,Day,7.8,56.86,Zone_2,532.93,510,2,0,0.005,0,72.98,2.55,0.0,On-Time,218.5
1500,2024-12-23,Plant_B,M4,Solar,3.6,1534.48,77.25,3.63,5.02,0.85,Night,2.5,53.75,Zone_1,1261.72,925,5,0,0.0096,0,159.01,20.65,19.7,On-Time,517.31
1501,2025-03-23,Plant_B,M5,Solar,5.51,1515.61,70.57,4.16,7.22,0.89,Night,1.5,61.97,Zone_3,1016.8,820,2,0,0.004,0,61.58,13.85,10.37,On-Time,416.89
1502,2024-07-22,Plant_A,M5,Tempered,5.07,1495.71,89.77,2.79,6.09,0.83,Day,6.4,51.98,Zone_3,1142.23,1137,7,0,0.0074,0,180.9,16.34,10.14,On-Time,468.31
1503,2024-11-20,Plant_A,M2,Solar,3.37,1521.83,71.04,4.12,5.8,0.82,Weekend,4.3,40.44,Zone_2,736.71,606,2,0,0.0045,0,76.0,11.95,18.03,On-Time,302.05
1504,2024-04-26,Plant_C,M4,Laminated,6.11,1508.66,74.24,3.04,4.88,0.85,Night,7.8,67.1,Zone_1,746.86,540,1,0,0.004,0,29.06,15.19,8.31,On-Time,306.21
1505,2024-05-08,Plant_C,M4,Float,3.33,1460.57,52.43,2.6,8.04,0.88,Day,7.2,68.26,Zone_3,776.29,855,8,0,0.0114,0,123.99,19.8,7.41,On-Time,318.28
1506,2025-03-06,Plant_C,M5,Tempered,10.35,1511.59,87.73,3.39,5.92,0.83,Night,7.0,74.82,Zone_1,1026.58,896,8,0,0.0116,0,209.09,21.91,8.58,On-Time,420.9
1507,2024-07-14,Plant_C,M5,Float,7.85,1483.42,53.79,2.12,7.12,0.94,Day,7.4,46.29,Zone_2,1017.79,1093,59,11,0.0669,1,852.09,37.8,24.8,Delayed,417.29
1508,2024-11-10,Plant_C,M1,Solar,3.18,1522.83,57.26,4.29,5.09,0.89,Night,8.7,46.08,Zone_2,1321.7,1020,7,0,0.0075,0,261.2,29.05,15.94,Delayed,541.9
1509,2024-12-26,Plant_B,M5,Solar,5.21,1526.14,67.19,3.57,4.96,0.93,Night,5.8,47.84,Zone_2,1343.55,1044,6,0,0.0086,0,221.15,19.68,17.21,On-Time,550.86
1510,2024-06-29,Plant_B,M4,Laminated,13.53,1490.97,60.84,2.51,6.31,0.84,Day,2.8,55.69,Zone_3,670.03,525,30,9,0.103,1,924.87,24.54,26.5,Delayed,274.71
1511,2025-03-22,Plant_B,M3,Solar,5.87,1579.15,61.91,3.85,6.17,0.93,Night,5.8,80.47,Zone_3,1282.74,831,6,0,0.0117,0,208.39,5.55,12.84,On-Time,525.92
1512,2024-04-11,Plant_A,M1,Float,3.45,1503.27,71.24,3.14,6.77,0.96,Night,1.9,70.21,Zone_3,826.78,923,5,0,0.006,0,84.48,18.16,16.35,On-Time,338.98
1513,2024-04-16,Plant_B,M5,Float,5.6,1457.46,76.29,3.24,7.09,0.87,Night,3.3,70.43,Zone_3,629.31,762,73,19,0.1308,1,1075.39,36.57,22.58,Delayed,258.02
1514,2024-02-03,Plant_C,M3,Solar,3.91,1570.59,58.77,4.19,4.78,0.94,Day,9.0,68.37,Zone_2,966.84,620,2,0,0.0049,0,64.09,25.17,2.05,Delayed,396.4
1515,2024-04-27,Plant_A,M4,Float,6.76,1474.66,43.56,2.63,6.65,0.97,Day,7.7,80.17,Zone_2,860.43,983,3,0,0.0052,0,47.98,13.24,17.9,On-Time,352.78
1516,2025-02-09,Plant_A,M3,Tempered,4.99,1534.01,69.11,4.16,5.61,0.89,Day,5.8,61.35,Zone_2,654.24,553,2,0,0.006,0,48.88,5.19,0.08,On-Time,268.24
1517,2024-09-27,Plant_B,M4,Tempered,10.56,1497.84,67.54,2.92,7.02,0.89,Day,5.2,45.04,Zone_2,858.7,772,65,15,0.1082,1,1740.39,31.42,28.54,Delayed,352.07
1518,2024-01-27,Plant_A,M3,Laminated,13.29,1415.85,79.7,3.53,4.0,0.87,Day,10.2,61.89,Zone_3,422.36,460,3,0,0.0095,0,87.59,0.0,7.32,On-Time,173.17
1519,2024-09-04,Plant_C,M4,Tempered,11.37,1584.33,66.82,3.94,7.11,0.78,Night,6.7,42.85,Zone_2,629.75,419,2,0,0.0077,0,47.22,26.56,17.35,Delayed,258.2
1520,2025-03-15,Plant_A,M4,Tempered,6.07,1568.4,70.54,3.54,6.89,0.88,Day,6.6,65.83,Zone_2,1123.24,863,4,0,0.005,0,105.09,6.48,3.72,On-Time,460.53
1521,2025-03-23,Plant_A,M1,Tempered,10.31,1542.22,85.3,2.98,7.42,0.96,Day,3.4,69.36,Zone_3,602.73,534,2,0,0.0045,0,46.48,0.0,11.82,On-Time,247.12
1522,2025-02-05,Plant_C,M3,Tempered,7.85,1534.3,66.65,4.04,4.97,0.91,Weekend,7.0,68.29,Zone_1,1179.34,933,34,13,0.0515,1,850.46,22.3,27.35,Delayed,483.53
1523,2024-01-27,Plant_B,M1,Tempered,7.5,1524.46,81.57,3.49,5.62,0.88,Day,7.4,61.45,Zone_3,977.39,856,7,0,0.0116,0,183.06,9.91,9.92,On-Time,400.73
1524,2024-03-21,Plant_C,M4,Float,4.86,1526.59,53.21,2.35,6.03,0.85,Night,1.6,67.61,Zone_1,959.0,870,2,0,0.004,0,35.16,24.24,17.87,Delayed,393.19
1525,2025-01-01,Plant_A,M2,Tempered,10.66,1490.25,91.54,2.99,6.84,0.86,Day,3.8,67.21,Zone_3,1081.87,1088,5,0,0.0088,0,126.02,1.68,2.36,On-Time,443.57
1526,2025-01-22,Plant_B,M1,Laminated,12.61,1530.88,101.24,3.61,4.5,0.87,Day,3.9,52.72,Zone_1,1539.16,1135,4,0,0.0056,0,127.38,5.98,10.77,On-Time,631.06
1527,2024-04-15,Plant_A,M4,Float,4.75,1458.39,66.8,2.99,5.82,0.86,Day,4.8,62.52,Zone_2,888.03,1072,84,16,0.094,1,1264.91,32.39,19.29,Delayed,364.09
1528,2024-07-03,Plant_A,M1,Solar,5.1,1519.49,75.28,3.72,6.68,0.89,Night,2.7,48.07,Zone_1,643.31,554,3,0,0.0065,0,110.07,15.14,11.19,On-Time,263.76
1529,2025-05-17,Plant_A,M4,Float,5.04,1463.71,64.42,3.13,7.92,0.89,Day,4.7,52.21,Zone_3,671.34,787,41,13,0.0629,1,654.54,7.42,23.15,On-Time,275.25
1530,2025-03-05,Plant_B,M3,Solar,3.39,1547.24,83.69,4.03,6.53,0.9,Night,4.2,67.12,Zone_1,1288.91,916,3,0,0.0048,0,95.87,5.54,0.0,On-Time,528.45
1531,2024-07-01,Plant_C,M5,Float,7.83,1523.9,60.85,2.75,8.41,0.88,Day,7.0,76.42,Zone_2,761.59,728,3,0,0.0042,0,50.58,23.15,17.24,Delayed,312.25
1532,2025-05-10,Plant_C,M5,Float,5.3,1468.27,56.59,2.5,9.24,0.93,Day,4.8,64.9,Zone_3,918.73,1037,3,0,0.004,0,52.0,22.8,8.38,Delayed,376.68
1533,2024-05-04,Plant_A,M5,Float,6.5,1480.55,48.82,2.5,6.91,0.83,Night,2.8,60.22,Zone_3,878.41,1032,3,0,0.0054,0,44.99,12.41,14.25,On-Time,360.15
1534,2024-06-05,Plant_A,M3,Float,7.26,1489.08,74.31,3.11,6.85,0.9,Weekend,4.2,58.15,Zone_1,592.92,648,5,0,0.0086,0,75.11,15.5,11.35,On-Time,243.1
1535,2024-08-13,Plant_A,M2,Laminated,6.74,1491.45,100.81,2.49,6.57,0.97,Day,4.0,47.76,Zone_1,573.61,494,2,0,0.0067,0,63.85,7.78,2.5,On-Time,235.18
1536,2024-12-22,Plant_C,M5,Laminated,10.73,1542.46,87.27,3.34,4.32,0.8,Day,5.5,37.97,Zone_2,916.6,632,2,0,0.0041,0,57.8,24.7,8.79,Delayed,375.81
1537,2025-02-13,Plant_A,M3,Tempered,4.21,1498.95,72.98,2.72,7.25,0.91,Day,4.3,62.82,Zone_3,779.3,741,67,12,0.1018,1,1591.83,22.42,20.79,Delayed,319.51
1538,2025-02-06,Plant_A,M5,Laminated,11.92,1488.47,67.61,2.61,5.16,0.97,Day,7.6,56.27,Zone_1,559.18,495,1,0,0.004,0,29.0,11.02,11.16,On-Time,229.26
1539,2025-05-14,Plant_B,M4,Solar,5.24,1536.05,55.83,3.54,5.11,0.9,Night,4.9,61.58,Zone_2,1083.16,787,5,0,0.0081,0,171.9,14.96,22.15,On-Time,444.1
1540,2024-04-20,Plant_C,M4,Solar,3.06,1554.42,80.57,3.34,6.18,0.92,Day,8.2,67.74,Zone_2,921.76,612,3,0,0.0072,0,109.99,19.74,3.39,On-Time,377.92
1541,2024-03-06,Plant_B,M2,Float,7.56,1492.39,51.7,2.56,6.66,0.97,Weekend,6.5,64.02,Zone_2,426.4,454,4,0,0.0089,0,67.73,17.6,1.57,On-Time,174.82
1542,2024-10-27,Plant_C,M5,Laminated,13.22,1488.98,101.89,3.3,5.64,0.91,Day,7.2,43.43,Zone_1,786.7,639,3,0,0.0074,0,83.08,14.5,15.77,On-Time,322.55
1543,2024-11-26,Plant_B,M2,Laminated,10.93,1524.05,74.93,3.22,6.54,0.9,Day,7.5,44.89,Zone_1,1102.34,816,5,0,0.0101,0,156.84,27.35,19.56,Delayed,451.96
1544,2025-01-15,Plant_A,M3,Float,5.29,1464.41,63.86,2.96,6.49,0.96,Day,5.8,62.0,Zone_3,925.86,1109,36,8,0.0397,1,562.13,29.85,27.86,Delayed,379.6
1545,2024-12-02,Plant_A,M4,Laminated,9.8,1509.81,74.4,3.05,4.29,0.98,Weekend,2.3,51.78,Zone_3,994.89,784,23,11,0.0491,1,677.24,31.08,29.53,Delayed,407.9
1546,2024-10-17,Plant_C,M2,Tempered,10.77,1562.03,72.66,3.72,5.36,0.92,Day,7.0,43.06,Zone_2,1393.04,1034,5,0,0.0065,0,108.61,16.33,10.1,On-Time,571.15
1547,2024-03-17,Plant_C,M4,Solar,5.14,1585.52,76.31,3.44,4.39,0.84,Day,5.2,70.75,Zone_2,918.24,558,53,14,0.1151,1,1810.98,24.08,23.67,Delayed,376.48
1548,2024-02-20,Plant_B,M4,Float,3.8,1491.63,42.75,1.95,6.91,0.9,Weekend,9.2,54.98,Zone_2,616.57,626,24,9,0.0455,1,389.94,39.15,37.69,Delayed,252.79
1549,2025-04-08,Plant_A,M5,Laminated,6.56,1483.52,104.5,3.0,4.78,0.84,Night,6.7,61.02,Zone_1,986.51,881,3,0,0.004,0,80.0,6.04,9.51,On-Time,404.47
1550,2024-10-18,Plant_A,M5,Float,3.57,1474.38,68.17,2.94,6.61,0.89,Weekend,4.9,42.61,Zone_2,963.16,1153,5,0,0.0086,0,84.79,21.31,5.35,On-Time,394.9
1551,2025-02-16,Plant_A,M5,Float,4.89,1461.06,76.72,2.77,8.9,0.99,Day,7.6,61.23,Zone_1,502.88,635,3,0,0.0076,0,45.09,3.18,5.04,On-Time,206.18
1552,2024-04-07,Plant_B,M3,Laminated,11.84,1516.64,103.83,3.17,5.51,0.83,Day,3.9,76.51,Zone_2,1396.88,1042,5,0,0.0089,0,160.91,16.34,0.9,On-Time,572.72
1553,2024-11-16,Plant_B,M5,Float,4.07,1478.63,66.66,2.73,8.53,0.91,Day,7.9,46.31,Zone_3,844.74,950,6,0,0.0075,0,89.52,10.09,10.66,On-Time,346.34
1554,2025-05-20,Plant_C,M1,Laminated,10.93,1513.12,66.41,2.94,7.19,0.93,Weekend,5.8,59.63,Zone_1,1280.43,970,48,19,0.0629,1,1459.36,32.06,35.5,Delayed,524.98
1555,2024-02-18,Plant_A,M2,Float,7.36,1444.99,72.84,3.04,8.43,0.89,Weekend,6.5,60.33,Zone_3,803.57,1052,5,0,0.0065,0,86.37,22.21,9.91,Delayed,329.46
1556,2024-08-19,Plant_A,M1,Tempered,6.13,1516.08,73.93,3.39,5.83,0.85,Night,4.9,56.85,Zone_2,1218.81,1147,8,1,0.0107,0,179.64,13.15,9.33,On-Time,499.71
1557,2024-01-06,Plant_C,M1,Laminated,6.82,1526.7,71.9,2.95,4.42,0.87,Weekend,7.7,46.3,Zone_1,1265.79,921,5,0,0.0063,0,162.18,14.79,5.03,On-Time,518.97
1558,2024-11-07,Plant_A,M3,Laminated,13.88,1507.71,84.1,2.66,4.34,0.86,Night,4.5,40.52,Zone_2,977.43,783,3,0,0.0055,0,84.33,0.0,20.65,On-Time,400.75
1559,2024-06-23,Plant_A,M5,Solar,4.45,1530.01,81.92,4.02,5.56,0.98,Day,7.4,53.58,Zone_2,1205.97,974,6,0,0.0086,0,188.45,0.0,0.0,On-Time,494.45
1560,2025-02-27,Plant_C,M4,Float,3.2,1496.13,63.39,3.08,6.76,0.87,Night,2.4,69.48,Zone_1,514.04,495,3,0,0.0084,0,45.74,34.74,13.41,Delayed,210.76
1561,2025-05-16,Plant_B,M3,Solar,3.76,1521.47,64.16,3.57,6.18,0.87,Day,8.6,68.07,Zone_2,1118.09,860,6,0,0.0109,0,197.45,21.34,9.15,On-Time,458.42
1562,2024-03-25,Plant_B,M5,Tempered,5.8,1562.7,82.07,3.66,7.43,0.88,Night,1.4,71.48,Zone_3,1204.17,926,2,0,0.004,0,44.54,16.02,2.8,On-Time,493.71
1563,2024-03-20,Plant_A,M4,Float,5.94,1519.69,53.6,2.62,6.85,0.91,Day,5.9,72.46,Zone_3,632.84,623,50,7,0.0919,1,835.11,19.74,22.47,Delayed,259.46
1564,2025-01-29,Plant_A,M4,Float,5.66,1488.1,49.76,2.43,6.41,0.89,Day,5.7,61.94,Zone_3,978.45,1076,8,0,0.0116,0,128.65,25.27,7.21,Delayed,401.16
1565,2025-06-10,Plant_B,M3,Solar,3.19,1504.72,61.88,3.55,5.05,0.83,Night,1.8,60.44,Zone_3,776.4,627,57,28,0.1484,1,2052.69,42.19,30.68,Delayed,318.32
1566,2024-05-13,Plant_A,M3,Solar,3.09,1523.69,54.66,3.44,6.93,0.89,Weekend,10.7,60.93,Zone_3,901.89,721,4,0,0.0081,0,149.79,9.15,3.38,On-Time,369.77
1567,2025-02-13,Plant_A,M1,Laminated,6.34,1512.13,97.53,2.88,4.66,0.89,Day,2.7,59.15,Zone_3,1050.9,868,4,0,0.0056,0,124.86,4.4,0.0,On-Time,430.87
1568,2024-04-14,Plant_A,M4,Float,3.98,1476.7,51.7,2.38,7.67,0.94,Night,9.3,73.43,Zone_1,471.34,519,13,5,0.0369,1,217.87,30.25,27.47,Delayed,193.25
1569,2025-04-16,Plant_A,M3,Float,6.21,1473.98,73.65,2.8,8.59,0.99,Day,6.4,61.18,Zone_3,893.28,1036,5,0,0.0069,0,88.25,1.6,11.09,On-Time,366.24
1570,2024-09-28,Plant_A,M5,Float,6.79,1475.61,58.54,2.28,7.22,0.77,Day,5.6,38.32,Zone_1,938.22,1119,7,0,0.0076,0,105.13,17.59,4.46,On-Time,384.67
1571,2025-05-29,Plant_B,M5,Laminated,9.72,1537.08,63.17,3.71,4.31,0.94,Day,4.8,54.68,Zone_2,1517.67,1089,8,0,0.0102,0,211.99,0.0,13.03,On-Time,622.24
1572,2024-02-20,Plant_C,M4,Solar,4.12,1559.67,87.35,4.01,6.24,0.98,Day,5.3,60.58,Zone_1,1024.46,672,5,0,0.0113,0,156.39,10.82,2.94,On-Time,420.03
1573,2024-10-09,Plant_C,M5,Solar,5.39,1496.16,86.22,3.66,5.69,0.85,Day,4.8,42.12,Zone_1,646.61,545,2,0,0.0069,0,63.69,19.84,7.65,On-Time,265.11
1574,2024-09-11,Plant_A,M2,Float,3.78,1474.56,72.74,2.38,7.62,0.87,Day,5.9,41.91,Zone_1,759.22,899,5,0,0.0075,0,74.94,4.92,3.4,On-Time,311.28
1575,2024-09-01,Plant_A,M5,Float,7.29,1507.82,72.73,2.77,8.72,0.85,Day,6.9,44.98,Zone_3,1058.06,1142,7,0,0.0105,0,117.29,2.83,6.85,On-Time,433.8
1576,2025-02-18,Plant_B,M4,Float,4.84,1495.74,77.19,2.7,6.6,0.88,Day,3.2,61.5,Zone_3,565.13,564,3,0,0.0074,0,49.66,9.81,10.82,On-Time,231.7
1577,2024-07-29,Plant_A,M2,Laminated,8.98,1472.73,89.12,4.03,5.41,0.84,Night,7.1,51.87,Zone_3,634.51,582,45,18,0.122,1,1357.46,29.64,21.23,Delayed,260.15
1578,2024-01-04,Plant_A,M2,Solar,5.28,1529.29,64.66,3.69,5.04,0.81,Night,8.4,69.19,Zone_3,894.3,718,5,0,0.0103,0,158.98,13.34,10.53,On-Time,366.66
1579,2024-11-18,Plant_C,M1,Tempered,10.7,1566.48,74.66,3.26,6.64,0.86,Day,9.4,54.83,Zone_2,830.24,627,33,7,0.0775,1,843.44,27.45,20.59,Delayed,340.4
1580,2024-01-14,Plant_C,M4,Solar,4.15,1570.91,82.2,3.82,5.26,0.86,Day,10.0,58.77,Zone_1,789.69,497,2,0,0.004,0,74.93,24.52,15.36,Delayed,323.77
1581,2024-03-19,Plant_A,M1,Laminated,12.29,1509.96,65.49,2.91,6.2,0.93,Weekend,5.8,55.95,Zone_3,806.12,675,26,8,0.0482,1,733.41,26.38,36.1,Delayed,330.51
1582,2024-09-10,Plant_B,M1,Float,6.34,1514.28,45.78,2.82,8.35,0.95,Night,2.6,42.61,Zone_3,855.76,879,6,0,0.0101,0,89.06,12.01,4.82,On-Time,350.86
1583,2024-10-24,Plant_A,M5,Tempered,7.02,1499.89,77.34,3.43,7.81,0.92,Night,1.7,45.49,Zone_1,462.87,460,4,0,0.0095,0,88.05,22.62,15.06,Delayed,189.78
1584,2024-12-09,Plant_B,M4,Laminated,10.46,1523.34,87.45,2.73,6.39,0.89,Weekend,4.6,56.41,Zone_2,1293.14,937,3,0,0.0054,0,91.98,24.04,16.61,Delayed,530.19
1585,2024-09-16,Plant_B,M4,Float,3.4,1485.12,63.2,2.62,6.7,0.92,Night,9.4,38.09,Zone_2,411.11,415,1,0,0.0047,0,14.81,14.02,4.25,On-Time,168.56
1586,2025-06-14,Plant_C,M5,Solar,4.68,1520.37,74.64,3.53,5.37,0.71,Day,3.9,67.34,Zone_3,1063.9,820,61,17,0.1213,1,1887.76,15.86,23.94,Delayed,436.2
1587,2024-01-22,Plant_A,M4,Tempered,11.31,1510.72,59.04,3.2,5.24,0.93,Night,7.2,62.56,Zone_1,690.75,620,4,0,0.0064,0,95.42,6.31,14.59,On-Time,283.21
1588,2024-02-01,Plant_A,M5,Solar,3.75,1510.72,74.8,3.93,5.85,0.93,Day,6.2,54.92,Zone_3,618.96,537,4,0,0.0118,0,145.8,0.0,0.0,On-Time,253.77
1589,2025-01-21,Plant_C,M1,Laminated,11.96,1512.36,85.39,3.41,7.02,0.84,Weekend,5.8,62.52,Zone_3,898.77,688,3,0,0.0057,0,90.91,28.85,8.55,Delayed,368.5
1590,2025-04-05,Plant_C,M2,Laminated,13.42,1537.84,66.46,2.65,4.43,0.9,Weekend,1.6,65.11,Zone_2,819.11,566,3,0,0.0089,0,78.98,35.75,14.54,Delayed,335.84
1591,2025-02-04,Plant_C,M4,Laminated,8.26,1491.38,97.23,3.3,5.6,0.92,Day,6.4,54.07,Zone_1,777.7,595,5,0,0.0115,0,132.42,18.71,11.2,On-Time,318.86
1592,2024-12-17,Plant_C,M1,Solar,5.68,1546.59,75.66,3.66,7.61,0.87,Night,3.4,42.19,Zone_3,1520.6,1086,7,1,0.01,0,245.54,28.99,12.74,Delayed,623.45
1593,2024-12-21,Plant_B,M1,Float,3.65,1506.31,61.26,3.19,8.73,0.95,Day,0.6,62.31,Zone_3,736.77,778,34,7,0.064,1,523.72,26.65,15.57,Delayed,302.08
1594,2024-06-02,Plant_C,M3,Tempered,11.05,1494.0,75.26,3.57,5.3,0.88,Day,5.8,64.99,Zone_2,996.02,895,71,19,0.115,1,1895.48,34.3,33.23,Delayed,408.37
1595,2024-10-28,Plant_A,M4,Float,7.17,1473.14,56.9,3.29,5.79,0.96,Day,5.6,39.03,Zone_3,561.29,632,4,0,0.0101,0,69.41,0.0,0.0,On-Time,230.13
1596,2025-05-15,Plant_B,M1,Solar,3.58,1598.64,67.3,4.12,5.62,0.89,Day,7.6,59.61,Zone_1,1011.2,647,67,19,0.129,1,2310.55,15.64,3.96,Delayed,414.59
1597,2024-05-21,Plant_B,M3,Tempered,5.29,1523.84,81.25,3.17,6.32,0.99,Weekend,3.2,52.42,Zone_3,831.11,694,6,0,0.0111,0,148.12,24.7,23.64,Delayed,340.76
1598,2024-07-20,Plant_B,M5,Float,3.27,1483.73,47.24,2.85,6.45,0.94,Day,8.8,53.78,Zone_1,496.55,554,4,0,0.0085,0,69.8,19.69,13.49,On-Time,203.59
1599,2024-12-29,Plant_A,M4,Solar,3.79,1558.68,56.85,4.39,5.61,0.82,Day,8.3,45.58,Zone_1,1324.99,950,8,0,0.01,0,258.85,6.09,4.21,On-Time,543.25
1600,2024-11-05,Plant_C,M3,Tempered,8.7,1545.11,79.69,3.14,5.39,0.87,Night,5.3,43.03,Zone_3,1124.99,861,6,0,0.0117,0,151.14,9.84,15.56,On-Time,461.25
1601,2024-05-22,Plant_C,M2,Laminated,12.98,1502.16,96.98,3.59,6.84,0.93,Day,6.1,50.75,Zone_3,1149.95,884,5,0,0.0071,0,147.77,16.72,5.44,On-Time,471.48
1602,2024-11-08,Plant_A,M3,Solar,5.44,1516.6,76.66,2.85,6.62,0.96,Night,0.5,57.32,Zone_2,963.87,790,3,0,0.0049,0,95.78,13.77,8.5,On-Time,395.19
1603,2025-03-23,Plant_A,M2,Solar,3.88,1546.71,80.75,3.84,5.16,0.89,Night,4.9,73.69,Zone_3,890.42,677,2,0,0.0043,0,66.43,0.0,9.32,On-Time,365.07
1604,2025-01-01,Plant_B,M3,Solar,5.81,1570.0,79.39,3.78,6.13,0.88,Day,6.5,45.78,Zone_2,1096.72,727,5,0,0.0073,0,156.17,26.9,7.43,Delayed,449.66
1605,2024-01-28,Plant_B,M1,Tempered,4.86,1509.58,90.24,3.14,6.42,0.9,Night,5.2,57.71,Zone_2,829.1,765,5,0,0.0114,0,112.91,23.45,11.08,Delayed,339.93
1606,2025-06-08,Plant_B,M2,Laminated,9.9,1523.66,98.88,3.29,5.71,0.89,Day,8.9,68.56,Zone_2,584.27,433,1,0,0.004,0,27.97,8.88,3.65,On-Time,239.55
1607,2024-01-07,Plant_B,M5,Solar,3.1,1524.97,56.47,4.03,6.54,0.92,Night,4.5,51.22,Zone_1,1049.09,820,57,20,0.078,1,2026.06,33.14,25.91,Delayed,430.13
1608,2024-04-19,Plant_B,M5,Float,7.13,1480.18,66.35,2.11,8.88,0.94,Night,5.8,78.16,Zone_3,760.36,852,3,0,0.0058,0,49.42,13.12,16.47,On-Time,311.75
1609,2024-12-05,Plant_A,M1,Float,4.53,1468.32,56.49,2.3,7.71,0.89,Night,4.5,57.04,Zone_3,424.33,543,5,0,0.0111,0,73.59,2.29,5.91,On-Time,173.98
1610,2025-05-22,Plant_A,M2,Tempered,10.29,1542.76,68.23,2.93,6.22,0.98,Day,7.1,60.57,Zone_2,1261.01,1071,7,0,0.0106,0,168.25,7.9,4.67,On-Time,517.01
1611,2024-01-07,Plant_B,M5,Tempered,4.98,1517.85,74.15,3.37,7.24,0.9,Day,11.0,53.52,Zone_1,681.51,603,4,0,0.0102,0,92.61,14.17,4.23,On-Time,279.42
1612,2024-05-03,Plant_C,M1,Tempered,9.65,1559.24,61.8,3.63,6.25,0.89,Day,4.2,72.13,Zone_2,1170.01,894,50,13,0.0687,1,1276.15,18.84,16.77,On-Time,479.7
1613,2025-06-01,Plant_B,M4,Float,5.12,1481.12,59.28,2.01,6.54,0.93,Weekend,5.8,68.1,Zone_2,667.53,703,2,0,0.004,0,35.54,17.75,26.59,On-Time,273.69
1614,2024-07-07,Plant_A,M5,Laminated,10.59,1498.39,77.81,2.63,5.5,0.91,Night,1.7,56.28,Zone_3,1039.71,884,7,0,0.011,0,190.07,10.89,13.0,On-Time,426.28
1615,2024-05-06,Plant_B,M2,Float,6.44,1507.08,59.65,2.55,6.21,0.96,Day,6.3,67.32,Zone_3,585.86,597,5,0,0.0093,0,80.68,17.38,2.2,On-Time,240.2
1616,2024-06-23,Plant_C,M5,Tempered,10.3,1475.68,55.43,3.32,6.58,0.9,Day,5.5,61.71,Zone_2,666.16,662,57,26,0.1345,1,1339.05,33.41,27.16,Delayed,273.13
1617,2024-04-12,Plant_C,M4,Laminated,11.23,1501.29,87.98,3.14,5.96,0.83,Night,8.7,65.97,Zone_2,615.07,451,2,0,0.0059,0,54.89,20.81,16.03,On-Time,252.18
1618,2024-04-19,Plant_B,M4,Solar,5.65,1551.17,52.54,3.74,4.51,0.93,Day,6.5,71.85,Zone_2,655.21,446,2,0,0.0078,0,62.9,19.76,13.33,On-Time,268.64
1619,2025-02-02,Plant_A,M5,Laminated,13.92,1461.21,71.21,3.58,5.77,0.91,Day,8.8,54.71,Zone_3,918.31,887,5,0,0.0076,0,160.48,0.0,0.0,On-Time,376.51
1620,2025-03-31,Plant_A,M3,Tempered,11.84,1532.65,70.05,3.22,6.75,0.94,Day,5.3,66.7,Zone_3,669.89,569,3,0,0.0098,0,68.48,9.23,9.8,On-Time,274.65
1621,2024-01-10,Plant_A,M3,Tempered,4.47,1544.79,65.48,3.71,6.27,0.91,Day,5.3,58.74,Zone_3,1131.05,938,7,0,0.0084,0,186.91,11.88,7.8,On-Time,463.73
1622,2025-06-09,Plant_A,M2,Tempered,4.66,1524.33,76.21,4.03,6.24,0.96,Day,9.1,67.77,Zone_3,817.06,734,4,0,0.0059,0,97.42,12.61,10.2,On-Time,334.99
1623,2025-04-15,Plant_C,M2,Laminated,13.28,1488.02,76.26,3.06,6.67,0.88,Night,4.9,64.51,Zone_3,641.31,516,1,0,0.004,0,29.75,33.96,13.42,Delayed,262.94
1624,2025-02-07,Plant_A,M4,Solar,3.86,1556.79,84.69,3.22,4.93,0.99,Weekend,9.6,55.29,Zone_3,953.15,681,5,0,0.0092,0,176.33,41.24,23.57,Delayed,390.79
1625,2025-06-03,Plant_C,M5,Laminated,7.92,1516.49,63.21,3.01,6.69,0.87,Day,3.8,71.13,Zone_2,1356.43,1005,6,0,0.0114,0,167.24,8.26,17.13,On-Time,556.14
1626,2024-12-22,Plant_C,M5,Solar,3.78,1570.57,58.02,4.32,7.02,0.83,Day,9.6,48.96,Zone_1,1559.83,1028,3,0,0.0045,0,110.41,10.97,1.43,On-Time,639.53
1627,2024-06-11,Plant_A,M1,Float,4.26,1519.98,54.05,2.65,8.58,0.99,Day,3.6,66.55,Zone_3,1126.46,1189,7,0,0.0095,0,102.11,14.71,17.57,On-Time,461.85
1628,2024-08-25,Plant_C,M2,Float,3.3,1507.19,64.97,2.74,7.43,0.9,Weekend,6.4,33.79,Zone_1,942.82,933,3,0,0.006,0,50.81,31.78,16.77,Delayed,386.56
1629,2025-01-28,Plant_B,M1,Float,4.83,1484.34,47.71,3.3,7.84,0.95,Night,2.5,67.85,Zone_1,853.55,959,52,13,0.075,1,854.85,39.94,26.78,Delayed,349.96
1630,2024-03-15,Plant_B,M3,Float,6.3,1500.69,50.02,2.86,7.25,0.89,Weekend,5.6,60.27,Zone_2,934.86,950,52,20,0.0757,1,912.95,45.43,32.22,Delayed,383.29
1631,2025-04-05,Plant_B,M2,Tempered,6.01,1521.39,85.06,3.84,6.31,0.9,Day,12.1,63.73,Zone_2,530.01,457,2,0,0.0041,0,50.74,17.73,9.22,On-Time,217.3
1632,2024-10-19,Plant_A,M2,Tempered,10.62,1523.55,64.84,3.15,7.14,0.9,Day,4.6,37.41,Zone_3,1083.79,976,8,0,0.0114,0,212.83,9.25,6.01,On-Time,444.35
1633,2024-07-15,Plant_A,M5,Float,7.58,1455.26,55.87,2.1,9.21,0.87,Night,4.2,48.18,Zone_3,783.45,1002,87,28,0.1127,1,1392.57,26.98,18.42,Delayed,321.21
1634,2024-02-04,Plant_A,M1,Laminated,6.06,1521.95,74.32,3.82,5.9,0.83,Night,4.7,68.35,Zone_3,710.39,576,54,19,0.1361,1,1588.79,34.63,32.77,Delayed,291.26
1635,2024-03-14,Plant_B,M2,Solar,4.53,1575.49,64.48,4.05,5.53,0.91,Day,2.8,71.12,Zone_1,1421.41,945,9,0,0.0108,0,299.59,15.26,10.67,On-Time,582.78
1636,2025-04-30,Plant_C,M3,Laminated,11.6,1509.29,88.75,3.54,6.28,0.85,Night,6.5,60.99,Zone_3,992.3,731,2,0,0.0049,0,52.28,20.3,26.53,On-Time,406.84
1637,2024-03-09,Plant_B,M4,Solar,3.63,1539.84,80.78,3.62,5.51,0.91,Weekend,3.0,67.71,Zone_3,1121.44,806,35,14,0.0569,1,1176.69,34.85,23.74,Delayed,459.79
1638,2025-06-13,Plant_B,M1,Float,6.29,1515.11,50.56,1.75,6.97,0.94,Day,10.4,65.75,Zone_1,505.31,528,4,0,0.0112,0,67.09,17.42,7.42,On-Time,207.18
1639,2024-12-04,Plant_A,M2,Laminated,11.77,1508.84,97.9,2.51,4.93,0.92,Weekend,6.6,60.7,Zone_2,1377.98,1123,6,0,0.0076,0,191.06,20.54,3.65,On-Time,564.97
1640,2025-01-01,Plant_A,M2,Laminated,8.5,1496.03,101.09,2.42,6.1,0.97,Day,8.5,62.41,Zone_3,1210.33,1027,6,0,0.0084,0,158.47,0.12,7.09,On-Time,496.24
1641,2025-06-14,Plant_C,M5,Laminated,12.99,1529.57,60.72,3.33,4.26,0.89,Day,6.5,51.25,Zone_1,1537.54,1095,7,0,0.0087,0,212.53,13.77,0.0,On-Time,630.39
1642,2024-04-23,Plant_C,M4,Laminated,10.39,1505.9,71.74,3.28,6.25,0.87,Night,6.4,66.41,Zone_1,1260.64,935,4,0,0.0049,0,124.17,27.48,11.96,Delayed,516.86
1643,2024-09-24,Plant_A,M3,Float,4.99,1475.47,67.64,2.86,7.9,0.93,Day,8.3,52.51,Zone_3,865.31,998,3,0,0.0047,0,49.7,0.0,5.78,On-Time,354.78
1644,2024-12-03,Plant_C,M1,Tempered,11.66,1562.44,74.66,3.11,5.85,0.9,Day,6.7,49.3,Zone_3,805.85,616,2,0,0.004,0,44.91,9.5,5.54,On-Time,330.4
1645,2024-02-06,Plant_B,M1,Solar,5.11,1508.1,86.22,3.89,5.76,0.96,Night,5.4,66.15,Zone_3,1299.35,1085,8,0,0.0097,0,295.79,8.92,5.84,On-Time,532.73
1646,2025-05-05,Plant_A,M3,Float,7.2,1469.58,50.18,2.13,8.41,0.87,Day,9.3,60.02,Zone_2,585.03,680,2,0,0.0044,0,30.5,0.0,0.0,On-Time,239.86
1647,2024-12-24,Plant_B,M4,Laminated,9.15,1516.64,97.0,2.86,5.57,0.81,Night,3.4,44.39,Zone_1,1196.78,883,40,14,0.0507,1,1123.52,30.58,24.33,Delayed,490.68
1648,2024-02-26,Plant_A,M2,Solar,4.68,1523.38,84.5,3.56,4.97,0.98,Night,3.6,63.88,Zone_3,1438.18,1177,65,11,0.0614,1,2433.69,37.0,21.06,Delayed,589.65
1649,2025-05-08,Plant_A,M4,Solar,4.22,1506.87,63.55,3.64,5.32,0.91,Night,4.1,71.92,Zone_2,703.86,583,5,0,0.0098,0,166.43,9.52,7.32,On-Time,288.58
1650,2024-05-21,Plant_A,M4,Float,5.0,1486.97,67.99,2.56,8.07,0.85,Weekend,4.8,63.13,Zone_2,893.44,983,8,0,0.0112,0,136.99,18.54,12.7,On-Time,366.31
1651,2024-12-17,Plant_B,M1,Tempered,5.94,1546.54,88.37,2.81,6.93,0.95,Day,7.9,56.52,Zone_3,1347.15,1096,39,10,0.0566,1,979.89,19.23,14.96,On-Time,552.33
1652,2025-02-26,Plant_C,M5,Float,5.9,1467.74,71.25,3.08,6.58,0.8,Weekend,6.0,53.77,Zone_1,1011.88,1143,3,0,0.004,0,51.36,25.21,14.13,Delayed,414.87
1653,2024-09-12,Plant_A,M1,Float,3.85,1524.45,59.36,2.67,7.74,0.98,Day,6.0,35.56,Zone_1,1092.91,1140,3,0,0.004,0,50.87,6.33,5.82,On-Time,448.09
1654,2024-11-17,Plant_B,M5,Tempered,11.37,1508.59,91.98,4.04,5.76,0.88,Weekend,1.8,32.9,Zone_1,1127.33,1022,67,16,0.114,1,1669.85,34.44,28.16,Delayed,462.21
1655,2025-05-05,Plant_C,M1,Float,3.25,1513.92,45.85,2.43,7.18,0.94,Day,5.9,58.46,Zone_3,1084.75,1077,5,0,0.0058,0,80.12,19.52,3.29,On-Time,444.75
1656,2024-12-31,Plant_A,M4,Laminated,12.59,1467.67,83.04,3.62,6.45,0.94,Weekend,7.9,53.89,Zone_3,771.17,692,40,19,0.0893,1,1206.85,23.42,19.07,Delayed,316.18
1657,2024-09-07,Plant_C,M3,Laminated,9.67,1553.64,97.15,3.38,5.04,0.82,Night,7.2,48.55,Zone_3,1090.5,708,51,16,0.1132,1,1414.13,38.22,26.05,Delayed,447.1
1658,2024-12-20,Plant_B,M5,Solar,3.17,1566.25,76.33,4.26,5.41,0.78,Day,7.1,56.97,Zone_1,883.81,610,3,0,0.0091,0,95.32,17.29,3.64,On-Time,362.36
1659,2025-06-17,Plant_A,M3,Tempered,5.38,1524.03,90.38,3.7,6.9,0.91,Day,10.0,56.2,Zone_3,1059.83,935,7,0,0.0099,0,152.2,8.4,8.43,On-Time,434.53
1660,2024-05-25,Plant_A,M2,Solar,5.18,1559.22,72.2,3.83,4.85,0.89,Night,5.2,60.12,Zone_2,1359.85,996,4,0,0.0067,0,145.73,6.96,12.21,On-Time,557.54
1661,2024-01-22,Plant_B,M1,Laminated,13.44,1506.91,89.36,2.94,5.27,0.87,Day,6.4,63.99,Zone_2,1029.31,822,4,0,0.0075,0,109.52,15.29,11.07,On-Time,422.02
1662,2024-03-27,Plant_A,M3,Solar,5.28,1505.16,76.03,4.04,6.77,0.92,Day,7.4,60.21,Zone_2,886.35,754,2,0,0.004,0,63.73,0.0,3.49,On-Time,363.4
1663,2024-02-15,Plant_A,M2,Solar,3.13,1542.65,54.96,3.32,6.11,0.89,Day,5.6,59.19,Zone_2,784.6,604,4,0,0.0086,0,146.25,4.72,0.78,On-Time,321.69
1664,2024-11-08,Plant_A,M5,Laminated,9.82,1546.24,90.05,3.51,6.69,0.92,Weekend,5.0,45.54,Zone_3,1375.19,1012,6,0,0.0075,0,184.13,3.79,9.09,On-Time,563.83
1665,2024-12-10,Plant_B,M5,Tempered,6.4,1527.6,74.37,3.43,5.3,0.84,Night,2.9,48.2,Zone_2,949.03,811,3,0,0.004,0,77.9,14.36,1.37,On-Time,389.1
1666,2025-03-20,Plant_B,M1,Float,7.79,1503.52,58.29,2.21,7.96,0.88,Night,2.3,72.97,Zone_3,608.18,652,3,0,0.0075,0,49.73,12.05,4.35,On-Time,249.35
1667,2024-10-21,Plant_C,M4,Solar,4.69,1529.99,80.69,3.67,4.79,0.89,Night,2.9,39.13,Zone_3,913.75,654,5,0,0.0099,0,186.19,14.75,13.98,On-Time,374.64
1668,2024-09-23,Plant_A,M4,Solar,4.94,1532.06,77.85,4.22,6.5,0.92,Night,5.1,47.36,Zone_1,584.17,441,3,0,0.0108,0,106.65,15.46,9.21,On-Time,239.51
1669,2024-01-16,Plant_B,M3,Float,7.12,1475.28,63.64,1.99,7.41,0.88,Weekend,3.8,63.46,Zone_3,456.16,490,24,10,0.0867,1,391.51,37.42,20.33,Delayed,187.03
1670,2025-02-08,Plant_A,M5,Laminated,13.99,1496.64,71.03,2.69,4.35,0.86,Day,13.5,63.04,Zone_3,614.66,529,4,0,0.0085,0,106.57,10.3,13.25,On-Time,252.01
1671,2024-01-13,Plant_A,M3,Laminated,10.25,1511.72,70.38,3.8,4.09,0.99,Night,2.1,69.04,Zone_1,1136.64,902,53,16,0.0926,1,1500.82,26.97,26.75,Delayed,466.02
1672,2024-01-18,Plant_B,M1,Solar,5.51,1538.28,53.14,3.64,6.6,0.86,Day,2.4,55.57,Zone_2,1049.02,797,2,0,0.0045,0,72.12,0.66,1.5,On-Time,430.1
1673,2024-08-11,Plant_B,M1,Float,3.9,1509.44,63.05,2.62,6.64,0.85,Day,6.9,50.96,Zone_3,726.95,761,3,0,0.005,0,53.75,0.81,0.0,On-Time,298.05
1674,2024-03-06,Plant_B,M2,Laminated,9.07,1525.67,96.08,2.58,4.28,0.87,Night,5.0,56.7,Zone_2,1250.13,921,55,10,0.0663,1,1668.96,31.87,33.54,Delayed,512.55
1675,2025-05-21,Plant_A,M2,Tempered,10.23,1535.63,84.23,3.37,5.78,0.99,Day,4.3,66.37,Zone_3,1081.1,938,3,0,0.004,0,78.9,20.3,0.0,On-Time,443.25
1676,2024-08-26,Plant_A,M1,Tempered,8.47,1517.45,65.83,3.71,6.26,0.99,Night,9.0,37.93,Zone_2,1026.06,965,3,0,0.0043,0,70.1,11.39,4.88,On-Time,420.68
1677,2024-02-12,Plant_C,M2,Float,5.38,1498.27,54.77,2.34,8.85,0.96,Weekend,5.6,65.05,Zone_2,718.46,730,6,0,0.0108,0,103.07,28.86,8.54,Delayed,294.57
1678,2024-01-17,Plant_C,M3,Float,5.15,1475.84,73.31,2.33,6.5,0.89,Night,6.0,59.51,Zone_2,668.99,707,51,8,0.0927,1,832.62,31.78,36.59,Delayed,274.29
1679,2025-06-03,Plant_B,M1,Float,7.11,1499.27,42.84,3.06,7.68,0.86,Day,3.9,57.33,Zone_2,479.4,526,3,0,0.0069,0,44.45,18.72,3.9,On-Time,196.55
1680,2025-03-01,Plant_A,M4,Laminated,10.54,1498.27,90.9,3.33,5.97,0.95,Day,7.6,54.12,Zone_2,923.81,753,5,0,0.0101,0,132.03,3.76,10.06,On-Time,378.76
1681,2025-01-03,Plant_B,M4,Laminated,8.28,1540.32,60.47,3.34,4.67,0.84,Day,10.2,56.68,Zone_2,662.83,447,3,0,0.0073,0,88.44,12.06,9.6,On-Time,271.76
1682,2024-06-13,Plant_B,M1,Laminated,12.42,1522.84,76.63,3.13,4.49,0.93,Weekend,6.9,46.74,Zone_3,975.14,743,37,9,0.0671,1,1077.41,31.36,23.12,Delayed,399.81
1683,2024-08-04,Plant_B,M5,Laminated,12.33,1511.04,67.52,3.29,6.09,0.89,Weekend,4.9,49.36,Zone_2,752.55,587,4,0,0.008,0,115.63,19.38,16.96,On-Time,308.55
1684,2024-02-03,Plant_C,M2,Solar,4.64,1534.97,78.96,4.15,5.82,0.8,Night,2.4,58.99,Zone_3,1044.76,761,56,20,0.0915,1,1957.03,28.12,19.51,Delayed,428.35
1685,2024-03-20,Plant_A,M5,Solar,5.03,1498.96,69.94,4.2,6.39,0.89,Night,3.9,65.9,Zone_1,1020.88,917,4,0,0.0062,0,145.48,14.13,4.22,On-Time,418.56
1686,2025-06-24,Plant_A,M5,Solar,4.73,1530.19,86.66,3.03,4.79,0.9,Night,1.7,49.43,Zone_3,951.85,770,6,0,0.0102,0,227.5,10.27,20.44,On-Time,390.26
1687,2024-10-02,Plant_A,M5,Laminated,11.18,1468.94,103.35,2.74,4.65,0.9,Weekend,7.8,51.64,Zone_2,694.69,655,5,0,0.0096,0,133.81,2.27,3.71,On-Time,284.82
1688,2025-01-05,Plant_A,M4,Laminated,9.54,1483.62,79.47,3.46,6.36,0.91,Night,3.9,61.21,Zone_1,728.13,617,3,0,0.0052,0,85.31,4.55,7.54,On-Time,298.53
1689,2025-03-31,Plant_C,M4,Laminated,11.96,1542.35,87.11,3.92,5.75,0.87,Day,8.5,67.86,Zone_3,1265.58,843,67,29,0.1076,1,1828.16,30.28,26.75,Delayed,518.89
1690,2025-01-05,Plant_C,M4,Tempered,8.83,1532.74,73.01,3.8,4.78,0.88,Day,5.2,62.23,Zone_2,1178.9,929,7,0,0.0093,0,182.39,11.95,0.0,On-Time,483.35
1691,2024-05-08,Plant_C,M2,Solar,3.13,1553.28,86.98,3.04,6.7,0.95,Night,2.9,65.76,Zone_3,1577.07,1086,49,22,0.068,1,1732.47,35.02,35.83,Delayed,646.6
1692,2024-09-23,Plant_B,M3,Laminated,6.94,1530.36,100.44,3.91,6.34,0.97,Day,9.1,37.98,Zone_2,1109.83,792,2,0,0.004,0,55.95,19.56,0.0,On-Time,455.03
1693,2024-05-31,Plant_C,M4,Tempered,6.53,1528.07,62.51,2.89,6.42,0.91,Weekend,6.8,58.22,Zone_2,1229.58,984,34,12,0.0625,1,911.26,30.08,31.59,Delayed,504.13
1694,2024-05-03,Plant_B,M3,Solar,4.55,1502.1,80.26,3.29,4.68,0.89,Night,5.9,67.08,Zone_1,1148.41,944,8,0,0.0102,0,287.86,19.34,16.56,On-Time,470.85
1695,2025-03-17,Plant_A,M2,Float,7.19,1502.87,45.28,2.41,7.77,0.97,Day,4.9,69.55,Zone_3,713.44,774,5,0,0.0119,0,85.72,0.0,6.8,On-Time,292.51
1696,2025-03-08,Plant_B,M2,Solar,3.74,1555.84,79.41,3.65,6.15,0.87,Night,1.6,70.65,Zone_1,649.61,457,1,0,0.004,0,36.56,31.16,10.91,Delayed,266.34
1697,2024-05-01,Plant_B,M3,Float,6.32,1470.79,52.0,3.02,7.65,0.92,Weekend,3.7,56.95,Zone_1,897.24,1000,61,14,0.0767,1,1010.18,29.62,27.09,Delayed,367.87
1698,2024-12-29,Plant_B,M4,Solar,3.27,1592.29,74.63,4.73,4.95,0.97,Night,2.1,51.03,Zone_2,1543.41,961,86,22,0.1416,1,3064.48,28.81,17.25,Delayed,632.8
1699,2025-05-03,Plant_C,M2,Tempered,6.95,1527.52,75.08,2.65,5.3,0.91,Night,5.6,61.17,Zone_3,561.04,461,1,0,0.0047,0,26.78,16.8,7.04,On-Time,230.03
1700,2025-06-05,Plant_A,M2,Float,4.46,1477.19,44.99,3.11,8.36,0.89,Night,8.5,65.68,Zone_2,791.22,929,5,0,0.0075,0,78.7,14.58,4.32,On-Time,324.4
1701,2025-04-09,Plant_B,M3,Solar,5.61,1524.28,86.47,3.71,5.11,0.79,Day,7.9,67.46,Zone_3,736.5,556,3,0,0.009,0,98.54,8.88,0.0,On-Time,301.96
1702,2024-04-09,Plant_A,M3,Solar,5.84,1593.08,86.17,3.84,6.11,0.89,Day,8.5,70.02,Zone_3,1121.58,734,70,32,0.162,1,2203.34,9.68,23.33,Delayed,459.85
1703,2025-06-21,Plant_C,M5,Solar,3.81,1542.47,52.0,2.74,7.03,0.98,Day,1.0,60.19,Zone_2,1219.69,875,37,14,0.0739,1,1340.03,28.23,18.47,Delayed,500.07
1704,2024-07-01,Plant_A,M1,Tempered,11.64,1484.43,83.29,3.49,6.13,0.87,Day,4.9,49.3,Zone_2,746.47,792,7,0,0.0117,0,183.0,0.99,6.59,On-Time,306.05
1705,2024-11-17,Plant_A,M3,Laminated,12.93,1462.47,89.26,3.69,6.01,0.88,Day,1.0,50.82,Zone_2,592.99,545,52,17,0.1115,1,1657.72,10.26,28.19,Delayed,243.13
1706,2025-03-25,Plant_A,M2,Laminated,13.29,1482.58,92.86,3.34,4.37,0.96,Weekend,8.3,69.56,Zone_2,929.1,824,4,0,0.0067,0,109.47,13.74,17.32,On-Time,380.93
1707,2024-04-18,Plant_A,M3,Tempered,6.08,1499.42,86.43,3.21,6.38,0.91,Day,9.3,81.63,Zone_3,809.25,769,5,0,0.0071,0,108.04,0.0,4.95,On-Time,331.79
1708,2024-06-21,Plant_A,M5,Float,7.5,1455.2,73.17,2.27,7.04,0.96,Weekend,5.9,60.91,Zone_3,622.57,799,2,0,0.004,0,32.72,13.07,0.0,On-Time,255.25
1709,2024-07-18,Plant_A,M4,Float,4.49,1430.95,49.42,2.53,7.55,0.96,Day,7.6,53.43,Zone_2,743.21,983,2,0,0.004,0,29.82,0.0,1.97,On-Time,304.72
1710,2025-03-12,Plant_C,M4,Tempered,5.56,1520.79,71.61,3.72,4.96,0.94,Night,6.8,74.52,Zone_2,1003.55,817,5,0,0.0098,0,127.04,19.79,6.56,On-Time,411.46
1711,2024-05-02,Plant_B,M4,Solar,5.29,1546.38,76.23,4.09,5.41,0.85,Day,2.7,69.74,Zone_1,829.98,579,4,0,0.0101,0,123.66,16.14,4.94,On-Time,340.29
1712,2024-04-29,Plant_B,M1,Tempered,10.1,1559.3,57.8,3.51,7.06,0.91,Night,4.3,62.06,Zone_2,760.73,605,2,0,0.0055,0,48.83,35.51,20.11,Delayed,311.9
1713,2024-12-09,Plant_B,M4,Float,7.93,1530.03,46.29,2.7,6.55,0.92,Night,1.2,57.36,Zone_2,585.01,530,4,0,0.0112,0,65.3,2.56,0.64,On-Time,239.85
1714,2024-02-09,Plant_B,M1,Laminated,8.85,1523.13,91.04,3.56,5.02,0.89,Day,6.9,67.01,Zone_3,884.38,675,2,0,0.004,0,64.27,3.35,2.81,On-Time,362.6
1715,2024-02-06,Plant_C,M1,Tempered,6.28,1560.44,63.57,2.96,6.85,0.9,Day,6.3,74.35,Zone_2,1170.04,891,3,0,0.0048,0,65.56,29.11,5.74,Delayed,479.72
1716,2024-08-13,Plant_C,M2,Laminated,12.3,1554.47,65.67,3.26,6.14,0.95,Day,5.7,36.02,Zone_2,778.92,514,3,0,0.0082,0,96.81,11.66,9.3,On-Time,319.36
1717,2025-05-23,Plant_B,M2,Tempered,6.89,1488.29,65.56,2.79,7.16,0.86,Night,5.2,60.86,Zone_1,1137.09,1095,5,0,0.0056,0,113.51,11.91,17.49,On-Time,466.21
1718,2024-08-07,Plant_A,M4,Float,5.86,1495.39,55.3,2.42,6.35,0.85,Day,6.7,50.92,Zone_3,929.54,998,7,0,0.0083,0,120.64,12.96,1.46,On-Time,381.11
1719,2024-07-01,Plant_A,M4,Laminated,10.07,1528.04,87.52,2.61,5.63,0.9,Night,6.7,51.84,Zone_3,839.78,623,4,0,0.0079,0,108.95,17.87,16.32,On-Time,344.31
1720,2024-12-23,Plant_B,M5,Tempered,9.9,1537.7,56.1,3.11,6.34,0.88,Weekend,0.9,53.6,Zone_1,1036.38,858,3,0,0.0051,0,75.29,20.86,18.71,On-Time,424.92
1721,2025-05-11,Plant_B,M4,Laminated,6.27,1514.21,92.93,2.21,4.56,0.85,Night,4.3,64.76,Zone_2,755.37,553,33,5,0.0798,1,945.41,30.92,33.45,Delayed,309.7
1722,2024-04-25,Plant_B,M4,Solar,5.51,1545.5,57.22,3.82,5.27,0.91,Day,9.0,70.6,Zone_3,1184.73,838,4,0,0.0073,0,137.76,12.15,8.99,On-Time,485.74
1723,2024-06-29,Plant_B,M3,Float,3.36,1518.28,48.1,2.83,7.2,0.93,Day,7.6,45.58,Zone_2,636.19,608,2,0,0.0059,0,35.17,3.38,4.03,On-Time,260.84
1724,2025-05-10,Plant_B,M5,Solar,3.67,1525.82,64.74,3.86,5.57,0.88,Night,6.3,70.42,Zone_1,583.18,458,2,0,0.0056,0,63.12,25.67,14.37,Delayed,239.1
1725,2025-06-03,Plant_A,M4,Float,3.62,1453.06,76.15,2.56,6.36,0.94,Night,6.9,61.32,Zone_2,751.42,918,6,0,0.0098,0,101.97,7.61,18.3,On-Time,308.08
1726,2024-11-21,Plant_B,M4,Solar,5.22,1524.18,74.12,3.44,4.87,0.76,Day,7.0,42.33,Zone_2,632.9,468,2,0,0.0064,0,73.2,22.61,14.86,Delayed,259.49
1727,2024-10-01,Plant_B,M2,Laminated,12.78,1508.67,87.66,3.06,6.24,0.9,Night,0.9,46.37,Zone_1,1257.38,975,4,0,0.0049,0,107.3,7.71,1.68,On-Time,515.53
1728,2025-02-23,Plant_A,M5,Tempered,11.06,1544.57,68.75,3.59,6.13,0.88,Night,0.7,64.48,Zone_3,1378.5,1173,81,17,0.0873,1,1801.53,23.68,26.1,Delayed,565.18
1729,2024-12-03,Plant_A,M5,Float,6.74,1445.08,60.67,2.24,8.14,0.91,Weekend,6.0,55.05,Zone_1,519.52,693,2,0,0.0043,0,35.3,6.92,13.03,On-Time,213.0
1730,2024-04-02,Plant_C,M3,Laminated,8.38,1522.37,68.58,2.91,4.79,0.86,Night,2.9,73.81,Zone_3,1317.95,938,31,6,0.0417,1,855.91,40.85,29.44,Delayed,540.36
1731,2024-02-20,Plant_C,M2,Laminated,6.69,1538.91,98.13,3.1,4.41,0.83,Night,3.9,73.95,Zone_1,730.15,503,2,0,0.0054,0,63.49,16.26,11.08,On-Time,299.36
1732,2025-02-09,Plant_C,M2,Laminated,6.34,1531.85,97.16,2.72,6.39,0.86,Night,5.5,64.37,Zone_2,778.18,547,2,0,0.004,0,61.18,26.95,7.64,Delayed,319.05
1733,2024-08-08,Plant_C,M2,Float,4.1,1504.87,56.63,2.61,9.05,0.89,Day,11.8,52.37,Zone_1,535.96,534,4,0,0.0105,0,62.85,4.19,2.65,On-Time,219.74
1734,2025-06-23,Plant_A,M5,Solar,5.7,1464.32,81.45,3.8,4.86,0.92,Night,9.1,56.87,Zone_1,523.2,541,46,17,0.1401,1,1410.82,23.45,16.0,Delayed,214.51
1735,2024-11-04,Plant_A,M2,Tempered,6.37,1463.76,60.01,3.2,6.55,0.96,Day,9.1,38.22,Zone_3,773.03,857,78,28,0.1074,1,1990.42,20.31,20.14,Delayed,316.94
1736,2025-01-21,Plant_C,M4,Tempered,4.12,1532.03,56.52,3.64,5.66,0.86,Night,8.5,59.95,Zone_2,1104.84,871,6,0,0.0077,0,148.66,16.68,0.0,On-Time,452.98
1737,2024-03-19,Plant_A,M5,Solar,5.02,1559.16,58.6,3.7,5.6,0.86,Day,8.3,70.79,Zone_3,774.91,575,2,0,0.004,0,68.65,2.48,0.0,On-Time,317.71
1738,2024-06-04,Plant_A,M5,Solar,4.0,1499.47,54.26,3.42,6.78,0.97,Day,7.4,62.82,Zone_3,598.17,540,2,0,0.0074,0,75.53,0.28,1.1,On-Time,245.25
1739,2024-11-27,Plant_B,M5,Float,4.81,1476.51,57.54,2.9,8.84,0.94,Day,2.2,33.86,Zone_2,742.45,842,3,0,0.0058,0,44.38,9.7,1.56,On-Time,304.4
1740,2024-09-27,Plant_C,M5,Solar,4.87,1573.16,79.47,4.24,7.17,0.87,Day,8.9,37.87,Zone_2,1445.22,946,53,11,0.0761,1,1934.71,24.75,20.38,Delayed,592.54
1741,2025-02-20,Plant_C,M3,Solar,3.74,1495.39,59.08,3.94,6.01,0.78,Day,7.8,57.96,Zone_3,1003.98,819,71,16,0.1556,1,2669.59,30.09,19.84,Delayed,411.63
1742,2024-09-07,Plant_B,M1,Solar,5.19,1521.47,87.21,3.56,6.55,0.92,Night,2.6,41.95,Zone_2,1345.06,1073,9,1,0.0118,0,329.58,5.49,21.67,On-Time,551.47
1743,2024-04-20,Plant_B,M2,Float,6.61,1463.13,72.11,3.29,9.02,0.89,Day,6.2,69.48,Zone_1,671.38,785,58,22,0.1209,1,859.06,40.59,19.07,Delayed,275.27
1744,2025-05-03,Plant_C,M1,Laminated,11.87,1526.14,67.61,3.5,4.55,0.9,Day,8.3,71.86,Zone_3,1546.31,1123,5,0,0.0067,0,131.42,10.72,0.0,On-Time,633.99
1745,2024-04-07,Plant_C,M2,Tempered,7.77,1531.97,65.28,2.86,6.62,0.88,Weekend,5.3,71.81,Zone_2,1116.59,905,4,0,0.006,0,105.11,34.12,17.96,Delayed,457.8
1746,2024-03-26,Plant_A,M4,Solar,3.6,1540.68,63.55,3.5,5.59,0.88,Night,8.0,70.27,Zone_3,1251.4,946,3,0,0.004,0,96.02,8.89,6.79,On-Time,513.07
1747,2024-03-01,Plant_B,M3,Solar,5.17,1552.28,60.76,3.71,6.85,0.83,Day,6.6,68.23,Zone_2,818.88,568,4,0,0.0097,0,149.19,10.18,7.38,On-Time,335.74
1748,2024-02-07,Plant_B,M5,Solar,3.72,1531.01,60.97,3.92,5.32,0.83,Weekend,1.0,63.82,Zone_2,1221.39,935,7,0,0.0116,0,255.01,16.49,10.38,On-Time,500.77
1749,2025-05-15,Plant_C,M4,Laminated,9.02,1532.97,68.75,2.69,6.04,0.85,Weekend,1.5,70.32,Zone_1,1494.33,1026,77,28,0.1085,1,2299.45,25.67,34.91,Delayed,612.68
1750,2025-05-09,Plant_C,M5,Float,4.34,1506.63,48.97,2.83,7.3,0.79,Weekend,2.9,69.25,Zone_2,752.71,756,3,0,0.0053,0,44.41,22.73,10.52,Delayed,308.61
1751,2025-01-19,Plant_A,M1,Tempered,6.39,1511.62,82.48,3.48,6.06,0.9,Day,8.7,60.76,Zone_1,1178.53,1126,7,0,0.009,0,169.69,4.78,0.17,On-Time,483.2
1752,2025-03-24,Plant_A,M1,Solar,5.46,1542.78,68.89,3.49,7.44,0.95,Day,8.4,61.54,Zone_3,632.56,506,2,0,0.0057,0,66.14,16.87,1.55,On-Time,259.35
1753,2025-05-13,Plant_A,M5,Solar,5.62,1539.41,78.53,3.61,5.14,0.89,Day,6.7,70.91,Zone_2,1501.1,1175,4,0,0.0046,0,125.25,10.06,6.89,On-Time,615.45
1754,2024-10-28,Plant_C,M3,Laminated,7.5,1510.46,93.13,3.89,4.69,0.83,Night,5.9,46.96,Zone_2,599.34,434,3,0,0.0093,0,96.19,6.29,12.12,On-Time,245.73
1755,2024-06-18,Plant_A,M3,Tempered,9.84,1573.89,89.32,3.45,5.78,0.89,Night,3.3,48.21,Zone_3,664.25,501,52,17,0.1406,1,1210.42,28.18,30.71,Delayed,272.34
1756,2024-09-14,Plant_B,M4,Tempered,8.63,1553.84,58.78,3.09,5.06,0.86,Weekend,5.9,44.37,Zone_3,799.79,602,2,0,0.0045,0,51.55,20.81,15.77,On-Time,327.91
1757,2024-05-18,Plant_A,M5,Solar,3.9,1528.42,63.88,3.68,7.23,0.91,Day,9.7,59.74,Zone_2,1454.4,1179,7,0,0.0073,0,249.16,0.0,0.54,On-Time,596.3
1758,2025-04-26,Plant_A,M1,Laminated,13.16,1498.33,65.35,2.6,5.17,0.88,Night,5.3,71.08,Zone_1,873.73,757,3,0,0.0049,0,95.9,7.67,9.95,On-Time,358.23
1759,2025-04-14,Plant_B,M1,Float,4.01,1492.03,45.8,2.88,7.94,0.83,Night,2.7,60.83,Zone_3,588.56,654,21,6,0.0557,1,304.05,28.76,31.32,Delayed,241.31
1760,2024-12-24,Plant_C,M5,Tempered,7.83,1546.28,61.66,3.37,6.75,0.89,Day,3.4,48.97,Zone_1,1231.44,964,5,0,0.0088,0,112.46,0.0,3.94,On-Time,504.89
1761,2024-10-08,Plant_B,M4,Laminated,10.62,1524.85,102.13,3.07,5.3,0.84,Day,7.3,43.74,Zone_2,1120.04,805,6,0,0.009,0,180.27,4.45,10.72,On-Time,459.22
1762,2024-07-26,Plant_A,M5,Tempered,7.08,1502.96,78.81,3.5,6.69,0.94,Day,5.4,47.76,Zone_1,536.34,526,3,0,0.0084,0,74.24,6.58,4.72,On-Time,219.9
1763,2024-09-26,Plant_C,M1,Tempered,9.23,1526.84,74.4,3.59,6.54,0.86,Night,5.2,42.21,Zone_3,825.11,700,7,0,0.0118,0,178.7,29.5,12.98,Delayed,338.3
1764,2025-01-27,Plant_B,M5,Laminated,8.87,1475.74,65.04,3.35,5.76,0.94,Weekend,0.8,70.58,Zone_3,964.23,841,4,0,0.0071,0,117.23,19.39,15.17,On-Time,395.33
1765,2025-04-29,Plant_A,M2,Float,5.83,1461.27,50.68,2.16,9.01,0.94,Night,3.1,63.84,Zone_1,641.76,794,29,10,0.0489,1,427.23,18.15,24.42,On-Time,263.12
1766,2024-05-30,Plant_A,M2,Solar,4.81,1539.7,65.62,3.95,7.23,0.96,Weekend,6.0,62.19,Zone_2,1162.34,903,27,9,0.0483,1,884.04,35.47,28.33,Delayed,476.56
1767,2024-02-23,Plant_A,M5,Solar,4.06,1495.26,71.38,4.16,5.44,0.98,Day,4.3,60.35,Zone_2,897.48,818,79,27,0.1089,1,2837.24,16.67,20.8,Delayed,367.97
1768,2025-05-27,Plant_A,M2,Solar,3.92,1526.62,87.94,4.14,4.69,0.89,Day,5.1,64.98,Zone_2,805.13,652,3,0,0.0058,0,109.1,23.21,22.88,Delayed,330.1
1769,2024-12-29,Plant_B,M5,Laminated,10.14,1542.44,64.55,3.33,6.9,0.87,Night,7.2,60.23,Zone_3,693.54,494,3,0,0.0091,0,82.31,6.72,8.41,On-Time,284.35
1770,2024-06-19,Plant_C,M3,Tempered,4.31,1559.93,55.95,3.5,5.24,0.98,Night,3.7,65.58,Zone_3,589.21,425,2,0,0.009,0,46.23,23.48,14.69,Delayed,241.58
1771,2024-09-13,Plant_C,M1,Solar,4.46,1569.03,54.59,3.62,6.5,0.83,Night,8.1,31.9,Zone_1,1030.16,694,38,14,0.0792,1,1313.88,46.52,30.64,Delayed,422.37
1772,2025-01-09,Plant_B,M3,Solar,3.55,1543.11,57.74,3.3,5.92,0.91,Day,11.3,55.78,Zone_3,1073.28,770,4,0,0.0089,0,136.94,15.62,2.29,On-Time,440.04
1773,2024-07-14,Plant_B,M3,Tempered,7.67,1554.54,59.04,3.21,5.84,0.84,Weekend,0.5,49.83,Zone_1,656.8,497,31,9,0.0955,1,781.46,50.18,19.51,Delayed,269.29
1774,2025-01-04,Plant_C,M2,Float,6.02,1504.76,65.14,2.29,7.75,0.91,Night,4.6,57.52,Zone_2,1028.44,1025,4,0,0.005,0,71.11,26.6,15.75,Delayed,421.66
1775,2025-01-12,Plant_B,M5,Float,5.37,1489.33,50.29,2.75,7.77,0.86,Night,9.4,46.04,Zone_1,547.32,599,2,0,0.0049,0,35.36,14.84,12.61,On-Time,224.4
1776,2025-05-05,Plant_B,M1,Laminated,6.36,1477.89,82.55,3.65,5.92,0.91,Day,9.8,55.59,Zone_1,683.36,607,3,0,0.0091,0,84.26,1.8,2.88,On-Time,280.18
1777,2024-02-01,Plant_C,M4,Solar,5.11,1559.06,68.41,3.08,6.27,0.93,Day,6.0,58.16,Zone_2,1483.58,984,9,0,0.0103,0,290.31,16.2,5.05,On-Time,608.27
1778,2024-04-16,Plant_A,M3,Float,7.23,1473.34,44.25,2.69,6.15,0.95,Night,3.1,49.4,Zone_3,794.74,921,5,0,0.0066,0,85.48,14.65,11.48,On-Time,325.84
1779,2024-06-30,Plant_A,M1,Solar,3.12,1484.83,56.07,3.77,5.89,0.85,Night,6.3,42.36,Zone_1,1226.29,1172,72,19,0.0986,1,2530.14,24.67,23.91,Delayed,502.78
1780,2024-03-04,Plant_B,M1,Laminated,11.86,1503.86,62.36,3.9,7.22,0.91,Weekend,2.7,68.13,Zone_1,1209.88,972,89,32,0.1087,1,2869.71,30.64,31.23,Delayed,496.05
1781,2024-01-18,Plant_B,M3,Tempered,9.2,1559.25,80.47,2.87,5.79,0.9,Weekend,2.9,63.3,Zone_3,623.82,465,3,0,0.0084,0,68.33,24.37,16.44,Delayed,255.77
1782,2025-01-10,Plant_C,M1,Solar,3.64,1553.67,71.77,3.52,5.27,0.82,Day,5.5,59.4,Zone_3,838.6,594,4,0,0.0076,0,134.51,23.12,11.68,Delayed,343.83
1783,2024-03-07,Plant_A,M5,Tempered,8.75,1477.29,82.93,3.31,6.97,0.92,Night,6.6,75.97,Zone_1,572.8,614,39,12,0.0734,1,984.34,40.59,29.06,Delayed,234.85
1784,2024-02-15,Plant_B,M5,Tempered,11.85,1564.02,68.3,3.09,7.41,0.88,Night,2.4,54.09,Zone_2,1267.87,971,72,29,0.1106,1,1873.13,32.44,24.47,Delayed,519.83
1785,2024-01-04,Plant_B,M3,Laminated,7.05,1518.44,73.8,2.53,4.03,0.92,Day,5.9,59.07,Zone_2,951.31,701,5,0,0.0104,0,139.49,15.83,7.49,On-Time,390.04
1786,2024-03-29,Plant_C,M4,Float,4.7,1491.84,45.1,3.35,6.1,0.84,Day,9.1,77.5,Zone_1,436.35,421,25,5,0.0741,1,443.09,27.7,25.6,Delayed,178.9
1787,2024-03-29,Plant_A,M3,Float,5.27,1473.21,50.85,2.49,6.58,0.99,Night,4.4,76.18,Zone_1,622.88,717,2,0,0.004,0,33.13,12.62,24.07,On-Time,255.38
1788,2025-01-18,Plant_B,M1,Tempered,7.14,1539.31,87.93,3.74,7.95,0.92,Day,4.5,64.42,Zone_3,943.11,790,5,0,0.0118,0,128.85,13.54,13.79,On-Time,386.68
1789,2024-07-14,Plant_C,M2,Laminated,12.4,1514.57,93.4,2.53,4.7,0.9,Day,4.7,52.27,Zone_3,1527.48,1130,5,0,0.006,0,147.66,14.32,8.18,On-Time,626.27
1790,2024-10-12,Plant_A,M5,Laminated,13.76,1492.07,77.17,2.88,6.23,0.88,Day,3.7,47.43,Zone_1,1117.44,969,7,0,0.0092,0,193.02,5.42,11.39,On-Time,458.15
1791,2024-07-23,Plant_A,M3,Laminated,10.1,1479.62,101.96,3.25,4.64,0.97,Night,2.1,51.32,Zone_2,664.12,577,27,10,0.056,1,742.74,18.92,20.29,On-Time,272.29
1792,2024-12-29,Plant_C,M3,Laminated,8.8,1528.94,95.37,3.53,5.52,0.84,Night,3.2,57.43,Zone_3,1540.73,1078,6,0,0.0099,0,187.84,0.99,4.6,On-Time,631.7
1793,2024-06-23,Plant_A,M5,Solar,5.04,1520.4,62.28,3.49,5.06,0.96,Day,4.4,60.55,Zone_3,552.64,465,2,0,0.0061,0,72.29,23.81,0.0,Delayed,226.58
1794,2025-03-20,Plant_B,M3,Tempered,5.35,1551.56,55.85,3.47,6.55,0.92,Day,6.7,71.51,Zone_3,1198.89,928,5,0,0.0078,0,109.45,16.63,0.0,On-Time,491.54
1795,2024-10-02,Plant_A,M5,Tempered,9.33,1510.22,59.1,3.4,6.96,0.88,Day,5.9,42.92,Zone_2,1092.28,1036,6,0,0.0071,0,139.6,2.19,5.95,On-Time,447.83
1796,2024-04-28,Plant_C,M2,Solar,3.01,1538.1,62.39,3.47,6.93,0.97,Day,4.8,61.83,Zone_3,946.93,683,3,0,0.0073,0,102.11,15.31,1.72,On-Time,388.24
1797,2025-01-21,Plant_C,M5,Float,7.97,1505.4,62.26,3.27,6.32,0.85,Day,7.1,56.19,Zone_1,539.87,547,5,0,0.0101,0,87.08,18.62,0.0,On-Time,221.35
1798,2024-01-09,Plant_A,M4,Solar,3.04,1546.84,55.72,3.79,6.65,0.8,Day,4.9,50.86,Zone_3,762.88,557,5,0,0.0116,0,162.47,2.55,4.13,On-Time,312.78
1799,2024-07-10,Plant_B,M3,Tempered,4.58,1539.92,68.91,3.6,4.76,0.73,Day,5.5,61.47,Zone_1,615.43,485,5,0,0.0108,0,108.39,11.5,0.0,On-Time,252.33
1800,2025-03-25,Plant_C,M4,Solar,4.44,1545.45,69.31,3.61,6.43,0.99,Night,2.7,71.23,Zone_2,1259.64,867,7,0,0.0103,0,241.8,20.97,12.26,On-Time,516.45
